id,source_website,source_label,source_url,geo_validation,author,review_date,rating,sentiment,review_text,tier1,tier2,tier3
rvw-000878,google.com,Google Business Profile (ADESA Chicago),https://www.google.com/maps/reviews/data=!4m8!14m7!1m6!2m5!1sCi9DQUlRQUNvZENodHljRjlvT25scGVqQk5NMDlSTkRWemFIUnVjVzQxV0hsbVVFRRAB!2m1!1s0x0:0x29cf546c41c2f6ff!3m1!1s2@1:CAIQACodChtycF9oOnlpejBNM09RNDVzaHRucW41WHlmUEE%7C%7C?hl=en,google_business_us_profile,marco uri,2026-09-29,5,positive,Lots of great cars for auction.,Membership / Licensing / Fees & Bidding Policies,"Bidding Process, Rules and Fees",How to Bid (First Time)
rvw-000879,google.com,Google Business Profile (ADESA Orlando),https://www.google.com/maps/reviews/data=!4m8!14m7!1m6!2m5!1sCi9DQUlRQUNvZENodHljRjlvT2xkSVYyMUhUVkpaYlRSdmJYa3hWMUpDVTFKWU1HYxAB!2m1!1s0x0:0x2b5dc383485f1e3b!3m1!1s2@1:CAIQACodChtycF9oOldIV21HTVJZbTRvbXkxV1JCU1JYMGc%7C%7C?hl=en,google_business_us_profile,Mohammad,2026-09-28,1,negative,"I HIGHLY HIGHLY SUGGEST TO ANYONE ATTENDING THIS AUCTION RECORD YOUR PROXY BIDS! THEY WILL FISH OUT YOUR PROXY AND BACK THE NUMBER BACK DOWN TO SELL IT TO YOU! THEY DO IT EVERY SINGLE WEEK! EXTREMELY UNETHICAL TEAM HERE! They also will FAVOR the Seller ""Tesla MOTORS"" and anytime you have any issue with a car they will force you to buy it. BEWARE OF THIS AUCTION. Told auctioneer that this proxy was incorrect BEFORE the car ran, and he continued to run up the bid. BUYERS BEWARE",Customer Service & Communication,Agent Professionalism & Responsiveness,Rude/Unhelpful Support
rvw-000880,google.com,Google Business Profile (ADESA Salt Lake),https://www.google.com/maps/reviews/data=!4m8!14m7!1m6!2m5!1sCi9DQUlRQUNvZENodHljRjlvT2taRlJYaGtTMmhyZGxKa1NIUnhVRk5YU21kcGExRRAB!2m1!1s0x0:0x4f1eae3fc675601b!3m1!1s2@1:CAIQACodChtycF9oOkZFRXhkS2hrdlJkSHRxUFNXSmdpa1E%7C%7C?hl=en,google_business_us_profile,Sadie Cook,2026-09-28,1,negative,"Sarah (Or Sara), who answered the phone multiple times while I was trying to figure out retrieving my vehicle, had horrible phone manners. She was short, entirely unhelpful, and just plain rude. I was genuinely just asking for help, not sure why my documents weren’t received, and she acted as if it were my fault. I felt very unhelped, so I told her that she must be having a bad day and that I would just call back tomorrow, and she almost immediately hung up the phone. Horrible experience. I guess I didn’t choose this company to work through, so this is more so a warning for people who will have to deal with retrieving their vehicles in the future that you may have to deal with crappy phone etiquette. Anywho, Sarah, I hope your life treats you better so that you can treat others better ❣️ This was already an extremely stressful situation for me, and you definitely made it worse! Don’t put other people through that.",Customer Service & Communication,Communication Follow-up & Escalation,No Callback / Unresolved Case
rvw-000881,birdeye.com,Birdeye (Google),https://reviews.birdeye.com/adesa-phoenix-166641883198682#review-1,birdeye_us_profile,Tin Al,2026-09-23,,positive,"This location is epic. Not accounting friendly, do not wire for purchases, first they block you, then they use your $ for 2 weeks, and god bless you get your $ back, managment never calls you back. Auto Hunters.","Payment Refunds, Transaction Issues and Deposits",Wire Transfer Payments,Wire Pending/Posting Delay
rvw-000882,apps.apple.com,"Apple App Store (1660253652, us)",https://itunes.apple.com/us/review?id=1660253652&type=Purple%20Software&reviewId=14555818858,apple_us_store,DesertSky007,2026-09-16,4,positive,"Not bad. Best dealer auction app.. Not bad. Beat dealer auction app, but that’s not saying a lot. It’s worlds better than Manheim and Carmax Auctions.",Account / Access / Login,Password Reset & Login Troubleshooting,App Login Troubleshooting
rvw-000883,google.com,Google Business Profile (ADESA Raleigh),https://www.google.com/maps/reviews/data=!4m8!14m7!1m6!2m5!1sCi9DQUlRQUNvZENodHljRjlvT2s1S1IySkZXbGhTTkdoYUxVbHFkMGhGWDNKUGRtYxAB!2m1!1s0x0:0xd66dd4b29022f5b8!3m1!1s2@1:CAIQACodChtycF9oOk5KR2JFWlhSNGhaLUlqd0hFX3JPdmc%7C%7C?hl=en,google_business_us_profile,Jorge Buaiz,2026-09-15,1,negative,"Very disappointing experience with ADESA Raleigh. On September 4, I purchased a 2018 Hyundai Tucson through ADESA as a Green Light vehicle. The vehicle was presented without warning lights or disclosed mechanical problems, with only minor cosmetic issues. Unfortunately, after the purchase, a serious engine problem was discovered. I reported the issue and provided documentation, including a mechanic’s report and a written statement explaining the situation. On September 10, I personally spoke with a manager who told me that they would review the case and consider whether ADESA could provide a reimbursement or some form of financial compensation. I also provided my email address so they could contact me. Days later, I still have not received an email, an update, or even a simple acknowledgment regarding the status of my case. My complaint is not only about whether ADESA ultimately decides to compensate me. What I find unacceptable is the lack of communication and customer consideration. When a dealer purchases a Green Light vehicle and subsequently discovers a serious mechanical problem, the very least a customer should expect is a timely and professional response. I have purchased vehicles from ADESA in consecutive weeks, and this experience has seriously affected my confidence in doing business with this location. I hope ADESA Raleigh management reviews this situation and provides a proper response.",Customer Service & Communication,Agent Professionalism & Responsiveness,Rude/Unhelpful Support
rvw-000884,bbb.org,BBB Complaints,http://www.bbb.org/us/ca/san-diego/profile/auto-auction/adesa-san-diego-1126-23000806/complaints#1126_23000806_25278218,bbb_us_business,BBB complainant,2026-09-15,1,negative,"Service or Repair Issues complaint (Resolved). i bought a car from ADESA San Diego and from the pictures in the listing the gear shifter is clearly in the picture and on the car and when the dealer transport picked up the car it was missing someone stole it took it reused it i do not know i have contacted the business and they tell me pretty much i am out of the money. ADESA has a 10 day policy about filing it with them and i filed it on the 10 day after someone within ADESA San Diego told me it was within the period to file. There is fraud or something not right about this how they can sale cars to dealers and steal parts from it before it leaves there location i didn't buy a car with missing parts i bought one with all the parts according to there pictures and listing ## Adesa San Diego is NOT a BBB Accredited Business. To become accredited, a business must agree to[BBB Standards for Trust](https://www.bbb.org/all/standards-for-trust)and pass BBB's vetting process. [Why choose a BBB Accredited Business?](https://www.bbb.org/all/why-choose-a-bbb-accredited-business) BBB Business Profiles are provided solely to assist you in exercising your own best judgment. BBB does not verify the accuracy of information provided by third parties, and does not guarantee the accuracy of any information in Business Profiles. As a matter of policy, BBB does not endorse any product, service, or business. Businesses are under no obligation to seek BBB accreditation, and some businesses are not accredited because they have not sought BBB accreditation. When considering complaint information, please consider the company's size and volume of transactions. Note that the nature of complaints and a company’s responses to them are often more important than the number of complaints. BBB Business Profiles generally cover a three-year reporting period. [![Image 9: BBB](https://m.bbb.org/brand/logos/BBB_PrimaryLogo_White_RGB.svg)](https://www.bbb.org/)TM ## For Consumers * [Get a Quote](http://www.bbb.org/get-a-quote) * [Start a Review](http://www.bbb.org/leave-a-review) * [File a Complaint](http://www.bbb.org/file-a-complaint) ## For Businesses * [Get Your Business Listed](http://www.bbb.org/get-listed) * [BBB Accreditation](http://www.bbb.org/get-accredited) * [Apply for BBB Accreditation](http://www.bbb.org/apply) * [Newsroom and Resources](http://www.bbb.org/us/news) ## Affiliated Programs * [BBB Institute for Marketplace Trust](https://www.bbbmarketplacetrust.org/) * [BBB Wise Giving Alliance (Give.org)](https://give.org/) * [BBB National Programs](https://bbbprograms.org/) * [our Twitter (opens in a new tab)](https://x.com/bbb_us) * [our LinkedIn (opens in a new tab)](https://www.linkedin.com/company/better-business-bureau/) * [our Facebook (opens in a new tab)](https://www.facebook.com/BetterBusinessBureau) * [our Instagram (opens in a new tab)](https://www.instagram.com/betterbusinessbureau_/) * [About BBB®](http://www.bbb.org/about) * [Terms of Use](http://www.bbb.org/terms-of-use) * [Privacy Policy](http://www.bbb.org/all/privacy-policy) * [Contact Us](http://www.bbb.org/about/find-your-local-bbb) © 2026 International Association of Better Business Bureaus, Inc. (IABBB). All rights reserved. All trademarks are property of IABBB.",Customer Service & Communication,Agent Professionalism & Responsiveness,Rude/Unhelpful Support
rvw-000885,google.com,Google Business Profile (ADESA Phoenix),https://www.google.com/maps/reviews/data=!4m8!14m7!1m6!2m5!1sCi9DQUlRQUNvZENodHljRjlvT2pOQ00xcExRME00YW1SV1JUSkxjVmhaVDFkTWNHYxAB!2m1!1s0x0:0x5e1b863ca8625930!3m1!1s2@1:CAIQACodChtycF9oOjNCM1pLQ0M4amRWRTJLcVhZT1dMcGc%7C%7C?hl=en,google_business_us_profile,Tin Al,2026-09-14,1,negative,"This location is epic. Not accounting friendly, do not wire for purchases, first they block you, then they use your $ for 2 weeks, and god bless you get your $ back, managment never calls you back. Auto Hunters.","Payment Refunds, Transaction Issues and Deposits",Wire Transfer Payments,Wire Pending/Posting Delay
rvw-000886,apps.apple.com,"Apple App Store (1660253652, us)",https://itunes.apple.com/us/review?id=1660253652&type=Purple%20Software&reviewId=14541403169,apple_us_store,neeszy,2026-09-12,1,negative,"The worst interface. For being such a large corporation, this app, as well as their online website, has to be the worst interface. There is no way to view any if bids that are awaiting an answer. There is also no way to see any vehicles that we have run through the sale. If you don’t call in to ADESA, you’re left with nothing but questions. Any other auction platform has everything listed clearly and efficiently. You can see pending bids on your inventory as well as the purchases that are made. Step up ADESA. Meet the current needs of your customers. Stop pushing an app that is only geared toward ADESA Clear.","Vehicle Pickup, Delivery and Scheduling",Tow and Storage Charges,Tow and Storage Fees
rvw-000887,apps.apple.com,"Apple App Store (1660253652, us)",https://itunes.apple.com/us/review?id=1660253652&type=Purple%20Software&reviewId=14531105826,apple_us_store,kikelmonster,2026-09-09,1,negative,Sell screen. Buy fees are as high as 40% on cheap cars total rip off Covid is over stop taking advantage of us,Membership / Licensing / Fees & Bidding Policies,"Bidding Process, Rules and Fees",Fees
rvw-000888,apps.apple.com,"Apple App Store (1660253652, us)",https://itunes.apple.com/us/review?id=1660253652&type=Purple%20Software&reviewId=14530980560,apple_us_store,passanger 230,2026-09-09,1,negative,A. Worst app in my life,Account / Access / Login,Password Reset & Login Troubleshooting,App Login Troubleshooting
rvw-000889,google.com,Google Business Profile (ADESA Golden Gate),https://www.google.com/maps/reviews/data=!4m8!14m7!1m6!2m5!1sCi9DQUlRQUNvZENodHljRjlvT25ScGEyOVlYekpzVTJOWGFYZ3RVRFpqYjJ4YVNIYxAB!2m1!1s0x0:0x1314b726513d9a91!3m1!1s2@1:CAIQACodChtycF9oOnRpa29YXzJsU2NXaXgtUDZjb2xaSHc%7C%7C?hl=en,google_business_us_profile,Fatima Moimoi,2026-09-08,1,negative,"As far as repo redemption goes the communication is completely off amongst the staff. I was picking up a repo redemption on my uncles behalf. When I first contacted them to ensure I came with everything I needed. I spoke to Regina, she stated I needed a cashiers check, a repossession fee receipt from the police station, and my ID. When picking up the vehicle, I provided everything that Regina stated I needed. Then at the end of the day my uncle receives a voicemail stating that the cashiers check was not needed. I contacted the office spoke to Deana arranged for the check to be picked up. When my husband arrived to pick up the check they provided a receipt and the check stub. The cashiers check was not attached. When contacting the office again I spoke to Deana while on the phone she’s asking another staff member about the check not being attached, it was almost as they were insinuating that my husband teared the check himself. Then Deanna stated she was going to speak to accounting and give me a call back. I never got a call back. This pick up could have been smooth but due to the lack of communication the experience turned out to be completely frustrating.",Customer Service & Communication,Communication Follow-up & Escalation,No Callback / Unresolved Case
rvw-000890,google.com,Google Business Profile (ADESA Knoxville),https://www.google.com/maps/reviews/data=!4m8!14m7!1m6!2m5!1sCi9DQUlRQUNvZENodHljRjlvT2tGd1NreFRkekZJUjFKME1qWlNVRVp5VkRadE9IYxAB!2m1!1s0x0:0xbe432126bb6ab401!3m1!1s2@1:CAIQACodChtycF9oOkFwSkxTdzFIR1J0MjZSUEZyVDZtOHc%7C%7C?hl=en,google_business_us_profile,Chrissy Wilson,2026-09-08,1,negative,"Rudest people ever. Went to pick up my car, completely drained of gas. When my tag was removed, they took the tag bolts. Just pay ya car note so you don’t have to deal with them. 🤣",Customer Service & Communication,Agent Professionalism & Responsiveness,Rude/Unhelpful Support
rvw-000891,birdeye.com,Birdeye (Google),https://reviews.birdeye.com/adesa-phoenix-166641883198682#review-2,birdeye_us_profile,Mike Mccabe,2026-09-07,,positive,out of all the auctions in the valley Adesa has always been my favorite one to goto. Great selection of cars and the people that make it function so well are the greatest and so friendly and helpful. I have a long history of over 25+ years using them as my goto auction which was my dad's favorite auto auction before me.. if you have you dealers liscense this is the place to go for great inventory cars,Customer Service & Communication,Agent Professionalism & Responsiveness,Helpful Support Experience
rvw-000892,google.com,Google Business Profile (ADESA Boston),https://www.google.com/maps/reviews/data=!4m8!14m7!1m6!2m5!1sCi9DQUlRQUNvZENodHljRjlvT2poS1lVczVPR0ZsY0ZwRVJEbHJiWG81TFZOdlJGRRAB!2m1!1s0x0:0x159ea0564a37c95b!3m1!1s2@1:CAIQACodChtycF9oOjhKYUs5OGFlcFpERDlrbXo5LVNvRFE%7C%7C?hl=en,google_business_us_profile,Alan,2026-09-05,1,negative,"Hours says pickup hours M-F 6am-11pm Got there at 9pm and got turned away. Says they close at 8pm. Hours also says not open Saturday , but he said they are open at 7am. Wasted 3hrs of driving.","Vehicle Pickup, Delivery and Scheduling",Scheduled Pickup Status,Pickup Hours and Cutoff
rvw-000893,google.com,Google Business Profile (ADESA Des Moines),https://www.google.com/maps/reviews/data=!4m8!14m7!1m6!2m5!1sCi9DQUlRQUNvZENodHljRjlvT25sME9GcFlhRzFvY21KcmRrTjJabGt6TlRWb2RHYxAB!2m1!1s0x0:0xe62c0bc75de04bd1!3m1!1s2@1:CAIQACodChtycF9oOnl0OFpYaG1ocmJrdkN2ZlkzNTVodGc%7C%7C?hl=en,google_business_us_profile,Iridisent,2026-09-02,1,negative,"These guys are insane level of incompetence, they will tell you that they call you back and never do that, they will send you wrong title and don’t care about that. Arbitration department “accidentally” do not respond",Customer Service & Communication,Communication Follow-up & Escalation,No Callback / Unresolved Case
rvw-000794,google.com,Google Business Profile (ADESA Houston),https://www.google.com/maps/reviews/data=!4m8!14m7!1m6!2m5!1sCi9DQUlRQUNvZENodHljRjlvT25aVVIybHVUMjU1ZGpGNk5WUTJUVEptWmtWSlRYYxAB!2m1!1s0x0:0x6694235793d530dc!3m1!1s2@1:CAIQACodChtycF9oOnZUR2luT255djF6NVQ2TTJmZkVJTXc%7C%7C?hl=en,google_business_us_profile,magdaly acosta,2026-08-28,1,negative,"My son bought a car at this auction; since it had an engine noise, he parked it in front of the administrative office. When he went back for it—surprise—someone had taken the car. The auction's response was simply that cars get stolen from that parking lot! Please keep this in mind so it doesn't happen to anyone else; it’s a very unpleasant experience!",Customer Service & Communication,Agent Professionalism & Responsiveness,Rude/Unhelpful Support
rvw-000795,google.com,Google Business Profile (ADESA Los Angeles),https://www.google.com/maps/reviews/data=!4m8!14m7!1m6!2m5!1sCi9DQUlRQUNvZENodHljRjlvT25kM1ptNVFNalZoT1dRd1NqbE5RMHROY0RCclprRRAB!2m1!1s0x0:0x65b0cf8a3592e7e!3m1!1s2@1:CAIQACodChtycF9oOnd3Zm5QMjVhOWQwSjlNQ0tNcDBrZkE%7C%7C?hl=en,google_business_us_profile,Wendy Nolasco,2026-08-28,1,negative,"This place is a scam, my car is about to be put for auction, without my consent, even with my title in hand. Manager asked me to call the police, he said everything was going to be ok, when police arrived to the business, the workers accused me of trespassing to the police. My car was originally stolen from my home a while ago, and I was told to come here to pick up my car. They refused to give it to me over and over again, even when showing them the proper paperwork and documents, proving the car was mine. Now my car is placed as ""repo"" - and they wont give it back to me. BE CAREFUL !!!!!!!!!!!!!!!!!!!",Customer Service & Communication,Agent Professionalism & Responsiveness,Rude/Unhelpful Support
rvw-000796,birdeye.com,Birdeye (Google),https://reviews.birdeye.com/adesa-los-angeles-167825716184717#review-1,birdeye_us_profile,Wendy Nolasco,2026-08-28,,negative,"This place is a scam, my car is about to be put for auction, without my consent, even with my title in hand. Manager asked me to call the police, he said everything was going to be ok, when police arrived to the business, the workers accused me of trespassing to the police. My car was originally stolen from my home a while ago, and I was told to come here to pick up my car. They refused to give it to me over and over again, even when showing them the proper paperwork and documents, proving the car was mine. Now my car is pla... read more",Customer Service & Communication,Agent Professionalism & Responsiveness,Rude/Unhelpful Support
rvw-000797,birdeye.com,Birdeye (Google),https://reviews.birdeye.com/adesa-los-angeles-167825716184717#review-3,birdeye_us_profile,Los Blancos Group,2026-08-26,,negative,the worst auction ever!! &@&@ You'all,Membership / Licensing / Fees & Bidding Policies,"Bidding Process, Rules and Fees",Fees
rvw-000798,birdeye.com,Birdeye (Google),https://reviews.birdeye.com/adesa-phoenix-166641883198682#review-1,birdeye_us_profile,Mike Mccabe,2026-08-26,,positive,out of all the auctions in the valley Adesa has always been my favorite one to goto. Great selection of cars and the people that make it function so well are the greatest and so friendly and helpful. I have a long history of over 25+ years using them as my goto auction which was my dad's favorite auto auction before me.. if you have you dealers liscense this is the place to go for great inventory cars,Customer Service & Communication,Agent Professionalism & Responsiveness,Helpful Support Experience
rvw-000799,google.com,Google Business Profile (ADESA Birmingham),https://www.google.com/maps/reviews/data=!4m8!14m7!1m6!2m5!1sCi9DQUlRQUNvZENodHljRjlvT21SZlpraGhYMWQ1TlhoRGEySkJZemgwWlRCdmFrRRAB!2m1!1s0x0:0xf16f6e5c92888c0f!3m1!1s2@1:CAIQACodChtycF9oOmRfZkhhX1d5NXhDa2JBYzh0ZTBvakE%7C%7C?hl=en,google_business_us_profile,TA Auto Express,2026-08-25,1,negative,didn't like their customer support at all. no answer for calls.,Customer Service & Communication,Support Access & Response Time,Long Hold Time / Hard to Reach Support
rvw-000800,google.com,Google Business Profile (ADESA Phoenix),https://www.google.com/maps/reviews/data=!4m8!14m7!1m6!2m5!1sCi9DQUlRQUNvZENodHljRjlvT25JeU5VRnBiV05zUWpCT1NHOHdaV3d4UTB4blpWRRAB!2m1!1s0x0:0x5e1b863ca8625930!3m1!1s2@1:CAIQACodChtycF9oOnIyNUFpbWNsQjBOSG8wZWwxQ0xnZVE%7C%7C?hl=en,google_business_us_profile,Mike Mccabe,2026-08-23,5,positive,out of all the auctions in the valley Adesa has always been my favorite one to goto. Great selection of cars and the people that make it function so well are the greatest and so friendly and helpful. I have a long history of over 25+ years using them as my goto auction which was my dad's favorite auto auction before me.. if you have you dealers liscense this is the place to go for great inventory cars,Customer Service & Communication,Agent Professionalism & Responsiveness,Helpful Support Experience
rvw-000801,google.com,Google Business Profile (ADESA Boston),https://www.google.com/maps/reviews/data=!4m8!14m7!1m6!2m5!1sCi9DQUlRQUNvZENodHljRjlvT2pSaFlVVnpUek5YTkU1UGNXMWZhVlo2VnpRNFYwRRAB!2m1!1s0x0:0x159ea0564a37c95b!3m1!1s2@1:CAIQACodChtycF9oOjRhYUVzTzNXNE5PcW1faVZ6VzQ4V0E%7C%7C?hl=en,google_business_us_profile,jason tokarski,2026-08-22,1,negative,"Arbitration is a joke buy a $66,000 2023 corvette rated at a 5 star and a/c pump is seized up and no belt and missing a/c cover plate totalling over $2000 in damage and they say it doesn't meet the $1320 threshold for a claim . The math isn't mathing here I think they need to go back to grade school and learn to add","Lot Condition, Listing Status and related",Lot Condition Reporting,Lot Damage
rvw-000802,google.com,Google Business Profile (ADESA Los Angeles),https://www.google.com/maps/reviews/data=!4m8!14m7!1m6!2m5!1sCi9DQUlRQUNvZENodHljRjlvT2pnd1Ewb3haMDl1V21kdGMwaHFTRmR6TjBjelMxRRAB!2m1!1s0x0:0x65b0cf8a3592e7e!3m1!1s2@1:CAIQACodChtycF9oOjgwQ0oxZ09uWmdtc0hqSFdzN0czS1E%7C%7C?hl=en,google_business_us_profile,Los Blancos Group,2026-08-21,1,negative,the worst auction ever!! &@&@ You'all,Membership / Licensing / Fees & Bidding Policies,"Bidding Process, Rules and Fees",Fees
rvw-000803,google.com,Google Business Profile (ADESA New Jersey),https://www.google.com/maps/reviews/data=!4m8!14m7!1m6!2m5!1sCi9DQUlRQUNvZENodHljRjlvT2pNNFREaG9RMEp1Y1cxclJFTk1TV1Y0WVVwQmRuYxAB!2m1!1s0x0:0xd01acd06305ff6fb!3m1!1s2@1:CAIQACodChtycF9oOjM4TDhoQ0JucW1rRENMSWV4YUpBdnc%7C%7C?hl=en,google_business_us_profile,Pink Army,2026-08-19,3,positive,Friendly staff. Lots of cars.,Customer Service & Communication,Agent Professionalism & Responsiveness,Helpful Support Experience
rvw-000804,birdeye.com,Birdeye (Google),https://reviews.birdeye.com/adesa-los-angeles-167825716184717#review-4,birdeye_us_profile,King Auto Sales Inc,2026-08-19,,negative,"One of the worst auction experiences I’ve had. ADESA Los Angeles arbitration has been a complete joke in my experience. I bought a green-light BMW that turned out to have major hidden problems. After going through arbitration and taking the vehicle back, the case was supposedly handled and closed. When I went to pick the BMW up, the check engine light was on, the car was blowing white smoke, and the brakes were in terrible condition. This is not what I expected from a vehicle sold under a green-light condition. What makes th... read more","Lot Condition, Listing Status and related",Lot Condition Reporting,Lot Damage
rvw-000805,birdeye.com,Birdeye (Google),https://reviews.birdeye.com/adesa-los-angeles-167825716184717#review-5,birdeye_us_profile,hripsime kanataryan,2026-08-19,,positive,"Spoke with Elizabeth at the Adesa, she was absolutely amazing and knowledgeable. Her professionalism came through",Customer Service & Communication,Agent Professionalism & Responsiveness,Helpful Support Experience
rvw-000806,google.com,Google Business Profile (ADESA Los Angeles),https://www.google.com/maps/reviews/data=!4m8!14m7!1m6!2m5!1sCi9DQUlRQUNvZENodHljRjlvT2xkTmIzbzVSM2RvUW1aa1EwdDJhM0I1Y2treFRHYxAB!2m1!1s0x0:0x65b0cf8a3592e7e!3m1!1s2@1:CAIQACodChtycF9oOldNb3o5R3doQmZkQ0t2a3B5ckkxTGc%7C%7C?hl=en,google_business_us_profile,King Auto Sales Inc,2026-08-17,1,negative,"One of the worst auction experiences I’ve had. ADESA Los Angeles arbitration has been a complete joke in my experience. I bought a green-light BMW that turned out to have major hidden problems. After going through arbitration and taking the vehicle back, the case was supposedly handled and closed. When I went to pick the BMW up, the check engine light was on, the car was blowing white smoke, and the brakes were in terrible condition. This is not what I expected from a vehicle sold under a green-light condition. What makes this even worse is the absolutely terrible communication. For FOUR MONTHS we have been calling trying to get answers. Almost every time we are told, “Someone will call you back.” Nobody calls. No proper follow-up, no coordination, and no one seems willing to take responsibility for getting the issue resolved. As a dealer, we rely on auctions to accurately represent vehicles and to have a functioning arbitration process when something goes wrong. Based on my experience, ADESA LA failed badly on both. What is the point of arbitration if you spend months chasing people just to get a response? This situation completely destroyed my confidence in buying from ADESA Los Angeles. I stopped purchasing vehicles from them because of how poorly this was handled. Losing a regular buyer should tell management how serious this problem is. If you are a dealer buying here, document EVERYTHING, inspect everything carefully, and do not assume that “green light” or arbitration means you will be protected if something goes wrong. My experience has been four months of headaches, unanswered calls, broken promises to call back, and zero meaningful resolution.",Customer Service & Communication,Communication Follow-up & Escalation,No Callback / Unresolved Case
rvw-000807,google.com,Google Business Profile (ADESA New Jersey),https://www.google.com/maps/reviews/data=!4m8!14m7!1m6!2m5!1sCi9DQUlRQUNvZENodHljRjlvT21GVVFuazNkVkYzVFVGSU1uTTRkMlpaWkMxTFUxRRAB!2m1!1s0x0:0xd01acd06305ff6fb!3m1!1s2@1:CAIQACodChtycF9oOmFUQnk3dVF3TUFIMnM4d2ZZZC1LU1E%7C%7C?hl=en,google_business_us_profile,Eid Atiyeh,2026-08-17,1,negative,Staff at operations were very unprofessional and rude. Waited 1 hour for someone to show up and when they did they were extremely rude.,Customer Service & Communication,Agent Professionalism & Responsiveness,Rude/Unhelpful Support
rvw-000894,reddit.com,Reddit r/carflipping,https://www.reddit.com/r/carflipping/comments/1vogot8/finding_inventory/,mixed_source_ok,Professional-You4708,2026-08-14,,positive,"Finding Inventory Where are you guys finding deals without having a dealer license. I usually look on facebook marketplace and craigslist daily but some days i don’t find any good deals sometimes takes weeks to land on a solid buy to flip. I know copart and iaa are options but not really looking to rebuild cars. I really want to make this full time but struggling to consistent deals. or should i just open a location and get the license to get access to dealers auctions like adesa,manhiem,etc. thanks btw im in boston location",Membership / Licensing / Fees & Bidding Policies,Auction Eligibility & Licensing,Unable to Bid
rvw-000808,google.com,Google Business Profile (ADESA Boston),https://www.google.com/maps/reviews/data=!4m8!14m7!1m6!2m5!1sCi9DQUlRQUNvZENodHljRjlvT2paek1ISmZWbXBHUlMxd2IyMVBOSE13TjNCV1JFRRAB!2m1!1s0x0:0x159ea0564a37c95b!3m1!1s2@1:CAIQACodChtycF9oOjZzMHJfVmpGRS1wb21PNHMwN3BWREE%7C%7C?hl=en,google_business_us_profile,T-PRO Tires,2026-08-14,5,positive,"Great experience, arbitration team is always on it with fast responses. I will keep doing business with them, the team is great!",Customer Service & Communication,Support Access & Response Time,Quick Support Response
rvw-000809,google.com,Google Business Profile (ADESA Concord),https://www.google.com/maps/reviews/data=!4m8!14m7!1m6!2m5!1sCi9DQUlRQUNvZENodHljRjlvT214MWFsRm5OVEpQTFdoV04wbGZUSFpmTmtSaWNtYxAB!2m1!1s0x0:0x657d5707422ca21!3m1!1s2@1:CAIQACodChtycF9oOmx1alFnNTJPLWhWN0lfTHZfNkRicmc%7C%7C?hl=en,google_business_us_profile,T-PRO Tires,2026-08-14,1,negative,"Very poor experience. Zero customer service. Zero professionalism from SAM. We purchased a vehicle that was sold as **Green Light and covered by the applicable guarantee**. We went through the arbitration process because the vehicle had a serious mechanical issue. The vehicle was not properly diagnosed and the focus was more on clearing the diagnostic codes than identifying the underlying problem. We are a mechanic shop ourselves, so we understand vehicle diagnostics and mechanical problems very well. The vehicle was taken to a mechanic, the codes were cleared, and the very next day the warning light came back on. What makes this even more concerning is that we personally witnessed Sam clearing the codes, and we have photographs documenting it. The arbitration process was extremely frustrating. Sam had plenty to say when dealing with the situation, but when I wanted to confront him directly about what was happening, he was nowhere to be found. We also could not find a general manager available at the auction to speak with or file a complaint with. The entire experience was extremely unprofessional and left us feeling like we were not being taken seriously. We are a mechanic shop and a legitimate business that does business in the automotive industry, and we expected to be treated fairly when purchasing a vehicle sold under a Green Light guarantee. Instead, we ended up stuck with a vehicle where the problem returned immediately after the codes were cleared. ADESA Concord has lost our business. We will no longer be buying vehicles there. A Green Light vehicle is supposed to give a buyer confidence that the vehicle meets the applicable auction standards and guarantee. Based on our experience, we did not feel that protection was taken seriously.",Customer Service & Communication,Agent Professionalism & Responsiveness,Rude/Unhelpful Support
rvw-000810,google.com,Google Business Profile (ADESA Jacksonville),https://www.google.com/maps/reviews/data=!4m8!14m7!1m6!2m5!1sCi9DQUlRQUNvZENodHljRjlvT25wc1kzaEVlbTFOTlZkTlJXWlFabTV5U1Y5MlVHYxAB!2m1!1s0x0:0x75945523880f8c83!3m1!1s2@1:CAIQACodChtycF9oOnpsY3hEem1NNVdNRWZQZm5ySV92UGc%7C%7C?hl=en,google_business_us_profile,Kalit Jaan,2026-08-14,5,positive,"I had a great experience at ADESA Auto Auction. The customer service was excellent, and the staff was very professional, friendly, helpful, and knowledgeable. Everything was handled smoothly and efficiently, and the whole process was easy and stress-free. I really appreciate the outstanding service and support. Highly recommended! I will definitely be back. 🚗👏",Customer Service & Communication,Agent Professionalism & Responsiveness,Helpful Support Experience
rvw-000811,google.com,Google Business Profile (ADESA Los Angeles),https://www.google.com/maps/reviews/data=!4m8!14m7!1m6!2m5!1sCi9DQUlRQUNvZENodHljRjlvT21wQ1VUaHNZekpMZGpCaE9VRXpPSGMwUlY5YVdHYxAB!2m1!1s0x0:0x65b0cf8a3592e7e!3m1!1s2@1:CAIQACodChtycF9oOmpCUThsYzJLdjBhOUEzOHc0RV9aWGc%7C%7C?hl=en,google_business_us_profile,hripsime kanataryan,2026-08-14,5,positive,"Spoke with Elizabeth at the Adesa, she was absolutely amazing and knowledgeable. Her professionalism came through",Customer Service & Communication,Agent Professionalism & Responsiveness,Helpful Support Experience
rvw-000812,google.com,Google Business Profile (ADESA Cleveland),https://www.google.com/maps/reviews/data=!4m8!14m7!1m6!2m5!1sCi9DQUlRQUNvZENodHljRjlvT2kxcU5IRTFibDlyTWtwNlZFTTNVMUU1V1ZscVZsRRAB!2m1!1s0x0:0x347271a59a45105!3m1!1s2@1:CAIQACodChtycF9oOi1qNHE1bl9rMkp6VEM3U1E5WVlqVlE%7C%7C?hl=en,google_business_us_profile,Mike Hein,2026-08-12,5,positive,"I see comments about rude staff. I used to come here all the time, as a public buyer. They have cut down on the public end. But I have to say, that this place has always been the smoothest, easiest place. Nick especially. I annoyed that guy for days about a specific vehicle and he could not have been more help. Appreciate him and the staff. Think hee name was Mandy. I couldnt be happier after years of not being back there.",Customer Service & Communication,Agent Professionalism & Responsiveness,Helpful Support Experience
rvw-000813,google.com,Google Business Profile (ADESA Kansas City),https://www.google.com/maps/reviews/data=!4m8!14m7!1m6!2m5!1sCi9DQUlRQUNvZENodHljRjlvT2prelRWWkxSMTl2VTFaS09FWlpkalZ2Vm0xTGIxRRAB!2m1!1s0x0:0x7ff69944521dfa9c!3m1!1s2@1:CAIQACodChtycF9oOjkzTVZLR19vU1ZKOEZZdjVvVm1Lb1E%7C%7C?hl=en,google_business_us_profile,mike donovan,2026-08-11,1,negative,"Unfortunately, my experience with ADESA Kansas City was extremely disappointing. Their handling of the situation was unprofessional, customer service at mangers level fell far below what anyone should expect from a company of this size. They showed no genuine interest in resolving the issue. Honestly, they do not even deserve one star, and I would not recommend doing business with them",Customer Service & Communication,Agent Professionalism & Responsiveness,Rude/Unhelpful Support
rvw-000814,google.com,Google Business Profile (ADESA Los Angeles),https://www.google.com/maps/reviews/data=!4m8!14m7!1m6!2m5!1sCi9DQUlRQUNvZENodHljRjlvT25vd1ZVOWZYMnBxTjE5amJHNUdSVVJhTjI1bFNIYxAB!2m1!1s0x0:0x65b0cf8a3592e7e!3m1!1s2@1:CAIQACodChtycF9oOnowVU9fX2pqN19jbG5GRURaN25lSHc%7C%7C?hl=en,google_business_us_profile,Dicranuhi Kaloustian,2026-08-11,5,positive,"Elizabeth she is the best , very helpful and super talented person , you were behond for me and i camt describe how much this help meant to me",Customer Service & Communication,Agent Professionalism & Responsiveness,Helpful Support Experience
rvw-000815,google.com,Google Business Profile (ADESA Orlando),https://www.google.com/maps/reviews/data=!4m8!14m7!1m6!2m5!1sCi9DQUlRQUNvZENodHljRjlvT21rd1FXd3lUR3h5TVdSUVdVZFRkR1J3VkhobFFuYxAB!2m1!1s0x0:0x2b5dc383485f1e3b!3m1!1s2@1:CAIQACodChtycF9oOmkwQWwyTGxyMWRQWUdTdGRwVHhlQnc%7C%7C?hl=en,google_business_us_profile,Dr. Keisha Gray,2026-08-11,5,positive,I love this auction! Recommended.,Membership / Licensing / Fees & Bidding Policies,"Bidding Process, Rules and Fees",How to Bid (First Time)
rvw-000816,trustpilot.com,Trustpilot (adesa.com),https://www.trustpilot.com/reviews/6a7dc2b926a630689fea4381,trustpilot_us_slug,Trustpilot user,2026-08-10,,positive,"My experience is they are not helpful…. My experience is they are not helpful at all. When picking up vehicles, they either don't know where vehicles are located or seem to guess to send you on a goose chase.",Customer Service & Communication,Agent Professionalism & Responsiveness,Helpful Support Experience
rvw-000895,birdeye.com,Birdeye (Google),https://reviews.birdeye.com/adesa-memphis-166562763449834#review-2,birdeye_us_profile,Da Don,2026-08-08,,positive,This auction is one of the best to do it!!! Test drive and buy no hassles,Membership / Licensing / Fees & Bidding Policies,"Bidding Process, Rules and Fees",How to Bid (First Time)
rvw-000817,google.com,Google Business Profile (ADESA Dallas),https://www.google.com/maps/reviews/data=!4m8!14m7!1m6!2m5!1sCi9DQUlRQUNvZENodHljRjlvT2s0d1NXUm5WMEZ2TlcwNFlXZE1ZamhVUVhGYU4zYxAB!2m1!1s0x0:0x6a47ae2265c7925d!3m1!1s2@1:CAIQACodChtycF9oOk4wSWRnV0FvNW04YWdMYjhUQXFaN3c%7C%7C?hl=en,google_business_us_profile,jeffrey manjarres,2026-08-07,1,negative,"I bought a car 1 month ago, haven’t been able to have it transported, I call everyday during my work hours to try to get in contact with someone and no one picks up any phone line to solve a issue that has become my own from states away, and just seems like no one cares to reach out",Customer Service & Communication,Agent Professionalism & Responsiveness,Rude/Unhelpful Support
rvw-000818,google.com,Google Business Profile (ADESA Long Island),https://www.google.com/maps/reviews/data=!4m8!14m7!1m6!2m5!1sCi9DQUlRQUNvZENodHljRjlvT2w5eVlWTnZSazB5V0dSRE9GRkthVFZtV2sxeVIyYxAB!2m1!1s0x0:0xca83be42a09d5522!3m1!1s2@1:CAIQACodChtycF9oOl9yYVNvRk0yWGRDOFFKaTVmWk1yR2c%7C%7C?hl=en,google_business_us_profile,Steve Alvarado,2026-08-06,5,positive,"I had an outstanding experience working with Richard Spencer at ADESA Long Island. Richard is the definition of professionalism—knowledgeable, honest, responsive, and always willing to go the extra mile to make sure everything is handled correctly. He made the entire process smooth and stress-free, keeping me informed every step of the way and addressing any questions promptly. It's refreshing to work with someone who truly cares about providing exceptional customer service. Richard's attention to detail, integrity, and dedication to his customers set him apart. If you're doing business with ADESA Long Island, I highly recommend asking for Richard Spencer. He is a true asset to the company, and I look forward to working with him again in the future!",Customer Service & Communication,Agent Professionalism & Responsiveness,Helpful Support Experience
rvw-000819,google.com,Google Business Profile (ADESA Long Island),https://www.google.com/maps/reviews/data=!4m8!14m7!1m6!2m5!1sCi9DQUlRQUNvZENodHljRjlvT2tsck9HOW5Ra0l3TW01SU5tbHBRbHBxT1RoR2JHYxAB!2m1!1s0x0:0xca83be42a09d5522!3m1!1s2@1:CAIQACodChtycF9oOklrOG9nQkIwMm5INmlpQlpqOThGbGc%7C%7C?hl=en,google_business_us_profile,yvonne aguirre,2026-08-04,1,negative,"This branch must either be closed or have better quality control. Today I came for the second time in less than two months and they always have a problem. If it's time to pick up a car on the weekend, they only have one person at the door. If the car has a problem, they can't help you because there are no staff. It's the second time I've tried to pick up a car and they don't have the keys. And they're not luxury cars, or new cars. 3. Your map lot is a disaster, it is not possible to locate the car you are looking for through its application because it places you at the door and as you advance the map fries or jumps to another point. 4. It is difficult to park the truck, as the parking lot has been filled with auction trucks",Customer Service & Communication,Agent Professionalism & Responsiveness,Rude/Unhelpful Support
rvw-000820,google.com,Google Business Profile (ADESA Los Angeles),https://www.google.com/maps/reviews/data=!4m8!14m7!1m6!2m5!1sCi9DQUlRQUNvZENodHljRjlvT2xWT2JIQkVkaTFKZGpBdE1ITkJSekozWmxWelVuYxAB!2m1!1s0x0:0x65b0cf8a3592e7e!3m1!1s2@1:CAIQACodChtycF9oOlVObHBEdi1JdjAtMHNBRzJ3ZlVzUnc%7C%7C?hl=en,google_business_us_profile,Juan Miguel Zelaya,2026-08-04,5,positive,"I was there today 8/03/2026 with My Son , to pick up My Honda Civic 2026 , the Security was a Professional. The way He Treated me and my Son was so Great. Im really happy to have my car again and love how the lady’s in the Desk windows treat people. I give 5 Stars to all them Thank You so much stay like that SO GREATEST ARE YOU ALL!",Customer Service & Communication,Agent Professionalism & Responsiveness,Helpful Support Experience
rvw-000821,google.com,Google Business Profile (ADESA Los Angeles),https://www.google.com/maps/reviews/data=!4m8!14m7!1m6!2m5!1sCi9DQUlRQUNvZENodHljRjlvT2t4SlRGZFpWa3hPWTA5M1pqWndkVU41WlhOa1JGRRAB!2m1!1s0x0:0x65b0cf8a3592e7e!3m1!1s2@1:CAIQACodChtycF9oOkxJTFdZVkxOY093ZjZwdUN5ZXNkRFE%7C%7C?hl=en,google_business_us_profile,Alex Gomez,2026-08-03,5,positive,Lorenzo front dest great service very professional and and thorough on communication Elizabeth also very professional and communicated with the process of getting my vehicle back great service overall,Customer Service & Communication,Agent Professionalism & Responsiveness,Helpful Support Experience
rvw-000822,birdeye.com,Birdeye (Google),https://reviews.birdeye.com/adesa-memphis-166562763449834#review-2,birdeye_us_profile,Da Don,2026-08-03,,positive,This auction is one of the best to do it!!! Test drive and buy no hassles,Membership / Licensing / Fees & Bidding Policies,"Bidding Process, Rules and Fees",How to Bid (First Time)
rvw-000256,apps.apple.com,"Apple App Store (1660253652, us)",https://apps.apple.com/us/app/id1660253652?see-all=reviews&platform=iphone&reviewId=14369258486,apple_us_store,Jeremy426,2026-07-31,5,positive,Best Auction App. If you are comparing this to other big auctions this by far has the best UI. The app gets constantly updated to fix bugs and the programming team is actually competent when it comes to identifying issues. The filter menus are straightforward. Anyone who dislikes it is probably over the age of 40 and prefers an old school layout. I appreciate how the simulcast is extremely responsive on mobile and desktop. I know it’s happened on other platforms where your bid is delayed and you end up overpaying but not on here,Customer Service & Communication,Agent Professionalism & Responsiveness,Helpful Support Experience
rvw-000271,google.com,Google Business Profile (ADESA New Jersey),https://www.google.com/maps/reviews/data=!4m8!14m7!1m6!2m5!1sCi9DQUlRQUNvZENodHljRjlvT21oV1FrMDBaVXhRY3pCb1EzaDFSaTFmVjE5c2FtYxAB!2m1!1s0x0:0xd01acd06305ff6fb!3m1!1s2@1:CAIQACodChtycF9oOmhWQk00ZUxQczBoQ3h1Ri1fV19samc%7C%7C?hl=en,google_business_us_profile,Alan Mahmoudi,2026-07-30,1,negative,I purchased a car with run drive and the key was there when we send a driver pick up the vehicle. They stole the key and I was trying to communicate with someone make the key. No one respond to me.,Customer Service & Communication,Communication Follow-up & Escalation,No Callback / Unresolved Case
rvw-000896,apps.apple.com,"Apple App Store (1660253652, us)",https://itunes.apple.com/us/review?id=1660253652&type=Purple%20Software&reviewId=14369258486,apple_us_store,Jeremy426,2026-07-30,5,positive,Best Auction App. If you are comparing this to other big auctions this by far has the best UI. The app gets constantly updated to fix bugs and the programming team is actually competent when it comes to identifying issues. The filter menus are straightforward. Anyone who dislikes it is probably over the age of 40 and prefers an old school layout. I appreciate how the simulcast is extremely responsive on mobile and desktop. I know it’s happened on other platforms where your bid is delayed and you end up overpaying but not on here.,Customer Service & Communication,Agent Professionalism & Responsiveness,Helpful Support Experience
rvw-000272,google.com,Google Business Profile (ADESA New Jersey),https://www.google.com/maps/reviews/data=!4m8!14m7!1m6!2m5!1sCi9DQUlRQUNvZENodHljRjlvT2tkbGMyTTJRVjlNV1RCa1NYZ3dRVzFrTm5OSWNtYxAB!2m1!1s0x0:0xd01acd06305ff6fb!3m1!1s2@1:CAIQACodChtycF9oOkdlc2M2QV9MWTBkSXgwQW1kNnNIcmc%7C%7C?hl=en,google_business_us_profile,J Fin,2026-07-29,1,negative,Garbage auction. Rude. Lying. Inconsiderate employees. This might rank as one of the worst auctions I have ever encountered.,Customer Service & Communication,Agent Professionalism & Responsiveness,Rude/Unhelpful Support
rvw-000273,google.com,Google Business Profile (ADESA New Jersey),https://www.google.com/maps/reviews/data=!4m8!14m7!1m6!2m5!1sCi9DQUlRQUNvZENodHljRjlvT2s5WlJXbFVMVTR6UzBGNFgzTXhOWEZ3T1VOMlRVRRAB!2m1!1s0x0:0xd01acd06305ff6fb!3m1!1s2@1:CAIQACodChtycF9oOk9ZRWlULU4zS0F4X3MxNXFwOUN2TUE%7C%7C?hl=en,google_business_us_profile,iggy wheelmaker,2026-07-28,1,negative,This one is for operation department and their lack of customer service,Customer Service & Communication,Agent Professionalism & Responsiveness,Rude/Unhelpful Support
rvw-000257,birdeye.com,Birdeye (Google),https://reviews.birdeye.com/adesa-los-angeles-167825716184717#review-1,birdeye_us_profile,Hazel,2026-07-26,,positive,Ms.Elizabeth was so helpful. She was so kind and she also helped me on every step of the way on what I needed to do on my process to retrieve my vehicle .,Customer Service & Communication,Case Resolution Quality,Issue Resolved
rvw-000274,google.com,Google Business Profile (ADESA Birmingham),https://www.google.com/maps/reviews/data=!4m8!14m7!1m6!2m5!1sCi9DQUlRQUNvZENodHljRjlvT2tka1kyeFdZV0UxYlU1aGNucEhSSGMxV25OTE5sRRAB!2m1!1s0x0:0xf16f6e5c92888c0f!3m1!1s2@1:CAIQACodChtycF9oOkdkY2xWYWE1bU5hcnpHRHc1WnNLNlE%7C%7C?hl=en,google_business_us_profile,DEREK SHIRLEY,2026-07-24,5,positive,Gr8 stop in my travels! Delivery was easy peasy and the staff was very cooperative!!! 2👍🏾,Customer Service & Communication,Agent Professionalism & Responsiveness,Helpful Support Experience
rvw-000275,google.com,Google Business Profile (ADESA Knoxville),https://www.google.com/maps/reviews/data=!4m8!14m7!1m6!2m5!1sCi9DQUlRQUNvZENodHljRjlvT214Tk5HbDFaakpmYlU1cE5qbHpkMjlFWm5rNFlYYxAB!2m1!1s0x0:0xbe432126bb6ab401!3m1!1s2@1:CAIQACodChtycF9oOmxNNGl1ZjJfbU5pNjlzd29EZnk4YXc%7C%7C?hl=en,google_business_us_profile,EBRAM Soliman,2026-07-24,1,negative,"I do not recommend dealing with this auction. They listed a vehicle as having no title issues. I purchased it for $12,450, paid about $950 to transport it from Tennessee, and also spent money replacing the front brakes and two tires. After receiving the title, I discovered it was branded “Not Actual Mileage”, which was never disclosed before the sale. When I requested to return the vehicle because of their mistake, they refused to reimburse my auction fees, transportation costs, or repair expenses. This is completely unacceptable and unfair. Be very careful before buying from this auction.",Membership / Licensing / Fees & Bidding Policies,"Bidding Process, Rules and Fees",Fees
rvw-000276,google.com,Google Business Profile (ADESA Orlando),https://www.google.com/maps/reviews/data=!4m8!14m7!1m6!2m5!1sCi9DQUlRQUNvZENodHljRjlvT2s5ZmVqQmZjWGxpVEY5RmNWQnljakZ6ZVVORmFWRRAB!2m1!1s0x0:0x2b5dc383485f1e3b!3m1!1s2@1:CAIQACodChtycF9oOk9fejBfcXliTF9FcVBycjFzeUNFaVE%7C%7C?hl=en,google_business_us_profile,C. John Weir,2026-07-24,5,positive,"Awesome little auction. I real.\nLy love there Tracker system that doesn't have to use the car battery or the battery of A G.P.S. plugin , it's read from a RDIF barcode on the windshield.",Membership / Licensing / Fees & Bidding Policies,"Bidding Process, Rules and Fees",How to Bid (First Time)
rvw-000277,google.com,Google Business Profile (ADESA Mercer),https://www.google.com/maps/reviews/data=!4m8!14m7!1m6!2m5!1sCi9DQUlRQUNvZENodHljRjlvT25oUU5YSXdOMnBrTWxGaFJUQTBWVE5yUkZoWFozYxAB!2m1!1s0x0:0x8ea38df8f0fd8db6!3m1!1s2@1:CAIQACodChtycF9oOnhQNXIwN2pkMlFhRTA0VTNrRFhXZ3c%7C%7C?hl=en,google_business_us_profile,Alex Knappenberger,2026-07-23,5,positive,"Bought from their heavy duty truck sale last year, had title issues they ended up taking the truck back and refunding me which I greatly appreciate that's professional of them. One word of caution if they have an older address for you make sure they delete it and update it lol",Customer Service & Communication,Agent Professionalism & Responsiveness,Helpful Support Experience
rvw-000278,google.com,Google Business Profile (ADESA Pennsylvania),https://www.google.com/maps/reviews/data=!4m8!14m7!1m6!2m5!1sCi9DQUlRQUNvZENodHljRjlvT2psQmIySnJMVzV4WVVkYUxURkVUa3hWZWxOemJYYxAB!2m1!1s0x0:0xadbe9fd728415dfa!3m1!1s2@1:CAIQACodChtycF9oOjlBb2JrLW5xYUdaLTFETkxVelNzbXc%7C%7C?hl=en,google_business_us_profile,EBRAM Soliman,2026-07-23,1,negative,"I do not recommend doing business with this auction. They listed the vehicle as having no title issues. I purchased it for $12,450 plus auction fees, then spent about $950 transporting it from Tennessee and replacing the front tires and brakes. After all of that, I discovered the vehicle has Not Actual Mileage (NAM) and a Branded Title, which was not properly disclosed. When I requested to unwind the deal, they agreed to take the vehicle back but refused to reimburse my auction fees, transportation costs, or repair expenses. In my experience, this was extremely unfair and unprofessional. I lost a significant amount of money because of inaccurate vehicle information and poor customer service. I would not recommend this auction to anyone.",Customer Service & Communication,Agent Professionalism & Responsiveness,Rude/Unhelpful Support
rvw-000258,apps.apple.com,"Apple App Store (1660253652, us)",https://itunes.apple.com/us/review?id=1660253652&type=Purple%20Software&reviewId=14334563542,apple_us_store,Idontknowstuff,2026-07-22,1,negative,Updates make it inoperable. This business is fast paced one wrong move can really mess you up. Need an app that can keep up this is not it. Automatic logouts in the middle of the lane. No Face ID have to merge with something else. I understand the complications of someone else using your app but need for it to function when it matters most.,Account / Access / Login,Password Reset & Login Troubleshooting,App Login Troubleshooting
rvw-000279,google.com,Google Business Profile (ADESA Tampa),https://www.google.com/maps/reviews/data=!4m8!14m7!1m6!2m5!1sCi9DQUlRQUNvZENodHljRjlvT25aQlRFaHJYMnRJWm1JelRUTjRjMGxrT0Y5SmFYYxAB!2m1!1s0x0:0x2d3addad274be2eb!3m1!1s2@1:CAIQACodChtycF9oOnZBTEhrX2tIZmIzTTN4c0lkOF9JaXc%7C%7C?hl=en,google_business_us_profile,Saed Alaraj,2026-07-21,1,negative,Why do you pay an auction fee here if there is no one to help you. I buy plenty of cars from adesa. fees are higher but you get cars way cheaper. I got there 3:45 paid my fees. the car needs a jump no one is there to help you. Security has an attitude and say I can’t leave my id with him to borrow the 5 jumps boxes in front of. The car has a flat tire I asked security again for help he says I can’t help you everyone is gone at 3:50. They close at 5pm keep in mind. When we dealers $400-500 each time we buy a car here and zero help when it comes to service or help if you need any. Waste of a hot hour going back and forth to find zero help.,Membership / Licensing / Fees & Bidding Policies,"Bidding Process, Rules and Fees",Fees
rvw-000280,google.com,Google Business Profile (ADESA Sarasota),https://www.google.com/maps/reviews/data=!4m8!14m7!1m6!2m5!1sCi9DQUlRQUNvZENodHljRjlvT2pobkxVSjNWMlpqVEcxWE1tUTVUMDlwWDJaUGExRRAB!2m1!1s0x0:0x130e5c78c2260a73!3m1!1s2@1:CAIQACodChtycF9oOjhnLUJ3V2ZjTG1XMmQ5T09pX2ZPa1E%7C%7C?hl=en,google_business_us_profile,I 73,2026-07-18,1,negative,"Total disaster. Carvana owns this place, and the delivery team that is delivering my car is based out of here. They are completely incompetent at best, and lazy people who don't want to work at worst. They can't figure out how to deliver a car without botching the entire process. Totally unprofessional. Just know when you buy from Carvana, these people will be handling the delivery. I don't think anyone deserves that.",Customer Service & Communication,Agent Professionalism & Responsiveness,Rude/Unhelpful Support
rvw-000281,google.com,Google Business Profile (ADESA Syracuse),https://www.google.com/maps/reviews/data=!4m8!14m7!1m6!2m5!1sCi9DQUlRQUNvZENodHljRjlvT2pWek9IQnllREppY0dSQ2RUYzFTV3RHZVdwRmNHYxAB!2m1!1s0x0:0x1dbcb81ab39fdeec!3m1!1s2@1:CAIQACodChtycF9oOjVzOHByeDJicGRCdTc1SWtGeWpFcGc%7C%7C?hl=en,google_business_us_profile,jayden mason,2026-07-17,5,positive,Question if anybody knows do you need a dealer license to go check these cars out? Im looking for a car for a family member and I see some auctions require them and some don’t,Membership / Licensing / Fees & Bidding Policies,Auction Eligibility & Licensing,Unable to Bid
rvw-000282,google.com,Google Business Profile (ADESA Ocala),https://www.google.com/maps/reviews/data=!4m8!14m7!1m6!2m5!1sCi9DQUlRQUNvZENodHljRjlvT2pka2F6RjFiVWhQVmw5elJHOWFORkIzU3pkeldrRRAB!2m1!1s0x0:0x8a095b6a3dae24d3!3m1!1s2@1:CAIQACodChtycF9oOjdkazF1bUhPVl9zRG9aNFB3SzdzWkE%7C%7C?hl=en,google_business_us_profile,Emily Capper,2026-07-16,5,positive,Great auction to get RV boats and cars,Membership / Licensing / Fees & Bidding Policies,"Bidding Process, Rules and Fees",How to Bid (First Time)
rvw-000283,google.com,Google Business Profile (ADESA Cleveland),https://www.google.com/maps/reviews/data=!4m8!14m7!1m6!2m5!1sCi9DQUlRQUNvZENodHljRjlvT25sbVEweDBRMUV3WkRFMFpFUlpWRFZoTUhaUVoyYxAB!2m1!1s0x0:0x347271a59a45105!3m1!1s2@1:CAIQACodChtycF9oOnlmQ0x0Q1EwZDE0ZERZVDVhMHZQZ2c%7C%7C?hl=en,google_business_us_profile,Dmytro Nikolaiev,2026-07-14,1,negative,Rude staff. The staff member hung up before I could even finish my question.,Customer Service & Communication,Agent Professionalism & Responsiveness,Rude/Unhelpful Support
rvw-000284,google.com,Google Business Profile (ADESA Corporate Office),https://www.google.com/maps/reviews/data=!4m8!14m7!1m6!2m5!1sCi9DQUlRQUNvZENodHljRjlvT25sV2JqQXRhWEowVFZGbU1XZHdkR2s1U1RGb1oxRRAB!2m1!1s0x0:0x5b6af31fc84fde80!3m1!1s2@1:CAIQACodChtycF9oOnlWbjAtaXJ0TVFmMWdwdGk5STFoZ1E%7C%7C?hl=en,google_business_us_profile,Eric Johnson,2026-07-14,1,negative,"Adesa has solicited me for months to buy cars through their platform. I finally did, and they have completely dropped the ball to a degree that i'll never purchase another unit through their platform. Don't put your funds and inventory at risk. They need to get their kinks worked out before they can be a trusted platform.","Lot Condition, Listing Status and related",Listing Status,Selling/ Relisting vehicle or Parts purchase
rvw-000285,google.com,Google Business Profile (ADESA Los Angeles),https://www.google.com/maps/reviews/data=!4m8!14m7!1m6!2m5!1sCi9DQUlRQUNvZENodHljRjlvT2tsSWFFTmFhVkJZU1Y5U01DMXlRbXRFV25wb2NYYxAB!2m1!1s0x0:0x65b0cf8a3592e7e!3m1!1s2@1:CAIQACodChtycF9oOklIaENaaVBYSV9SMC1yQmtEWnpocXc%7C%7C?hl=en,google_business_us_profile,DSC Fire.grading,2026-07-14,5,positive,Elizabeth is literally the best ever. I cant say enough about what this woman does for people that are nice and not rude. And understand the situation. I was emotional and pissed she calmed me down. She assured me ebery step on the redemption process and got my baby back before auction. If it wasnt for her I would be screwed. And lost. Lorenzo in the front is also very polite and nice and greeted me and made it a very positive experience under very stressful situation.,Customer Service & Communication,Agent Professionalism & Responsiveness,Helpful Support Experience
rvw-000286,google.com,Google Business Profile (ADESA Pittsburgh),https://www.google.com/maps/reviews/data=!4m8!14m7!1m6!2m5!1sCi9DQUlRQUNvZENodHljRjlvT2twU2NXTlhZVVJGUTJWWmVrNXNNalY0YjNVeWRFRRAB!2m1!1s0x0:0x50aee71ecf3394d9!3m1!1s2@1:CAIQACodChtycF9oOkpScWNXYURFQ2VZek5sMjV4b3UydEE%7C%7C?hl=en,google_business_us_profile,Greg Thatcher,2026-07-14,5,positive,Great auction. The people working there are awesome.,Membership / Licensing / Fees & Bidding Policies,"Bidding Process, Rules and Fees",How to Bid (First Time)
rvw-000259,birdeye.com,Birdeye (Google),https://reviews.birdeye.com/adesa-memphis-166562763449834#review-1,birdeye_us_profile,Da Don,2026-07-12,,positive,This auction is one of the best to do it!!! Test drive and buy no hassles,Membership / Licensing / Fees & Bidding Policies,"Bidding Process, Rules and Fees",How to Bid (First Time)
rvw-000287,google.com,Google Business Profile (ADESA Sacramento),https://www.google.com/maps/reviews/data=!4m8!14m7!1m6!2m5!1sCi9DQUlRQUNvZENodHljRjlvT2trNUxXZHllVmRIZWpOUmVDMXRjMmx4WTNCdlFuYxAB!2m1!1s0x0:0x6faa40eb8e88ad45!3m1!1s2@1:CAIQACodChtycF9oOkk5LWdyeVdHejNReC1tc2lxY3BvQnc%7C%7C?hl=en,google_business_us_profile,Lee Pedersen,2026-07-10,2,negative,The website seems to be down and the phone tree does not have the correct listing to talk to anyone.,"Lot Condition, Listing Status and related",Listing Status,Selling/ Relisting vehicle or Parts purchase
rvw-000288,google.com,Google Business Profile (ADESA Los Angeles),https://www.google.com/maps/reviews/data=!4m8!14m7!1m6!2m5!1sCi9DQUlRQUNvZENodHljRjlvT210SVdEQjRXV0paVkVoRWQyVktOV3BMVW0xd2JVRRAB!2m1!1s0x0:0x65b0cf8a3592e7e!3m1!1s2@1:CAIQACodChtycF9oOmtIWDB4WWJZVEhEd2VKNWpLUm1wbUE%7C%7C?hl=en,google_business_us_profile,David Jones,2026-07-09,1,negative,"Adesa was in charge to safegaurd our company vehicle. They assumed it was there for auction and removed our Company wrap. By Our Company policy the vehicle is unable to conduct business with improper branding. Adesa tells me about a policy that have with the bank and asks if I’ve reached out to the bank. Well Adesa it’s a relationship you have with the bank, maybe if you were trustworthy to safeguard the banks vehicle, you would safeguard the banks titled owner as a measure of Trust. Beware of Adesa behind the scene may not be doing what they represent with peoples investments and the care they should take",Membership / Licensing / Fees & Bidding Policies,"Bidding Process, Rules and Fees",Fees
rvw-000897,birdeye.com,Birdeye (Google),https://reviews.birdeye.com/adesa-portland-166735343287887#review-1,birdeye_us_profile,Joseph Trachuk,2026-07-09,,negative,"was sold an as is car that they knew had structural damage but did not disclose - and specifically announced no arbitration for structural - when i brought this all up - the claim was rejected and this complaint went ignored (i requested for it to go to jordan who had the ability to make a different call and it was still rejected, also asked for jordan to call me 3 times and no call) - just a deceptive way to do business - now we are stuck with a totaled subaru that the entire main frame is bent on (not repairable)","Lot Condition, Listing Status and related",Lot Condition Reporting,Lot Damage
rvw-000289,google.com,Google Business Profile (ADESA Kansas City),https://www.google.com/maps/reviews/data=!4m8!14m7!1m6!2m5!1sCi9DQUlRQUNvZENodHljRjlvT2pCV2JFNVFOMjVwTkZSc1EySllWamMwT1ZOTFpVRRAB!2m1!1s0x0:0x7ff69944521dfa9c!3m1!1s2@1:CAIQACodChtycF9oOjBWbE5QN25pNFRsQ2JYVjc0OVNLZUE%7C%7C?hl=en,google_business_us_profile,Mir Mihamed,2026-07-08,1,negative,Worst place to deal with for adesa clear my transporter had to stay over night because security would not helly my guy find the vehicle wasted over 12 hours just to get yelled at. This is not right and will be not doing business with adesa in Kansas,"Vehicle Pickup, Delivery and Scheduling",Scheduled Pickup Status,Missed/ Delayed Pickup and Dispatch Window
rvw-000290,google.com,Google Business Profile (ADESA New Jersey),https://www.google.com/maps/reviews/data=!4m8!14m7!1m6!2m5!1sCi9DQUlRQUNvZENodHljRjlvT2pOcllVYzBhRXQwZGw5Q0xYZzNObko2TFdFeFkwRRAB!2m1!1s0x0:0xd01acd06305ff6fb!3m1!1s2@1:CAIQACodChtycF9oOjNrYUc0aEt0dl9CLXg3NnJ6LWExY0E%7C%7C?hl=en,google_business_us_profile,Genesis Saez,2026-07-08,1,negative,Unprofessional Left us waiting for an hour in waiting room We made appointment at 9:00am and still havnt been seen everyone is walking around gossiping but still not seen this how ya conduct ya business smh,Customer Service & Communication,Agent Professionalism & Responsiveness,Rude/Unhelpful Support
rvw-000291,google.com,Google Business Profile (ADESA Raleigh),https://www.google.com/maps/reviews/data=!4m8!14m7!1m6!2m5!1sCi9DQUlRQUNvZENodHljRjlvT2s1V1FsRTJXVkJOWlU1bFNXbDJaRjlhVW1oaUxXYxAB!2m1!1s0x0:0xd66dd4b29022f5b8!3m1!1s2@1:CAIQACodChtycF9oOk5WQlE2WVBNZU5lSWl2ZF9aUmhiLWc%7C%7C?hl=en,google_business_us_profile,Robert Fonalledas,2026-07-07,2,negative,"The gate is now 24 hours BUT if you purchased an Adesa Clear car thru Manheim which then gives you a Manheim gate pass if you go at 7:30pm on a Monday the 2 security guards are useless. Any other Adesa they can take your Manheim gate pass and print you an Adesa gate pass right then and there (even Charlotte ADESA at 2am does it all of the time when I pickup cars then) so I drove all the way from Raleigh and back with a rental trailer I now have to spend more money on to rent for another day since these 2 security guards don’t know how to do that, but literally any other Adesa security guards can do that. What a joke.","Vehicle Pickup, Delivery and Scheduling",Pickup Order Management,Gate Pass Assistance
rvw-000292,google.com,Google Business Profile (ADESA Tulsa),https://www.google.com/maps/reviews/data=!4m8!14m7!1m6!2m5!1sCi9DQUlRQUNvZENodHljRjlvT2tOQ1NFWmpZMlIxYldVMFkzaERXRUo2ZVZWV09YYxAB!2m1!1s0x0:0x6c9bb805581f5c8d!3m1!1s2@1:CAIQACodChtycF9oOkNCSEZjY2R1bWU0Y3hDWEJ6eVVWOXc%7C%7C?hl=en,google_business_us_profile,Michael Ralston,2026-07-07,4,positive,Premier Auto auction location in Tulsa And the carvana franchise.,Membership / Licensing / Fees & Bidding Policies,"Bidding Process, Rules and Fees",How to Bid (First Time)
rvw-000260,birdeye.com,Birdeye (Google),https://reviews.birdeye.com/adesa-los-angeles-167825716184717#review-5,birdeye_us_profile,Brandon Delahoussaye,2026-07-05,,negative,"Most of the cars are very very broken, Catastrophic internal engine failures, Bad transmissions, you name is they got it, Best to really inspect the cars before bidding because 80% of the cars in this location won’t make it a mile before blowing up the engine","Lot Condition, Listing Status and related",Third-Party Inspection Authorization & Scheduling,Previewing/ Inspecting Vehicles
rvw-000823,birdeye.com,Birdeye (Google),https://reviews.birdeye.com/adesa-portland-166735343287887#review-1,birdeye_us_profile,Joseph Trachuk,2026-07-04,,negative,"was sold an as is car that they knew had structural damage but did not disclose - and specifically announced no arbitration for structural - when i brought this all up - the claim was rejected and this complaint went ignored (i requested for it to go to jordan who had the ability to make a different call and it was still rejected, also asked for jordan to call me 3 times and no call) - just a deceptive way to do business - now we are stuck with a totaled subaru that the entire main frame is bent on (not repairable)","Lot Condition, Listing Status and related",Lot Condition Reporting,Lot Damage
rvw-000824,birdeye.com,Birdeye (Google),https://reviews.birdeye.com/adesa-las-vegas-164841342274985#review-5,birdeye_us_profile,J M,2026-07-04,,negative,"Website lists pickup gate hours as Sat and Sun 8am-4pm Employee told us same. Arrived Saturday 8am to pickup trailer and security says closed weekends. Apparently poorly managed, resulting in added costs to dealers for their Errors",Membership / Licensing / Fees & Bidding Policies,"Bidding Process, Rules and Fees",Fees
rvw-000261,birdeye.com,Birdeye (Google),https://reviews.birdeye.com/adesa-portland-166735343287887#review-1,birdeye_us_profile,Joseph Trachuk,2026-07-03,,negative,"was sold an as is car that they knew had structural damage but did not disclose - and specifically announced no arbitration for structural - when i brought this all up - the claim was rejected and this complaint went ignored (i requested for it to go to jordan who had the ability to make a different call and it was still rejected, also asked for jordan to call me 3 times and no call) - just a deceptive way to do business - now we are stuck with a totaled subaru that the entire main frame is bent on (not repairable)","Lot Condition, Listing Status and related",Lot Condition Reporting,Lot Damage
rvw-000262,birdeye.com,Birdeye (Google),https://reviews.birdeye.com/adesa-las-vegas-164841342274985#review-4,birdeye_us_profile,J M,2026-07-03,,negative,"Website lists pickup gate hours as Sat and Sun 8am-4pm Employee told us same. Arrived Saturday 8am to pickup trailer and security says closed weekends. Apparently poorly managed, resulting in added costs to dealers for their Errors",Membership / Licensing / Fees & Bidding Policies,"Bidding Process, Rules and Fees",Fees
rvw-000293,google.com,Google Business Profile (ADESA Washington D.C.),https://www.google.com/maps/reviews/data=!4m8!14m7!1m6!2m5!1sCi9DQUlRQUNvZENodHljRjlvT2t4dmMyOW9VbFV5WTBNMWJubEpTV05oWmpRM1NYYxAB!2m1!1s0x0:0xdad802a3b6c7ae8a!3m1!1s2@1:CAIQACodChtycF9oOkxvc29oUlUyY0M1bnlJSWNhZjQ3SXc%7C%7C?hl=en,google_business_us_profile,Steve Sale,2026-07-02,4,positive,Close auction for me to attend,Membership / Licensing / Fees & Bidding Policies,"Bidding Process, Rules and Fees",How to Bid (First Time)
rvw-000294,google.com,Google Business Profile (ADESA Washington D.C.),https://www.google.com/maps/reviews/data=!4m8!14m7!1m6!2m5!1sCi9DQUlRQUNvZENodHljRjlvT213elEwTnRORTR6TmtGMlYwNUVVWE14UkU1VmFVRRAB!2m1!1s0x0:0xdad802a3b6c7ae8a!3m1!1s2@1:CAIQACodChtycF9oOmwzQ0NtNE4zNkF2V05EUXMxRE5VaUE%7C%7C?hl=en,google_business_us_profile,Dave Smokey,2026-07-02,1,negative,"Bought a car under green light and the transmission quit working and the car wouldn't move after driving it 10 minutes down the road. Put it through arbitration and they said I had to keep it. Andrew is very unprofessional and should not be managing anything at that place. I've been coming here for years and never had a problem until he took over. The cars are junk, you can't test drive them, and you're stuck with them. Don't waste thousands in fees here either on something you'll have to put thousands into. Waste of time this place, save your money for a better location!",Customer Service & Communication,Agent Professionalism & Responsiveness,Rude/Unhelpful Support
rvw-000295,google.com,Google Business Profile (ADESA Indianapolis),https://www.google.com/maps/reviews/data=!4m8!14m7!1m6!2m5!1sCi9DQUlRQUNvZENodHljRjlvT201SFRYcE9VMm8xTFhSeFNsQXdkV2c0VjNNM1RHYxAB!2m1!1s0x0:0xc49440319567678d!3m1!1s2@1:CAIQACodChtycF9oOm5HTXpOU2o1LXRxSlAwdWg4V3M3TGc%7C%7C?hl=en,google_business_us_profile,Dylan Cassell,2026-07-01,1,negative,"These people are thieves. My car was impounded because like have you seen this economy but it was literally there for less than a week and they stole all of my belongings inside the vehicle including my birth certificate and portable tire air pump. They allegedly have no idea where any of it is but they’re the ones that had the keys so they’re full of it. My recommendation, take an inventory of your belongings and hold them accountable. I live over an hour away and they were just hoping to sell my car as soon as possible. Again, they have to hold it for a month it had been three days and they had already prepped my car to sell.","Lot Condition, Listing Status and related",Personal belongings/ items,Removal / Retrieval of items left in vehicle
rvw-000296,google.com,Google Business Profile (ADESA New Jersey),https://www.google.com/maps/reviews/data=!4m8!14m7!1m6!2m5!1sCi9DQUlRQUNvZENodHljRjlvT205cWJWUjNkVWx3ZFdaMVJ5MDJSMWs1Um1GUFRXYxAB!2m1!1s0x0:0xd01acd06305ff6fb!3m1!1s2@1:CAIQACodChtycF9oOm9qbVR3dUlwdWZ1Ry02R1k5RmFPTWc%7C%7C?hl=en,google_business_us_profile,V,2026-06-30,1,negative,"Terrible auction. Impossible to get anyone on the phone. Completely incompetent, unprofessional, and disorganized. Customer service is terrible, and no one seems to know what they’re doing or cares to help. Highly do not recommend.",Customer Service & Communication,Agent Professionalism & Responsiveness,Rude/Unhelpful Support
rvw-000297,google.com,Google Business Profile (ADESA New Jersey),https://www.google.com/maps/reviews/data=!4m8!14m7!1m6!2m5!1sCi9DQUlRQUNvZENodHljRjlvT21JeVF6bDRlbEpwTFRSWVVsVnVTRk5uVmkxVGVIYxAB!2m1!1s0x0:0xd01acd06305ff6fb!3m1!1s2@1:CAIQACodChtycF9oOmIyQzl4elJpLTRYUlVuSFNnVi1TeHc%7C%7C?hl=en,google_business_us_profile,Pourya Alizadeh,2026-06-29,1,negative,"Worst auction in the country. Every time I’ve bought a car from their online auction the car is never where it needs to be or have updated gps. This last time I bought a car and the key was lost and the car been sitting there for 2 week. No one helps. Security is useless. Their operation manager doesn’t answer the phone. No one helps. Their GM doesn’t even answer the phone or return voicemails. I’ve been told 2 times in 2 weeks there is no ETA on the key for my vehicle that was sold to me riding and drive with available key they wouldn’t even take me out of the deal the biggest waste of time doing business at this auction, especially if you’re an out-of-state buyer stay away from Adesa New Jersey. STAY AWAY TERRIBLE AUCTION TERRIBLE SERVICE. Oh not to mention I’ve purchased a few cars from them online with high condition reports and they’ve come out to be complete garbage. Lots of vehicles come out of this auction with major mice infestation.",Customer Service & Communication,Agent Professionalism & Responsiveness,Rude/Unhelpful Support
rvw-000298,google.com,Google Business Profile (ADESA Kansas City),https://www.google.com/maps/reviews/data=!4m8!14m7!1m6!2m5!1sCi9DQUlRQUNvZENodHljRjlvT2tKSVVFWXhSSE56VmpkcFRsTTJaRlZMYURFMmVXYxAB!2m1!1s0x0:0x7ff69944521dfa9c!3m1!1s2@1:CAIQACodChtycF9oOkJIUEYxRHNzVjdpTlM2ZFVLaDE2eWc%7C%7C?hl=en,google_business_us_profile,Richard Martinez,2026-06-25,1,negative,"These places get dumber and dumber, if youre 3rd party amd unloading carvana you have to walk 1,000 steps (literally) for each car because you can't pull your truck into the lot. If youre 3rd part dont book a load to this place. They also won't run you back and forth.",Account / Access / Login,Password Reset & Login Troubleshooting,App Login Troubleshooting
rvw-000244,birdeye.com,Birdeye (Google),https://reviews.birdeye.com/adesa-los-angeles-167825716184717#review-1,birdeye_us_profile,John Contreras,2026-06-25,,positive,Good car auction to buy cars.,Membership / Licensing / Fees & Bidding Policies,"Bidding Process, Rules and Fees",How to Bid (First Time)
rvw-000299,google.com,Google Business Profile (ADESA New Jersey),https://www.google.com/maps/reviews/data=!4m8!14m7!1m6!2m5!1sCi9DQUlRQUNvZENodHljRjlvT2xVMk5IbGZNM0l6TlVGSGJXUnFaVGhDT1RCM1FXYxAB!2m1!1s0x0:0xd01acd06305ff6fb!3m1!1s2@1:CAIQACodChtycF9oOlU2NHlfM3IzNUFHbWRqZThCOTB3QWc%7C%7C?hl=en,google_business_us_profile,Julio De Jesus,2026-06-24,5,positive,Good services A lot of cars available! The only problem is when you buy a vehicle and the staff park it at the sold parking spot! People use to move them cars around and it’s kind of hard to find even using the map locator! Pickup 7 days a week 6am to 10pm,Customer Service & Communication,Agent Professionalism & Responsiveness,Helpful Support Experience
rvw-000300,google.com,Google Business Profile (ADESA New Jersey),https://www.google.com/maps/reviews/data=!4m8!14m7!1m6!2m5!1sCi9DQUlRQUNvZENodHljRjlvT25wVlozWTNiMVl0WlZONlFsUmFiRjl1TFVwaWJVRRAB!2m1!1s0x0:0xd01acd06305ff6fb!3m1!1s2@1:CAIQACodChtycF9oOnpVZ3Y3b1YtZVN6QlRabF9uLUpibUE%7C%7C?hl=en,google_business_us_profile,Zi Zu,2026-06-22,1,negative,The lady sitting right at the entrance handing out gate passes to drivers is extremely rude. You are a serious company and things like this may seem small but they actually hurt your business and reputation. Please have a conversation with her and explain that she needs to treat people with respect and learn how to speak to the drivers and customers she deals with every day. The way she talks to people is completely disrespectful and unacceptable. Thank you.22.6.2026 6:30 pm,Customer Service & Communication,Agent Professionalism & Responsiveness,Rude/Unhelpful Support
rvw-000245,birdeye.com,Birdeye (Google),https://reviews.birdeye.com/adesa-las-vegas-164841342274985#review-1,birdeye_us_profile,J M,2026-06-18,,negative,"Website lists pickup gate hours as Sat and Sun 8am-4pm Employee told us same. Arrived Saturday 8am to pickup trailer and security says closed weekends. Apparently poorly managed, resulting in added costs to dealers for their Errors",Membership / Licensing / Fees & Bidding Policies,"Bidding Process, Rules and Fees",Fees
rvw-000301,google.com,Google Business Profile (ADESA Atlanta),https://www.google.com/maps/reviews/data=!4m8!14m7!1m6!2m5!1sCi9DQUlRQUNvZENodHljRjlvT2pWVlUwa3RhRXhRUW1kT2NHOU5NWFZvYkdKUWJsRRAB!2m1!1s0x0:0x8ca5797c8ce4da57!3m1!1s2@1:CAIQACodChtycF9oOjVVU0ktaExQQmdOcG9NMXVobGJQblE%7C%7C?hl=en,google_business_us_profile,E.J,2026-06-15,5,positive,Great customer service even the people in the front office insecurities have a great attitude and thank you for the shuttle gentleman,Customer Service & Communication,Agent Professionalism & Responsiveness,Helpful Support Experience
rvw-000302,google.com,Google Business Profile (ADESA Washington D.C.),https://www.google.com/maps/reviews/data=!4m8!14m7!1m6!2m5!1sCi9DQUlRQUNvZENodHljRjlvT2xCc1JHRnJlWFpzUkc5U1MwaFRkVkEyUldjelpuYxAB!2m1!1s0x0:0xdad802a3b6c7ae8a!3m1!1s2@1:CAIQACodChtycF9oOlBsRGFreXZsRG9SS0hTdVA2RWczZnc%7C%7C?hl=en,google_business_us_profile,Yezizi A,2026-06-15,1,negative,"If I can give 0 stars I would, they need to change the title lady, super rude , doesn’t let anyone speak . In a title department you have to have someone who is kind and is willing to listen, not cut you off and always have a bad attitude. TERRIBLE SERVICE!",Customer Service & Communication,Agent Professionalism & Responsiveness,Rude/Unhelpful Support
rvw-000303,google.com,Google Business Profile (ADESA Tampa),https://www.google.com/maps/reviews/data=!4m8!14m7!1m6!2m5!1sCi9DQUlRQUNvZENodHljRjlvT21adGFVVktiRmhWU2tSSFdGbHdNbEZWY25GYVYzYxAB!2m1!1s0x0:0x2d3addad274be2eb!3m1!1s2@1:CAIQACodChtycF9oOmZtaUVKbFhVSkRHWFlwMlFVcnFaV3c%7C%7C?hl=en,google_business_us_profile,zzz,2026-06-13,1,negative,"Extremely unprofessional, workers here just seem to throw up their hands and say they can’t help you. Office manager is also no help at all, do not come here if you can help it, and don’t expect them to actually do their job. Cheers",Customer Service & Communication,Case Resolution Quality,Issue Not Resolved
rvw-000825,google.com,Google Business Profile (ADESA Chicago),https://www.google.com/maps/reviews/data=!4m8!14m7!1m6!2m5!1sCi9DQUlRQUNvZENodHljRjlvT25BM1QwaDNWSEpNWmpnME5XaGlUR0ZsUlhsZk9VRRAB!2m1!1s0x0:0x29cf546c41c2f6ff!3m1!1s2@1:CAIQACodChtycF9oOnA3T0h3VHJMZjg0NWhiTGFlRXlfOUE%7C%7C?hl=en,google_business_us_profile,Ahkbar Tate,2026-06-13,1,negative,Poor customer service. Very difficult to deal with. Will be releasing videos on social media.,Customer Service & Communication,Agent Professionalism & Responsiveness,Rude/Unhelpful Support
rvw-000304,google.com,Google Business Profile (ADESA Los Angeles),https://www.google.com/maps/reviews/data=!4m8!14m7!1m6!2m5!1sCi9DQUlRQUNvZENodHljRjlvT2xwQmVuSkxTRWxxV2paemQycDFiMHRZYUVGWFRVRRAB!2m1!1s0x0:0x65b0cf8a3592e7e!3m1!1s2@1:CAIQACodChtycF9oOlpBenJLSElqWjZzd2p1b0tYaEFXTUE%7C%7C?hl=en,google_business_us_profile,Cindy Urban,2026-06-11,1,negative,"without a doubt , the WORST MANAGEMENT of any auction we deal with across Canada and the USA when buying RV's Zero care for the customer or willing to help ,, whoever manages this location needs a lesson on true leadership .",Customer Service & Communication,Agent Professionalism & Responsiveness,Rude/Unhelpful Support
rvw-000305,google.com,Google Business Profile (ADESA Austin),https://www.google.com/maps/reviews/data=!4m8!14m7!1m6!2m5!1sCi9DQUlRQUNvZENodHljRjlvT25kV05FeDNZbGR6ZEU5RE5YSm5NRmRSUzJoaGVuYxAB!2m1!1s0x0:0xc700487a78e37d52!3m1!1s2@1:CAIQACodChtycF9oOndWNEx3YldzdE9DNXJnMFdRS2hhenc%7C%7C?hl=en,google_business_us_profile,Jo Stiver,2026-06-09,2,negative,"To whomever bought the 2019 Ford fusion white VIN number 3 f a 6 p 0 c d 8 k r 1 3 8 5 3 0, that vehicle has a crack at the number two cylinder and it's a manufacturer defect there's a recall that was posted back in 2019 which it was never addressed on that vehicle you have a lame car it's going to cost you $10,000 for another motor for it. That vehicle is under litigation right now anyways there's a lawsuit going on because of these dealers passing it on to customers and acting like they didn't know what was going on with it well come to find out they didn't know what was going on with it and they're overcharging even the finance company even raise the finance pricing even with the down payment that was substantial.","Vehicle Pickup, Delivery and Scheduling",Scheduled Pickup Status,Pickup Hours and Cutoff
rvw-000898,birdeye.com,Birdeye (Google),https://reviews.birdeye.com/adesa-portland-166735343287887#review-3,birdeye_us_profile,lucky sidhu,2026-06-09,,positive,nice staff ( Jaimi shaffer,Customer Service & Communication,Agent Professionalism & Responsiveness,Helpful Support Experience
rvw-000246,trustpilot.com,Trustpilot (adesa.com),https://www.trustpilot.com/reviews/6a26997ac47664f0cb6eed94,trustpilot_us_slug,Trustpilot user,2026-06-08,,positive,Terrible experience purchasing through…. Terrible experience purchasing through Adesa Clear on a Carvana owned vehicle. It was advertised as title present at the Haines City location and takes 30 days to get the title. They act like they are doing something by creating a tracking number for the title shipment then it does not ship out to you. As a dealer I would not recommend buying anything from this auction.,"Title, Ownership, POA and Documentation",Power of Attorney (POA) Handling,POA Requirements Clarification
rvw-000306,google.com,Google Business Profile (ADESA Golden Gate),https://www.google.com/maps/reviews/data=!4m8!14m7!1m6!2m5!1sCi9DQUlRQUNvZENodHljRjlvT25WWFYzQjJZVXAzYm1vMFgzQnpRalJaY1VoUk1HYxAB!2m1!1s0x0:0x1314b726513d9a91!3m1!1s2@1:CAIQACodChtycF9oOnVXV3B2YUp3bmo0X3BzQjRZcUhRMGc%7C%7C?hl=en,google_business_us_profile,Carlos Sepas,2026-06-07,5,positive,Good spot for auction vehicles,Membership / Licensing / Fees & Bidding Policies,"Bidding Process, Rules and Fees",How to Bid (First Time)
rvw-000307,google.com,Google Business Profile (ADESA Pennsylvania),https://www.google.com/maps/reviews/data=!4m8!14m7!1m6!2m5!1sCi9DQUlRQUNvZENodHljRjlvT2xsSldXTnVjREI0UlZRelp6UndjM2Q0WnpaV1luYxAB!2m1!1s0x0:0xadbe9fd728415dfa!3m1!1s2@1:CAIQACodChtycF9oOllJWWNucDB4RVQzZzRwc3d4ZzZWYnc%7C%7C?hl=en,google_business_us_profile,Preye Anjorin,2026-06-05,5,positive,Very helpful individuals . They're always ready to assist even at night as long as you adhere to the instructions. They made life easy with their support,Customer Service & Communication,Agent Professionalism & Responsiveness,Helpful Support Experience
rvw-000308,google.com,Google Business Profile (ADESA New Jersey),https://www.google.com/maps/reviews/data=!4m8!14m7!1m6!2m5!1sCi9DQUlRQUNvZENodHljRjlvT21OdlNUWTNVV2RYZVZkdWNXSnZkekJrTjNGbVVFRRAB!2m1!1s0x0:0xd01acd06305ff6fb!3m1!1s2@1:CAIQACodChtycF9oOmNvSTY3UWdXeVducWJvdzBkN3FmUEE%7C%7C?hl=en,google_business_us_profile,Trinity Freeman,2026-06-04,1,negative,Don’t relay on the location of the car. Cause we scanned gate pass and it was not where they said it was. Ended up being all the way to the back of the lot.,"Vehicle Pickup, Delivery and Scheduling",Pickup Order Management,Gate Pass Assistance
rvw-000826,birdeye.com,Birdeye (Google),https://reviews.birdeye.com/adesa-portland-166735343287887#review-3,birdeye_us_profile,lucky sidhu,2026-06-04,,positive,nice staff ( Jaimi shaffer,Customer Service & Communication,Agent Professionalism & Responsiveness,Helpful Support Experience
rvw-000263,birdeye.com,Birdeye (Google),https://reviews.birdeye.com/adesa-portland-166735343287887#review-3,birdeye_us_profile,lucky sidhu,2026-06-03,,positive,nice staff ( Jaimi shaffer,Customer Service & Communication,Agent Professionalism & Responsiveness,Helpful Support Experience
rvw-000264,birdeye.com,Birdeye (Google),https://reviews.birdeye.com/adesa-phoenix-166641883198682#review-5,birdeye_us_profile,S Bradfield,2026-06-03,,positive,Easy communication great employees amazing auction,Customer Service & Communication,Agent Professionalism & Responsiveness,Helpful Support Experience
rvw-000247,birdeye.com,Birdeye (Google),https://reviews.birdeye.com/adesa-portland-166735343287887#review-2,birdeye_us_profile,lucky sidhu,2026-06-02,,positive,nice staff ( Jaimi shaffer,Customer Service & Communication,Agent Professionalism & Responsiveness,Helpful Support Experience
rvw-000248,birdeye.com,Birdeye (Google),https://reviews.birdeye.com/adesa-phoenix-166641883198682#review-5,birdeye_us_profile,S Bradfield,2026-06-02,,positive,Easy communication great employees amazing auction,Customer Service & Communication,Agent Professionalism & Responsiveness,Helpful Support Experience
rvw-000309,google.com,Google Business Profile (ADESA San Antonio),https://www.google.com/maps/reviews/data=!4m8!14m7!1m6!2m5!1sCi9DQUlRQUNvZENodHljRjlvT25WaWNXTTJVSGhGUVVsM2VFaFJiMEZaVURSME0xRRAB!2m1!1s0x0:0xc0ff65b103a17103!3m1!1s2@1:CAIQACodChtycF9oOnVicWM2UHhFQUl3eEhRb0FZUDR0M1E%7C%7C?hl=en,google_business_us_profile,Leanne Currier,2026-05-28,5,positive,Great service And staff. I heard hours are changing to accommodate more times in the future which is definitely a plus for everyone.,Customer Service & Communication,Agent Professionalism & Responsiveness,Helpful Support Experience
rvw-000224,birdeye.com,Birdeye (Google),https://reviews.birdeye.com/adesa-portland-166735343287887#review-2,birdeye_us_profile,lucky sidhu,2026-05-27,,positive,nice staff ( Jaimi shaffer,Customer Service & Communication,Agent Professionalism & Responsiveness,Helpful Support Experience
rvw-000225,birdeye.com,Birdeye (Google),https://reviews.birdeye.com/adesa-phoenix-166641883198682#review-5,birdeye_us_profile,S Bradfield,2026-05-27,,positive,Easy communication great employees amazing auction,Customer Service & Communication,Agent Professionalism & Responsiveness,Helpful Support Experience
rvw-000310,google.com,Google Business Profile (ADESA Birmingham),https://www.google.com/maps/reviews/data=!4m8!14m7!1m6!2m5!1sCi9DQUlRQUNvZENodHljRjlvT2taT2RHdFdRWEJ5V2sxVVMxSmlhVWxoUVVnMFVGRRAB!2m1!1s0x0:0xf16f6e5c92888c0f!3m1!1s2@1:CAIQACodChtycF9oOkZOdGtWQXByWk1US1JiaUlhQUg0UFE%7C%7C?hl=en,google_business_us_profile,Aracely Pena,2026-05-26,1,negative,"If I could give them 0 stars would They lost my titles , from February! And I barely could contact them TODAY since 3 months ago, and the person who answered she didn’t give me a solution plus pretty much told me this is on me !! So it’s my fault that yall lost the titles jk jk , not doing business with Birmingham NO MORE FOR SURE , horrible staff , rude and unprofessional",Customer Service & Communication,Agent Professionalism & Responsiveness,Rude/Unhelpful Support
rvw-000827,google.com,Google Business Profile (ADESA Salt Lake),https://www.google.com/maps/reviews/data=!4m8!14m7!1m6!2m5!1sCi9DQUlRQUNvZENodHljRjlvT25vdGRGOHRiRjkxVWpCbU1sSlpNMHBGT0hwWFJXYxAB!2m1!1s0x0:0x4f1eae3fc675601b!3m1!1s2@1:CAIQACodChtycF9oOnotdF8tbF91UjBmMlJZM0pFOHpXRWc%7C%7C?hl=en,google_business_us_profile,Wineman Dinem,2026-05-25,1,negative,"Google said Adesa was open for pickup, delivery, AND previews on Memorial Day. Guy at the guard shack (12:17 pm May 25th, heavy set guy) was a massive jerk and made we want to never touch Adesa again. All he had to do was let me know that Google was wrong. This guy should not be allowed to have interactions with customers.","Lot Condition, Listing Status and related",Third-Party Inspection Authorization & Scheduling,Previewing/ Inspecting Vehicles
rvw-000207,birdeye.com,Birdeye (Google),https://reviews.birdeye.com/adesa-phoenix-166641883198682#review-3,birdeye_us_profile,S Bradfield,2026-05-24,,positive,Easy communication great employees amazing auction,Customer Service & Communication,Agent Professionalism & Responsiveness,Helpful Support Experience
rvw-000828,google.com,Google Business Profile (ADESA Chicago),https://www.google.com/maps/reviews/data=!4m8!14m7!1m6!2m5!1sCi9DQUlRQUNvZENodHljRjlvT20xbFFqZzVPVjlsZWpkeGRIbE1kRlZVZEdSR1JVRRAB!2m1!1s0x0:0x29cf546c41c2f6ff!3m1!1s2@1:CAIQACodChtycF9oOm1lQjg5OV9lejdxdHlMdFVUdGRGRUE%7C%7C?hl=en,google_business_us_profile,Alexander Khurana,2026-05-22,1,negative,"Terrible service, they don’t answer the phone during business hours, they don’t take delivery seriously. You will not get the car you buy until way later. Go buy a car in any other city/state.","Vehicle Pickup, Delivery and Scheduling",Scheduled Pickup Status,Missed/ Delayed Pickup and Dispatch Window
rvw-000208,apps.apple.com,"Apple App Store (1660253652, us)",https://itunes.apple.com/us/review?id=1660253652&type=Purple%20Software&reviewId=14087871684,apple_us_store,Mig79915,2026-05-20,5,positive,"Solid app. I think it’s one of the best apps out there for auction buying, needs things here and there like being able to sort by make. Overall solid app",Account / Access / Login,Password Reset & Login Troubleshooting,App Login Troubleshooting
rvw-000311,google.com,Google Business Profile (ADESA Ocala),https://www.google.com/maps/reviews/data=!4m8!14m7!1m6!2m5!1sCi9DQUlRQUNvZENodHljRjlvT2tWSExUUnlRMkZJYUU5NWFWSTJkbkpFYUhCTWNIYxAB!2m1!1s0x0:0x8a095b6a3dae24d3!3m1!1s2@1:CAIQACodChtycF9oOkVHLTRyQ2FIaE95aVI2dnJEaHBMcHc%7C%7C?hl=en,google_business_us_profile,JD Ray,2026-05-15,1,negative,Do not buy from Adesa Ocala. Their Condition reports are terrible and when you try and arbitrate they will tell you that “the CR is only information and that you can’t arbitrate for the information being completely wrong”. I purchased multiple cars relying on the CR report because I’m out of state and now I have 3 vehicles that will need complete Paint jobs because the CR reports are wrong. All 3 had CR reports that scored 4.5 and higher. I have reached out to the Arbitration manager (Jeff) and the GM (Anthony) with little to no help at all. I have purchased 25 vehicles from Adesa over the last 30 Days and will no longer buy from any of their locations.,Customer Service & Communication,Case Resolution Quality,Issue Not Resolved
rvw-000312,google.com,Google Business Profile (ADESA Tampa),https://www.google.com/maps/reviews/data=!4m8!14m7!1m6!2m5!1sCi9DQUlRQUNvZENodHljRjlvT25VeFJWOXpUbkY2T1VkWWFXTjBVRGgzTFc5MVZtYxAB!2m1!1s0x0:0x2d3addad274be2eb!3m1!1s2@1:CAIQACodChtycF9oOnUxRV9zTnF6OUdYaWN0UDh3LW91Vmc%7C%7C?hl=en,google_business_us_profile,Z AUTOBODY,2026-05-15,1,negative,transportation is really bad its been 11 days and the car is still at the auction,"Vehicle Pickup, Delivery and Scheduling",Scheduled Pickup Status,Missed/ Delayed Pickup and Dispatch Window
rvw-000209,birdeye.com,Birdeye (Google),https://reviews.birdeye.com/adesa-portland-166735343287887#review-1,birdeye_us_profile,lucky sidhu,2026-05-15,,positive,nice staff ( Jaimi shaffer,Customer Service & Communication,Agent Professionalism & Responsiveness,Helpful Support Experience
rvw-000210,birdeye.com,Birdeye (Google),https://reviews.birdeye.com/adesa-phoenix-166641883198682#review-5,birdeye_us_profile,Goliath Auto Sales LLC,2026-05-15,,negative,"Since Carvana took ownership of Adesa it has gone from easy to conduct business and speak with staff to walls, back and forth and no customer service of any kind at this specific location. We deal with several Adesa locations and do not have these issues other than Adesa Phoenix. Buy from Manheim if in Arizona this place takes far too much time and effort for simple automated items, and when Carvana claims to be the digital kings they have sure messed this place up",Customer Service & Communication,Agent Professionalism & Responsiveness,Rude/Unhelpful Support
rvw-000211,apps.apple.com,"Apple App Store (1660253652, us)",https://itunes.apple.com/us/review?id=1660253652&type=Purple%20Software&reviewId=14068121266,apple_us_store,buddy frentin,2026-05-15,1,negative,Prices are expensive!. Almost every car on here is starting bids at way more than retail,"Vehicle Pickup, Delivery and Scheduling",Delivery Coordination & Handoffs,Delivery Status and ETA
rvw-000313,google.com,Google Business Profile (ADESA Northwest),https://www.google.com/maps/reviews/data=!4m8!14m7!1m6!2m5!1sCi9DQUlRQUNvZENodHljRjlvT25CcWVsSkpVRGRpVkZBd1JqbEdUSFZoWlV0RE1IYxAB!2m1!1s0x0:0x86866fec57f185eb!3m1!1s2@1:CAIQACodChtycF9oOnBqelJJUDdiVFAwRjlGTHVhZUtDMHc%7C%7C?hl=en,google_business_us_profile,S K,2026-05-13,5,positive,I really like the staff at this location. The buying sell fees are terrible but everyone is very nice and helpful when help is needed. They have a good team,Customer Service & Communication,Agent Professionalism & Responsiveness,Helpful Support Experience
rvw-000899,birdeye.com,Birdeye (Google),https://reviews.birdeye.com/adesa-charlotte-166631397236159#review-2,birdeye_us_profile,Amjed Rasheed,2026-05-10,,positive,"Left multiple messages and still no response from this location. Calls go unanswered and no one follows up. Pretty frustrating experience, especially since every other ADESA location I’ve dealt with has been responsive and easy to work with. Huge difference in service here compared to the rest.",Customer Service & Communication,Support Access & Response Time,Delayed Email/Phone Response
rvw-000314,google.com,Google Business Profile (ADESA Houston),https://www.google.com/maps/reviews/data=!4m8!14m7!1m6!2m5!1sCi9DQUlRQUNvZENodHljRjlvT21VM1ltRk5SR0pIVFdsQ04wTkVVbTV3WWtNMVRVRRAB!2m1!1s0x0:0x6694235793d530dc!3m1!1s2@1:CAIQACodChtycF9oOmU3YmFNRGJHTWlCN0NEUm5wYkM1TUE%7C%7C?hl=en,google_business_us_profile,Mustafa yousif,2026-05-07,1,negative,First think you see when get to auction office the worst reception lady name Sovia. From early morning 9am she is looks mad and have no experience how treat or even talk with respect to customers. I can't believe how this auction gave her this job.,Membership / Licensing / Fees & Bidding Policies,"Bidding Process, Rules and Fees",Fees
rvw-000315,google.com,Google Business Profile (ADESA New Jersey),https://www.google.com/maps/reviews/data=!4m8!14m7!1m6!2m5!1sCi9DQUlRQUNvZENodHljRjlvT2xkTWVITm5XWGhVZUc5aWJtWnpSSEoxWkVkclRtYxAB!2m1!1s0x0:0xd01acd06305ff6fb!3m1!1s2@1:CAIQACodChtycF9oOldMeHNnWXhUeG9ibmZzRHJ1ZEdrTmc%7C%7C?hl=en,google_business_us_profile,Gamaliel Xochicale,2026-05-05,1,negative,"First time at this location and very disappointed. My appointment to pick up a car was at 1130 am, I arrived at 1115. The one individual that greeted me was very friendly, but then when they went looking for the car, no one could find it. It took almost an hour for someone to finally find it, and tell me that the mechanics were doing some ""minor"" repairs. Fully understanding the business I had no problem waiting. After a few hours, around 1:45pm I went back inside to inquire about an update, no one could give me an answer. About 45 minutes later, 2:30pm, someone comes out and says the repair was delayed and the mechanics had to order parts. I purchased the vehicle on Friday for pick up on Tuesday. Had to drive an hour to the location. You would think the repairs should have been done prior to my arrival for an easy sign off, but it wasnt. Ive dealt with Carvana before and had a great experience in the past, but this time, it was very disappointing. After a long phone call with Carvana Customer Service, we were able to get the situation fixed and we canceled that order and they were kind enough to find me a better car for a lower price and free shipping to my home. Now currently waiting the delivery in a few days.",Customer Service & Communication,Agent Professionalism & Responsiveness,Rude/Unhelpful Support
rvw-000829,birdeye.com,Birdeye (Google),https://reviews.birdeye.com/adesa-charlotte-166631397236159#review-2,birdeye_us_profile,Amjed Rasheed,2026-05-05,,positive,"Left multiple messages and still no response from this location. Calls go unanswered and no one follows up. Pretty frustrating experience, especially since every other ADESA location I’ve dealt with has been responsive and easy to work with. Huge difference in service here compared to the rest.",Customer Service & Communication,Support Access & Response Time,Delayed Email/Phone Response
rvw-000212,apps.apple.com,"Apple App Store (1660253652, us)",https://itunes.apple.com/us/review?id=1660253652&type=Purple%20Software&reviewId=14032877339,apple_us_store,jesus 278847362848394,2026-05-05,2,negative,"Constant updates on issues that don’t get fixed. The app was great when I first downloaded it about a year ago, but recent updates seem to have introduced several issues. Features that previously worked—like viewing OBD codes—are no longer accessible. Additionally, the app crashes whenever I try to use the “View Summary” button. Hoping these problems get addressed soon.","Vehicle Pickup, Delivery and Scheduling",Scheduled Pickup Status,Pickup Hours and Cutoff
rvw-000316,google.com,Google Business Profile (ADESA San Antonio),https://www.google.com/maps/reviews/data=!4m8!14m7!1m6!2m5!1sCi9DQUlRQUNvZENodHljRjlvT2pVd1JWSnpjVFpGY25sclgwVTRhSFpRUm14T1IwRRAB!2m1!1s0x0:0xc0ff65b103a17103!3m1!1s2@1:CAIQACodChtycF9oOjUwRVJzcTZFcnlrX0U4aHZQRmxOR0E%7C%7C?hl=en,google_business_us_profile,Haitham Werfelli,2026-05-04,1,negative,Worse auction. Dealers look else where!,Membership / Licensing / Fees & Bidding Policies,"Bidding Process, Rules and Fees",Fees
rvw-000317,google.com,Google Business Profile (ADESA San Antonio),https://www.google.com/maps/reviews/data=!4m8!14m7!1m6!2m5!1sCi9DQUlRQUNvZENodHljRjlvT25SamFtZG9jMWt5ZEcxVmNGSktVRTB6ZHpKMlpuYxAB!2m1!1s0x0:0xc0ff65b103a17103!3m1!1s2@1:CAIQACodChtycF9oOnRjamdoc1kydG1VcFJKUE0zdzJ2Znc%7C%7C?hl=en,google_business_us_profile,First Gear Automotive,2026-05-04,1,negative,"This is the worst auction I’ve dealt with in my 13 years as a car dealer. Over the years, I’ve consistently experienced issues with this auction in multiple areas. They do not value your business or take care of their customers. I strongly recommend that other dealers look elsewhere. This is not how a professional business should operate or represent itself.",Customer Service & Communication,Agent Professionalism & Responsiveness,Rude/Unhelpful Support
rvw-000318,google.com,Google Business Profile (ADESA San Antonio),https://www.google.com/maps/reviews/data=!4m8!14m7!1m6!2m5!1sCi9DQUlRQUNvZENodHljRjlvT2sxemVtSmtjR0pyZEdSVE9FVlljVU5MVUd0Mk9YYxAB!2m1!1s0x0:0xc0ff65b103a17103!3m1!1s2@1:CAIQACodChtycF9oOk1zemJkcGJrdGRTOEVYcUNLUGt2OXc%7C%7C?hl=en,google_business_us_profile,Mike Johnson,2026-05-04,1,negative,Terrible auction. Terrible service. Terrible and very poor post sale inspection service. They lie about issues to try and get there units to pass psi. Dealers looks else where!,"Lot Condition, Listing Status and related",Third-Party Inspection Authorization & Scheduling,Previewing/ Inspecting Vehicles
rvw-000319,google.com,Google Business Profile (ADESA San Antonio),https://www.google.com/maps/reviews/data=!4m8!14m7!1m6!2m5!1sCi9DQUlRQUNvZENodHljRjlvT2pOeGJIZGZabTQzVDNwd1NqVnpjWFpQVUZWRFpWRRAB!2m1!1s0x0:0xc0ff65b103a17103!3m1!1s2@1:CAIQACodChtycF9oOjNxbHdfZm43T3pwSjVzcXZPUFVDZVE%7C%7C?hl=en,google_business_us_profile,Nadim Alyassin,2026-05-04,1,negative,"One of the worst auctions I’ve dealt with. They attempted to assign me a vehicle I was not the highest bidder on. When I requested to review the bidding tape for clarification, I was told it’s against company policy. I will be escalating this issue to corporate. The service was unacceptable. I strongly advise dealers to look elsewhere if they want to avoid these types of issues.",Membership / Licensing / Fees & Bidding Policies,"Bidding Process, Rules and Fees",Fees
rvw-000830,google.com,Google Business Profile (ADESA Chicago),https://www.google.com/maps/reviews/data=!4m8!14m7!1m6!2m5!1sCi9DQUlRQUNvZENodHljRjlvT25aUWMzaHFkREpaYzB3MVRrZzROSGN5WmtObFozYxAB!2m1!1s0x0:0x29cf546c41c2f6ff!3m1!1s2@1:CAIQACodChtycF9oOnZQc3hqdDJZc0w1Tkg4NHcyZkNlZ3c%7C%7C?hl=en,google_business_us_profile,UNITED TRADERS INC,2026-05-04,1,negative,"One of the WORST auctions in the country. Literally GARBAGE. I bought a car with a 4.7 CR! Ran it straight through Adesa little rock, and it got a 2.3 CR! These people are ABSOLUTE CROOKS. They need to be investigated for FRAUD. They are false advertising. Imagine buying an iphone 17, and being given an iphone 10, that is the equivalent of what they are doing here, but on a larger scale. The buy fees are literally $1,000 per car, but when you have an issue they never help. Everyone at this auction from the GM, to the CR writers need to be fired. We are one of the BIGGEST BUYERS in the country from auction. This place needs to be investigated. I'm going to report this to NAAA, and the BBB. Thieves, I hope however you treat your customers keeps you up at night and is the reason for your place to shut down. Hope you know how to flip burgers.",Membership / Licensing / Fees & Bidding Policies,"Bidding Process, Rules and Fees",Fees
rvw-000831,google.com,Google Business Profile (ADESA Salt Lake),https://www.google.com/maps/reviews/data=!4m8!14m7!1m6!2m5!1sCi9DQUlRQUNvZENodHljRjlvT201dVVESjJla0U0ZVRsR1ZGaFFjM041WTJWd2FIYxAB!2m1!1s0x0:0x4f1eae3fc675601b!3m1!1s2@1:CAIQACodChtycF9oOm5uUDJ2ekE4eTlGVFhQc3N5Y2VwaHc%7C%7C?hl=en,google_business_us_profile,MizzYayymaeee JMS,2026-05-04,2,negative,"Honestly, do really like this place.But the way that some of these people they hired to drive these cars, you can tell, they don't respect a thing If you're any dealer buying from them, make sure you're doing an inspection on your suspension.","Lot Condition, Listing Status and related",Third-Party Inspection Authorization & Scheduling,Previewing/ Inspecting Vehicles
rvw-000265,birdeye.com,Birdeye (Google),https://reviews.birdeye.com/adesa-charlotte-166631397236159#review-2,birdeye_us_profile,Amjed Rasheed,2026-05-04,,positive,"Left multiple messages and still no response from this location. Calls go unanswered and no one follows up. Pretty frustrating experience, especially since every other ADESA location I’ve dealt with has been responsive and easy to work with. Huge difference in service here compared to the rest.",Customer Service & Communication,Support Access & Response Time,Delayed Email/Phone Response
rvw-000249,birdeye.com,Birdeye (Google),https://reviews.birdeye.com/adesa-charlotte-166631397236159#review-3,birdeye_us_profile,Amjed Rasheed,2026-05-03,,positive,"Left multiple messages and still no response from this location. Calls go unanswered and no one follows up. Pretty frustrating experience, especially since every other ADESA location I’ve dealt with has been responsive and easy to work with. Huge difference in service here compared to the rest.",Customer Service & Communication,Support Access & Response Time,Delayed Email/Phone Response
rvw-000320,google.com,Google Business Profile (ADESA Flint),https://www.google.com/maps/reviews/data=!4m8!14m7!1m6!2m5!1sCi9DQUlRQUNvZENodHljRjlvT2s5WGNYZFVjalJyYUZWTmJUQXRaWG90UzJkc1NYYxAB!2m1!1s0x0:0xc67e3588b4be2a48!3m1!1s2@1:CAIQACodChtycF9oOk9XcXdUcjRraFVNbTAtZXotS2dsSXc%7C%7C?hl=en,google_business_us_profile,Wisam Mikho,2026-05-01,1,negative,"Absolutely the worst experience I have ever had as a dealer. Their arbitration is terrible. Their manager Amanda was absolutely no help, didn’t even care about my concerns. Didn’t even have the audacity to call me back when she said she would, instead had a subordinate call me. Disgusted and never again will I step a foot in there.",Customer Service & Communication,Case Resolution Quality,Issue Not Resolved
rvw-000321,google.com,Google Business Profile (ADESA Kansas City),https://www.google.com/maps/reviews/data=!4m8!14m7!1m6!2m5!1sCi9DQUlRQUNvZENodHljRjlvT201WVV6aE9iV0o0UTI1RmFFOHlZM0ZzV2pWcWEyYxAB!2m1!1s0x0:0x7ff69944521dfa9c!3m1!1s2@1:CAIQACodChtycF9oOm5YUzhObWJ4Q25FaE8yY3FsWjVqa2c%7C%7C?hl=en,google_business_us_profile,Salsa King & Salsa Mia,2026-04-29,5,positive,Driver for Royal Auto and customer service are friendly positive attitude,Customer Service & Communication,Agent Professionalism & Responsiveness,Helpful Support Experience
rvw-000322,google.com,Google Business Profile (ADESA Dallas),https://www.google.com/maps/reviews/data=!4m8!14m7!1m6!2m5!1sCi9DQUlRQUNvZENodHljRjlvT2t0a2VtdFNkVk0xUkdaME5UUXROazV5YUdkelVHYxAB!2m1!1s0x0:0x6a47ae2265c7925d!3m1!1s2@1:CAIQACodChtycF9oOktkemtSdVM1RGZ0NTQtNk5yaGdzUGc%7C%7C?hl=en,google_business_us_profile,JAY HOLLAND,2026-04-28,5,positive,"I’ve been going to Adesa Dallas for years, same great service. But I have noticed a decline in the number of cars on auction day.",Membership / Licensing / Fees & Bidding Policies,"Bidding Process, Rules and Fees",How to Bid (First Time)
rvw-000832,google.com,Google Business Profile (ADESA Salt Lake),https://www.google.com/maps/reviews/data=!4m8!14m7!1m6!2m5!1sCi9DQUlRQUNvZENodHljRjlvT2pNMVdraFRiWEZXTTA5eVp6UlFUR3N0YWxWVk4yYxAB!2m1!1s0x0:0x4f1eae3fc675601b!3m1!1s2@1:CAIQACodChtycF9oOjM1WkhTbXFWM09yZzRQTGstalVVN2c%7C%7C?hl=en,google_business_us_profile,down the road,2026-04-24,5,positive,"I absolutely love this place, friendly professional and the best part plenty of room for transporters to park, well done",Customer Service & Communication,Agent Professionalism & Responsiveness,Helpful Support Experience
rvw-000323,google.com,Google Business Profile (ADESA Concord),https://www.google.com/maps/reviews/data=!4m8!14m7!1m6!2m5!1sCi9DQUlRQUNvZENodHljRjlvT21NNVVsbGxaRjlwT0hkbmEzTnFUbXcxU1ZOemExRRAB!2m1!1s0x0:0x657d5707422ca21!3m1!1s2@1:CAIQACodChtycF9oOmM5UlllZF9pOHdna3NqTmw1SVNza1E%7C%7C?hl=en,google_business_us_profile,dang her,2026-04-23,1,negative,This auction is Trash. If you are going to buy cars as a dealership then stay away. Bought a vehicle that clearly has oil leaking from the turbo and they said they didn't see anything. Car comes back to my lot and I send photos to Sam showing the leak. He want me to trust his mechanic who doesn't even see a leak on the turbo. Clearly this auction sell vehicles that are garbage. Don't let the green light make you want to buy a vehicle from this auction thinking you are protected. Sam stated that if their mechanic say that the vehicle has no issue then the claim is voided. The guy didn't even see the leak. DO NOT BUY FROM THIS AUCTION.,Membership / Licensing / Fees & Bidding Policies,"Bidding Process, Rules and Fees",Fees
rvw-000324,google.com,Google Business Profile (ADESA Dallas),https://www.google.com/maps/reviews/data=!4m8!14m7!1m6!2m5!1sCi9DQUlRQUNvZENodHljRjlvT2xwSk5GUTBNVk14ZW14ak1pMVRObWxRY0RGNFZWRRAB!2m1!1s0x0:0x6a47ae2265c7925d!3m1!1s2@1:CAIQACodChtycF9oOlpJNFQ0MVMxemxjMi1TNmlQcDF4VVE%7C%7C?hl=en,google_business_us_profile,Azim Akhtar,2026-04-23,1,negative,Bought a car at the auction car had a 4.4 cr out of 5 …..car has hail damage and 3 different panels have been repainted and dosnt match….arbitration manager dosnt seem to see an issue with the cr report …stating you saw the car…they graded the cr themselves and it is there mistake….car is actually a 2.4 not a 4.4,Customer Service & Communication,Agent Professionalism & Responsiveness,Rude/Unhelpful Support
rvw-000325,google.com,Google Business Profile (ADESA New Jersey),https://www.google.com/maps/reviews/data=!4m8!14m7!1m6!2m5!1sCi9DQUlRQUNvZENodHljRjlvT2xRM2NXWmlSbTVTVDFVeE9YbExOVlYyZUUxc1RFRRAB!2m1!1s0x0:0xd01acd06305ff6fb!3m1!1s2@1:CAIQACodChtycF9oOlQ3cWZiRm5ST1UxOXlLNVV2eE1sTEE%7C%7C?hl=en,google_business_us_profile,Chris Rios,2026-04-23,5,positive,"We bought a car and had to have the car replaced due to a fluke issue, but Courtney, a customer service rep made the pickup and replacement process super easy. She deserves 10s across the board. Courteous, friendly, helpful, genuinely engaged because we were not happy but that is behind us because of the service Courtney provided. The overall process was also easy. Thanks.",Customer Service & Communication,Agent Professionalism & Responsiveness,Helpful Support Experience
rvw-000326,google.com,Google Business Profile (ADESA Charlotte),https://www.google.com/maps/reviews/data=!4m8!14m7!1m6!2m5!1sCi9DQUlRQUNvZENodHljRjlvT2tKd2JFaFJTM2x6TWpkelgzRlBNVzFLWnpKYVkxRRAB!2m1!1s0x0:0xf2323fccb522e151!3m1!1s2@1:CAIQACodChtycF9oOkJwbEhRS3lzMjdzX3FPMW1KZzJaY1E%7C%7C?hl=en,google_business_us_profile,Larry Milliken,2026-04-22,1,negative,"I called on Friday, was given a Monday appointment for pickup. It’s an electric car, so I asked them to plug it in so it can charge over the weekend and won’t die. They didn’t plug it in until I called Monday. The car battery died over the weekend, so the 12V battery was drained and now has to be replaced, which could’ve been avoided had they plugged it in the first time I asked. Car had stuff in the front and back trunks, like someone started throwing things out but stopped halfway. Car had custom-fitted WeatherTech floormats inside, but they said they threw them away. I was also charged $40 for wash & vac but car was covered in dust inside and out, had huge boot print on the inside of the driver door. Woman helping me said “oh that’ll wash right off” like that makes it ok. Terrible company, terrible service. Employees I interacted with seemed like my business was interrupting whatever they were doing before I showed up and spoiled the fun. I’ll be reporting them to the BBB.",Membership / Licensing / Fees & Bidding Policies,"Bidding Process, Rules and Fees",Fees
rvw-000327,google.com,Google Business Profile (ADESA Memphis),https://www.google.com/maps/reviews/data=!4m8!14m7!1m6!2m5!1sCi9DQUlRQUNvZENodHljRjlvT2tZelJVVXRWR1ZLZEdKalowUjRZVko2ZERoVE9WRRAB!2m1!1s0x0:0xf3173c4480f55004!3m1!1s2@1:CAIQACodChtycF9oOkYzRUUtVGVKdGJjZ0R4YVJ6dDhTOVE%7C%7C?hl=en,google_business_us_profile,Анатолий Федотов,2026-04-22,1,negative,"“The truck wouldn’t start, and there were no keys. The security guard said he’d arrange for them to load it with a forklift, so I waited. I kept checking with him, and he just kept saying, ‘just wait.’ Then he suddenly closed up and left. I asked him if they were still going to load my truck, and he told me everyone had already gone home and they weren’t going to load it. I ended up waiting for two hours for nothing, and nobody gave me the truck.”",Account / Access / Login,Password Reset & Login Troubleshooting,App Login Troubleshooting
rvw-000328,google.com,Google Business Profile (ADESA Flint),https://www.google.com/maps/reviews/data=!4m8!14m7!1m6!2m5!1sCi9DQUlRQUNvZENodHljRjlvT21NM09EZDFVekV5T0MweWRUVnViRkZ4YVRSVk1tYxAB!2m1!1s0x0:0xc67e3588b4be2a48!3m1!1s2@1:CAIQACodChtycF9oOmM3ODd1UzEyOC0ydTVubFFxaTRVMmc%7C%7C?hl=en,google_business_us_profile,Moe Raji,2026-04-20,1,negative,Not sure what changed in the last few months but this place is not the same. Junk vehicles with misleading condition reports that favor the seller and themselves. Arbitration is no help either and do what they can to make a claim invalid to stick you with a vehicle. If you like rust buckets that puke oil this is the place to be!,"Lot Condition, Listing Status and related",Lot Condition Reporting,Lot Damage
rvw-000329,google.com,Google Business Profile (ADESA Reno),https://www.google.com/maps/reviews/data=!4m8!14m7!1m6!2m5!1sCi9DQUlRQUNvZENodHljRjlvT25ScE0zYzJPVzU0Y0dKRWVFSm5SM2N5TlZBelVrRRAB!2m1!1s0x0:0x31d7a969467cdd51!3m1!1s2@1:CAIQACodChtycF9oOnRpM3c2OW54cGJEeEJnR3cyNVAzUkE%7C%7C?hl=en,google_business_us_profile,Jerry Pryor,2026-04-20,5,positive,First time picking up here and the people were absolutely professional and kind. The one person I give a praise to is Diane she was the best very professional and respectful.,Customer Service & Communication,Agent Professionalism & Responsiveness,Helpful Support Experience
rvw-000213,apps.apple.com,"Apple App Store (1660253652, us)",https://itunes.apple.com/us/review?id=1660253652&type=Purple%20Software&reviewId=13976371755,apple_us_store,John branson,2026-04-19,1,negative,Terrible app. Just absolutely the worst application and website there're possibly is for an auto auction. It's just incredibly insanely stupid.,Account / Access / Login,Password Reset & Login Troubleshooting,App Login Troubleshooting
rvw-000146,apps.apple.com,"Apple App Store (1660253652, us)",https://itunes.apple.com/us/review?id=1660253652&type=Purple%20Software&reviewId=13968753748,apple_us_store,Nicknamed Gee,2026-04-17,1,negative,"Bugs all over the app. I have updated the app, downloaded it in all my other phones and have the same issues everywhere. As soon as you click anything about the car, specially the codes stuff it keeps bringing you back to the last screen.",Account / Access / Login,Password Reset & Login Troubleshooting,App Login Troubleshooting
rvw-000330,google.com,Google Business Profile (ADESA New Jersey),https://www.google.com/maps/reviews/data=!4m8!14m7!1m6!2m5!1sCi9DQUlRQUNvZENodHljRjlvT2w5U1FsOXRhRkl3VERBdGRGRlBRM0pDYjFCMmEwRRAB!2m1!1s0x0:0xd01acd06305ff6fb!3m1!1s2@1:CAIQACodChtycF9oOl9SQl9taFIwTDAtdFFPQ3JCb1B2a0E%7C%7C?hl=en,google_business_us_profile,Nayeful Islam Nayef,2026-04-15,1,negative,Went to pick up a car yesterday night around 9:30 pm car had dead battery i walk back to gate and asked the black guy with long hair at the gate he was working at the gate that time if i can get a jump box because car has dead battery the guy said we don't carry jump box here get your own or come back tomorrow with jump starter then he was like if you can buy a car im pretty sure you can afford a jump box as well the guy was very rude then i just left,Customer Service & Communication,Agent Professionalism & Responsiveness,Rude/Unhelpful Support
rvw-000214,birdeye.com,Birdeye (Google),https://reviews.birdeye.com/adesa-las-vegas-164841342274985#review-4,birdeye_us_profile,Jessie Allen,2026-04-15,,positive,But a mistake that I had to pay for. There is no type of professionalism anymore..I should not had to wait for something when there is a appointment involved..thats the whole concept of appointments...is it not?? I'm still fuming.. But will get over it..this place is bad business when it comes to professionalism...,Customer Service & Communication,Agent Professionalism & Responsiveness,Helpful Support Experience
rvw-000147,apps.apple.com,"Apple App Store (1660253652, us)",https://itunes.apple.com/us/review?id=1660253652&type=Purple%20Software&reviewId=13962344664,apple_us_store,GT-RDude,2026-04-15,1,negative,DAILY UPDATES!. This is crazy! Can’t use the app without updating which is almost every 2 days. Constantly updating can’t do anything.,Account / Access / Login,Password Reset & Login Troubleshooting,App Login Troubleshooting
rvw-000331,google.com,Google Business Profile (ADESA Boston),https://www.google.com/maps/reviews/data=!4m8!14m7!1m6!2m5!1sCi9DQUlRQUNvZENodHljRjlvT21SWFRUUlllVkpQUjFjMVJEVXRla3RsTW5GQlVXYxAB!2m1!1s0x0:0x159ea0564a37c95b!3m1!1s2@1:CAIQACodChtycF9oOmRXTTRYeVJPR1c1RDUtektlMnFBUWc%7C%7C?hl=en,google_business_us_profile,Fabiano Santana,2026-04-12,1,negative,"I’m here to vent. I’m a car transporter; I arrived last night, parked my truck, and drove the specific car I needed through security. Since I was tired, I left the car parked near my truck and went to sleep. In the morning, they had towed it. I went to the security booth, and they told me to call “Exceptional Auto Body” because that’s where the car was. I was outraged, as I feel they didn’t respect the minimum grace period for parking; I suspect the security guards are likely profiting from this towing racket—there’s simply no other explanation!","Vehicle Pickup, Delivery and Scheduling",Tow and Storage Charges,Tow and Storage Fees
rvw-000148,apps.apple.com,"Apple App Store (1660253652, us)",https://itunes.apple.com/us/review?id=1660253652&type=Purple%20Software&reviewId=13943418550,apple_us_store,Wholesale Inc,2026-04-10,1,negative,Unadulterated Trash. Who did you hire to make this APP? Kindergarteners from third world country?,Account / Access / Login,Password Reset & Login Troubleshooting,App Login Troubleshooting
rvw-000332,google.com,Google Business Profile (ADESA Dallas),https://www.google.com/maps/reviews/data=!4m8!14m7!1m6!2m5!1sCi9DQUlRQUNvZENodHljRjlvT2twUFpGWkNYMFJwWWpWdlptcGhVelpvUkZwelFtYxAB!2m1!1s0x0:0x6a47ae2265c7925d!3m1!1s2@1:CAIQACodChtycF9oOkpPZFZCX0RpYjVvZmphUzZoRFpzQmc%7C%7C?hl=en,google_business_us_profile,Bill S.,2026-04-08,2,negative,04/08/26 Came to pick up ONE CAR WAS WAITING FOR COURTESY CUSTOMER SERVICE FOR 1.5 hours NO ONE SHOWED UP LATER FOUND WHITE AUDI SUV COURTESY CUSTOMER SERVICE CAR *** HIDING FROM CUSTOMERS *** NO ONE CARES HORRIBLE CUSTOMER COURTESY SERVICE,Customer Service & Communication,Agent Professionalism & Responsiveness,Rude/Unhelpful Support
rvw-000333,google.com,Google Business Profile (ADESA New Jersey),https://www.google.com/maps/reviews/data=!4m8!14m7!1m6!2m5!1sCi9DQUlRQUNvZENodHljRjlvT2kxZlgzTkhTVjlKZUdSVWFrUk5iMloxU3pSSWNWRRAB!2m1!1s0x0:0xd01acd06305ff6fb!3m1!1s2@1:CAIQACodChtycF9oOi1fX3NHSV9JeGRUakRNb2Z1SzRIcVE%7C%7C?hl=en,google_business_us_profile,Amado “Quadride4life” Antonio,2026-04-08,1,negative,"Do not waste your time calling; they are unlikely to answer. It is a significant time-waster to call repeatedly and leave messages, as they will likely not respond.",Customer Service & Communication,Communication Follow-up & Escalation,No Callback / Unresolved Case
rvw-000334,google.com,Google Business Profile (ADESA Seattle),https://www.google.com/maps/reviews/data=!4m8!14m7!1m6!2m5!1sCi9DQUlRQUNvZENodHljRjlvT2paV2RYSkpUVkJWT1VzdE4waEVVMFpuUVcxd2FsRRAB!2m1!1s0x0:0xf4e30d6e013958b9!3m1!1s2@1:CAIQACodChtycF9oOjZWdXJJTVBVOUstN0hEU0ZnQW1walE%7C%7C?hl=en,google_business_us_profile,Faryal M,2026-04-08,1,negative,Rude staff. The office ladies especially. They don’t want to do their jobs and are extremely degrading over nothing. Also the vehicles are trash. How can you give a green light with 4.5+ grading to a truck with a bad transmission. This has happened more than once.,Customer Service & Communication,Agent Professionalism & Responsiveness,Rude/Unhelpful Support
rvw-000149,reddit.com,Reddit r/askcarsales,https://www.reddit.com/r/askcarsales/comments/1sd3mh4/pics_from_the_auction_is_this_a_common_thing_now/,mixed_source_ok,FUPeiMe,2026-04-05,,positive,"Pics From The Auction - Is This a Common Thing Now? Would love to hear some opinions from those in the industry, and maybe some shoppers too. I am currently in the market for a used sports car (though I am guessing this is not isolated just to that niche). I have Autotrader alerts setup and I do my own browsing. I am specifically noticing on the Autotrader alerts (because they email as soon as something fits my criteria) that dealers are snapping 7-10 pics at ADESA or similar and throwing them up for sale, often with a caption saying ""more pics coming soon"" or something like that. I've seen this with both *name brand* dealers (ie Bob Smith Audi) as well as mid tier dealers (ie Magic Motors of City). Presumably once they get it back they'll detail the car and take better pics, but I am wondering if cars are selling so quick now that they don't even need to do that, or are they just lazy? Also, do shoppers not know what signs to notice that indicate it's at an auction (keys hanging from the wheel, ten auction lanes in the background, etc)? Would love to get insight from industry pros. Thanks in advance!",Customer Service & Communication,Agent Professionalism & Responsiveness,Helpful Support Experience
rvw-000250,birdeye.com,Birdeye (Google),https://reviews.birdeye.com/adesa-las-vegas-164841342274985#review-5,birdeye_us_profile,Jessie Allen,2026-04-03,,positive,But a mistake that I had to pay for. There is no type of professionalism anymore..I should not had to wait for something when there is a appointment involved..thats the whole concept of appointments...is it not?? I'm still fuming.. But will get over it..this place is bad business when it comes to professionalism...,Customer Service & Communication,Agent Professionalism & Responsiveness,Helpful Support Experience
rvw-000193,birdeye.com,Birdeye (Google),https://reviews.birdeye.com/adesa-las-vegas-164841342274985#review-2,birdeye_us_profile,Jessie Allen,2026-04-02,,positive,But a mistake that I had to pay for. There is no type of professionalism anymore..I should not had to wait for something when there is a appointment involved..thats the whole concept of appointments...is it not?? I'm still fuming.. But will get over it..this place is bad business when it comes to professionalism...,Customer Service & Communication,Agent Professionalism & Responsiveness,Helpful Support Experience
rvw-000226,trustpilot.com,Trustpilot (adesa.com),https://www.trustpilot.com/reviews/69e110277dc17eb68ae7e3ee,trustpilot_us_slug,Trustpilot user,2026-04-01,,positive,"I've been purchasing a fair number from…. I've been purchasing a fair number from the Adesa Clear channel. The experiences started out well but quickly has gone down since! They misrepresent vehicles. Arbitration sends unqualified inspectors and won't reopen cases. The most recent case we had needed the vehicle to run for a few minutes to duplicate the issue but inspector didn't even start the vehicle. Case was denied. Several emails and calls later, still denied! Another one had trim level discrepancy. They basically stated that you bought the car for MMR, take it or return. Needless to say that there are many other sources for vehicle acquisition.",Customer Service & Communication,Agent Professionalism & Responsiveness,Helpful Support Experience
rvw-000335,google.com,Google Business Profile (ADESA Boston),https://www.google.com/maps/reviews/data=!4m8!14m7!1m6!2m5!1sCi9DQUlRQUNvZENodHljRjlvT21odFVUSnphMFJrUlhkWVkwZDFWMkZ3WW5kQ00wRRAB!2m1!1s0x0:0x159ea0564a37c95b!3m1!1s2@1:CAIQACodChtycF9oOmhtUTJza0RkRXdYY0d1V2FwYndCM0E%7C%7C?hl=en,google_business_us_profile,Justin Welsch,2026-03-31,1,negative,"I highly suggest that this company changes their work practice due to the fact my vehicle was repossessed during a hold harmless. The vehicle was sitting on their property for about a month. They claimed they have no responsibility for any damaged or stolen items. Very misleading, horrible experience, even with finding the front entrance for pick up and I can’t wait to hear back and see the reply to the malpractice and what they claim. Multiple things damaged, including even missing parts such as windshield wipers stolen registration insurance papers, medicine in the vehicle missing, clothing missing. I would not even trust sending the worst lemon there as they would probably turn that lemon into a lime. The fact that they stole sentimental, especially during a hold harmless, and then release form as if my car was hostage, and then denying that anything was taken, is horribly wrong. Thanks for ruining my kids day along with mine. You guys are a joke. I would rather trust someone homeless from Hartford off the street to hold my car over this company. Thanks for the hell.","Lot Condition, Listing Status and related",Lot Condition Reporting,Lot Damage
rvw-000336,google.com,Google Business Profile (ADESA New Jersey),https://www.google.com/maps/reviews/data=!4m8!14m7!1m6!2m5!1sCi9DQUlRQUNvZENodHljRjlvT2tWTVZtWkRlV1JqVTI0NWFrVlpUbVJtVUZwS1RtYxAB!2m1!1s0x0:0xd01acd06305ff6fb!3m1!1s2@1:CAIQACodChtycF9oOkVMVmZDeWRjU245akVZTmRmUFpKTmc%7C%7C?hl=en,google_business_us_profile,Bhisham Ramhit,2026-03-31,1,negative,"I purchased a vehicle from ADESA New Jersey that was clearly shown in the auction photos with the front bumper attached. However, when the vehicle was picked up, the tow truck driver documented and sent photos showing that the car was missing the front bumper at the time of pickup. I contacted ADESA New Jersey numerous times to speak with someone about this issue, but my calls were ignored and I received no meaningful assistance. I then attempted to go through the arbitration process to resolve the problem, only to be charged a $75 arbitration fee—twice—simply for disputing the condition of the vehicle. This experience was extremely frustrating and unprofessional. The lack of communication, accountability, and customer support is unacceptable, especially when purchasing vehicles through an auction platform where accuracy and trust are critical. 1st photo is how vehicle advertised. 2nd photo is tow truck drivers photo before putting on the truck in adesa sold yard. 3rd photo is how I received the car.",Customer Service & Communication,Agent Professionalism & Responsiveness,Rude/Unhelpful Support
rvw-000227,birdeye.com,Birdeye (Google),https://reviews.birdeye.com/adesa-las-vegas-164841342274985#review-5,birdeye_us_profile,Jessie Allen,2026-03-28,,positive,But a mistake that I had to pay for. There is no type of professionalism anymore..I should not had to wait for something when there is a appointment involved..thats the whole concept of appointments...is it not?? I'm still fuming.. But will get over it..this place is bad business when it comes to professionalism...,Customer Service & Communication,Agent Professionalism & Responsiveness,Helpful Support Experience
rvw-000228,birdeye.com,Birdeye (Birdeye),https://reviews.birdeye.com/adesa-cincinnati-dayton-149147997743249#review-1,birdeye_us_profile,Jason K.,2026-03-28,,negative,The worst auction in the world charged me $67 to charge my electric car for one hour Fees are out of control Hope they go out of business Absolute garbage,Membership / Licensing / Fees & Bidding Policies,"Bidding Process, Rules and Fees",Fees
rvw-000337,google.com,Google Business Profile (ADESA New Jersey),https://www.google.com/maps/reviews/data=!4m8!14m7!1m6!2m5!1sCi9DQUlRQUNvZENodHljRjlvT2toeWJsQnBZM1F6TUdJNFFVdGFSVTV6YUVnMGQxRRAB!2m1!1s0x0:0xd01acd06305ff6fb!3m1!1s2@1:CAIQACodChtycF9oOkhyblBpY3QzMGI4QUtaRU5zaEg0d1E%7C%7C?hl=en,google_business_us_profile,Ibrahim Aljashaam,2026-03-27,1,negative,"I wish i can give them less than 1 star Sales department they have really, really bad editor I don’t wanna mention names but somebody have to fix that (Manager, or supervisor) Look at your employees please",Customer Service & Communication,Agent Professionalism & Responsiveness,Rude/Unhelpful Support
rvw-000150,birdeye.com,Birdeye (Google),https://reviews.birdeye.com/adesa-las-vegas-164841342274985#review-2,birdeye_us_profile,Jessie Allen,2026-03-27,,positive,But a mistake that I had to pay for. There is no type of professionalism anymore..I should not had to wait for something when there is a appointment involved..thats the whole concept of appointments...is it not?? I'm still fuming.. But will get over it..this place is bad business when it comes to professionalism...,Customer Service & Communication,Agent Professionalism & Responsiveness,Helpful Support Experience
rvw-000151,birdeye.com,Birdeye (Birdeye),https://reviews.birdeye.com/adesa-cincinnati-dayton-149147997743249#review-1,birdeye_us_profile,Jason K.,2026-03-27,,negative,The worst auction in the world charged me $67 to charge my electric car for one hour Fees are out of control Hope they go out of business Absolute garbage,Membership / Licensing / Fees & Bidding Policies,"Bidding Process, Rules and Fees",Fees
rvw-000338,google.com,Google Business Profile (ADESA Reno),https://www.google.com/maps/reviews/data=!4m8!14m7!1m6!2m5!1sCi9DQUlRQUNvZENodHljRjlvT2tzM01YVTNlVFJUWVZVelpGOVZNWG95YWxvdFEwRRAB!2m1!1s0x0:0x31d7a969467cdd51!3m1!1s2@1:CAIQACodChtycF9oOks3MXU3eTRTYVUzZF9VMXoyalotQ0E%7C%7C?hl=en,google_business_us_profile,Cheyenne Swift,2026-03-26,1,negative,"Horrible people. When they empty your repo vehicle instead of just collecting everything and putting in one spot for you THEY take it upon themselves to decide what’s trash and what’s not. They threw away ~$300 worth of personal belongings of mine!!! There was an entire box of books, fishing poles, electronics, etc. they also threw away memorabilia (photos and trinkets) things I can’t replace because those loved ones are no longer on this earth. I hope these people get the karma they absolutely deserve for being heartless towards others misfortune. Worst establishment ever!","Lot Condition, Listing Status and related",Personal belongings/ items,Removal / Retrieval of items left in vehicle
rvw-000339,google.com,Google Business Profile (ADESA Birmingham),https://www.google.com/maps/reviews/data=!4m8!14m7!1m6!2m5!1sCi9DQUlRQUNvZENodHljRjlvT2taS1NXcGtNMDVMY0djMVYzZEJjRk5xTUdOT1dXYxAB!2m1!1s0x0:0xf16f6e5c92888c0f!3m1!1s2@1:CAIQACodChtycF9oOkZKSWpkM05LcGc1V3dBcFNqMGNOWWc%7C%7C?hl=en,google_business_us_profile,Aziz Safi,2026-03-25,2,negative,"I’ve been trying to contact the transportation department for about 2 weeks now. No one has answered, no call back, nothing. The front desk cannot help me with any sort of transportation matters which makes things worse. Currently in another state and I’m having trouble getting my vehicle. Very unfortunate.",Customer Service & Communication,Support Access & Response Time,Delayed Email/Phone Response
rvw-000340,google.com,Google Business Profile (ADESA Kansas City),https://www.google.com/maps/reviews/data=!4m8!14m7!1m6!2m5!1sCi9DQUlRQUNvZENodHljRjlvT21KZll6Wm9WbTFITmxKVFRuUkZlVGRxV1ZsblgyYxAB!2m1!1s0x0:0x7ff69944521dfa9c!3m1!1s2@1:CAIQACodChtycF9oOmJfYzZoVm1HNlJTTnRFeTdqWVlnX2c%7C%7C?hl=en,google_business_us_profile,Patrick Coffman,2026-03-25,2,negative,"This uses to be a good place to load, always someone to drive you to the cars location. Nows it's setup for carvana and its a lot of walking to find your vehicles. Has turned unfriendly as far as being able to use the app to find your cars, will refuse any pickup ms at this location a waste of precious time",Account / Access / Login,Password Reset & Login Troubleshooting,App Login Troubleshooting
rvw-000341,google.com,Google Business Profile (ADESA Pennsylvania),https://www.google.com/maps/reviews/data=!4m8!14m7!1m6!2m5!1sCi9DQUlRQUNvZENodHljRjlvT25aTlJYTk1hVlV4VFhnMFYwZEhTMGRaZDNOdVkyYxAB!2m1!1s0x0:0xadbe9fd728415dfa!3m1!1s2@1:CAIQACodChtycF9oOnZNRXNMaVUxTXg0V0dHS0dZd3NuY2c%7C%7C?hl=en,google_business_us_profile,Kevin,2026-03-25,3,negative,"Was a decent auction, never had a problem with any of the office employees only corporate issues, they need to find a wholesaler to replace car group though because this auction will turn into Manheim keystone if not. They went from 3-400 car to less than 100 some weeks.",Membership / Licensing / Fees & Bidding Policies,"Bidding Process, Rules and Fees",Fees
rvw-000001,apps.apple.com,"Apple App Store (1660253652, us)",https://itunes.apple.com/us/review?id=1660253652&type=Purple%20Software&reviewId=13886396596,apple_us_store,Carman7700,2026-03-25,1,negative,Go back to the old app. This new app is horrible I miss the old app. Very disappointed in adesa. I’ve been going to adesa since 1989. Very very disappointed.,Account / Access / Login,Password Reset & Login Troubleshooting,App Login Troubleshooting
rvw-000342,google.com,Google Business Profile (ADESA Pennsylvania),https://www.google.com/maps/reviews/data=!4m8!14m7!1m6!2m5!1sCi9DQUlRQUNvZENodHljRjlvT2xKRVh5MVZNV2MzUlU5UWNXWktOVlZ6VGxWVWNsRRAB!2m1!1s0x0:0xadbe9fd728415dfa!3m1!1s2@1:CAIQACodChtycF9oOlJEXy1VMWc3RU9QcWZKNVVzTlVUclE%7C%7C?hl=en,google_business_us_profile,Jessica Lopez,2026-03-24,1,negative,"Worst auction ever! 95% of the cars that pass in the lanes are junk. The employees are super rude, there's alot of favoritism there. The women at the security box is very unprofessional, she yelled at us and called us ""dumbasses"" and threw the middle finger at us. We went to management and they did nothing! So apparently they do not care about their customers and they accept their employees using racial comments! We have been going to Adesa since they used to be PADE, will definitely not be returning!",Customer Service & Communication,Agent Professionalism & Responsiveness,Rude/Unhelpful Support
rvw-000343,google.com,Google Business Profile (ADESA Seattle),https://www.google.com/maps/reviews/data=!4m8!14m7!1m6!2m5!1sCi9DQUlRQUNvZENodHljRjlvT2xCVFZtaDRiRUZ0TmtNeExUUnZOa2hGVGkxTGVXYxAB!2m1!1s0x0:0xf4e30d6e013958b9!3m1!1s2@1:CAIQACodChtycF9oOlBTVmh4bEFtNkMxLTRvNkhFTi1LeWc%7C%7C?hl=en,google_business_us_profile,Alex,2026-03-24,1,negative,"Bought a car on clear, rated 3.6 CR. Came to pick it up and there was body damage that wasn’t listed on the ad. I have no idea who inspected this car but in reality the CR was closer to a 2.0. Very very disappointed. Paid close to retail price and got completely ripped off. Last time I buy from Adesa clear in Seattle. Wheel bearing was shot too, sounded like a helicopter on the way back to Portland. Absolutely sucked that also wasn’t listed.","Lot Condition, Listing Status and related",Lot Condition Reporting,Lot Damage
rvw-000152,reddit.com,Reddit r/askcarsales,https://www.reddit.com/r/askcarsales/comments/1s0wmrl/why_are_dealers_over_bidding_at_dealer_auctions/,mixed_source_ok,Sajor1975,2026-03-22,,negative,"Why are dealers over bidding at dealer auctions I know tax season is still hot and people are looking at ways to spend their refunds, I still dont get why are dealers over bidding by $2k + on some cars at auctions like manheim, adesa, metro, penske, I asked chatgpt same question, it says buyers are assuming a lot lol, assuming they will turn around the car in days, no major issues to repair, selling warranties and programs , i dont buy it lol, too much risk.","Payment Refunds, Transaction Issues and Deposits",Refunds & Membership Billing,Deposit Refund Status
rvw-000833,google.com,Google Business Profile (ADESA Chicago),https://www.google.com/maps/reviews/data=!4m8!14m7!1m6!2m5!1sCi9DQUlRQUNvZENodHljRjlvT2pOUFoycFJRMnBsYVRCUE1VdEpjVXd5ZVdkc1NVRRAB!2m1!1s0x0:0x29cf546c41c2f6ff!3m1!1s2@1:CAIQACodChtycF9oOjNPZ2pRQ2plaTBPMUtJcUwyeWdsSUE%7C%7C?hl=en,google_business_us_profile,Paul Taylor,2026-03-20,1,negative,"Purchased a car there. They lost the title, we had to sit with the car for well over a year going back and forth with them. Even going back and forth from the seller trying to acquire another title. Title department and manager were of absolute no help and did not care. We ended up spending another 800 for us to get another title.... customer service is beyond ridiculous!",Customer Service & Communication,Case Resolution Quality,Issue Not Resolved
rvw-000002,birdeye.com,Birdeye (Google),https://reviews.birdeye.com/adesa-las-vegas-164841342274985#review-1,birdeye_us_profile,Jessie Allen,2026-03-18,,positive,But a mistake that I had to pay for. There is no type of professionalism anymore..I should not had to wait for something when there is a appointment involved..thats the whole concept of appointments...is it not?? I'm still fuming.. But will get over it..this place is bad business when it comes to professionalism...,Customer Service & Communication,Agent Professionalism & Responsiveness,Helpful Support Experience
rvw-000003,birdeye.com,Birdeye (Google),https://reviews.birdeye.com/adesa-las-vegas-164841342274985?page=2#review-1,birdeye_us_profile,Jessie Allen,2026-03-18,,positive,But a mistake that I had to pay for. There is no type of professionalism anymore..I should not had to wait for something when there is a appointment involved..thats the whole concept of appointments...is it not?? I'm still fuming.. But will get over it..this place is bad business when it comes to professionalism...,Customer Service & Communication,Agent Professionalism & Responsiveness,Helpful Support Experience
rvw-000004,birdeye.com,Birdeye (Birdeye),https://reviews.birdeye.com/adesa-cincinnati-dayton-149147997743249#review-1,birdeye_us_profile,Jason K.,2026-03-18,,negative,The worst auction in the world charged me $67 to charge my electric car for one hour Fees are out of control Hope they go out of business Absolute garbage,Membership / Licensing / Fees & Bidding Policies,"Bidding Process, Rules and Fees",Fees
rvw-000215,birdeye.com,Birdeye (Birdeye),https://reviews.birdeye.com/adesa-cincinnati-dayton-149147997743249#review-1,birdeye_us_profile,Jason K.,2026-03-16,,negative,The worst auction in the world charged me $67 to charge my electric car for one hour Fees are out of control Hope they go out of business Absolute garbage,Membership / Licensing / Fees & Bidding Policies,"Bidding Process, Rules and Fees",Fees
rvw-000344,google.com,Google Business Profile (ADESA Seattle),https://www.google.com/maps/reviews/data=!4m8!14m7!1m6!2m5!1sCi9DQUlRQUNvZENodHljRjlvT25wSFFtTTRVblpOWDNKZlRWaFNWRWQ1ZFdaNFUyYxAB!2m1!1s0x0:0xf4e30d6e013958b9!3m1!1s2@1:CAIQACodChtycF9oOnpHQmM4UnZNX3JfTVhSVEd5dWZ4U2c%7C%7C?hl=en,google_business_us_profile,Riley Shepherd,2026-03-13,5,positive,"We buy most of our inventory at Adesa Seattle, the inspections are pretty good as far as auctions go and the staff is always friendly and helpful in the title, accounting and dealer relations departments! They also do a good job of processing my paperwork and titles quickly so I don't take a huge part of my day getting cars here. The auctioneers do a good job trying get more bids whenever we sell with Adesa so this place is good to buy and sell. The Adesa Clear buyer's fees are also really competitive in my opinion and I have had the best luck with all of our Adesa Clear purchases. Overall it's my personal favorite wholesale auction in the PNW",Customer Service & Communication,Agent Professionalism & Responsiveness,Helpful Support Experience
rvw-000005,apps.apple.com,"Apple App Store (1660253652, us)",https://itunes.apple.com/us/review?id=1660253652&type=Purple%20Software&reviewId=13836933966,apple_us_store,Nyvip,2026-03-11,1,negative,"Not working properly. Since march 5 I have in app only Adesa clear, no way to choose Simulcast!!! When I log in, after I do sms code verification, I have running circle which never stops. So basically I can’t go further. After I restart app, it opens, but I have only clear. No Access to simulcast. I deleted app completely, reset cache and deleted, nothing helps. If I log in with my Samsung, everything works fine.",Account / Access / Login,Password Reset & Login Troubleshooting,App Login Troubleshooting
rvw-000345,google.com,Google Business Profile (ADESA New Jersey),https://www.google.com/maps/reviews/data=!4m8!14m7!1m6!2m5!1sCi9DQUlRQUNvZENodHljRjlvT25KMlpHOVJZbUZuYmxwZk5IZERia00xYWpCbk1VRRAB!2m1!1s0x0:0xd01acd06305ff6fb!3m1!1s2@1:CAIQACodChtycF9oOnJ2ZG9RYmFnblpfNHdDbkM1ajBnMUE%7C%7C?hl=en,google_business_us_profile,Tuckahoe Autoland,2026-03-10,1,negative,Adesa called ask me to buy cars from adesa clear i was like lets try them every car i have issues i bought a car that i sent my transporter to pick it up and was no key been trying to call adesa for over a week no one ever get back to me stay away guys worst customer service after they take their money they will not care so dispointed and till this moment no one contact me.,Customer Service & Communication,Agent Professionalism & Responsiveness,Rude/Unhelpful Support
rvw-000346,google.com,Google Business Profile (ADESA Washington D.C.),https://www.google.com/maps/reviews/data=!4m8!14m7!1m6!2m5!1sCi9DQUlRQUNvZENodHljRjlvT2taR1NFaHdRMXB1Y1d4TU0xTnVXVVpXVm5GTVNGRRAB!2m1!1s0x0:0xdad802a3b6c7ae8a!3m1!1s2@1:CAIQACodChtycF9oOkZGSEhwQ1pucWxMM1NuWUZWVnFMSFE%7C%7C?hl=en,google_business_us_profile,Sandra Velasquez,2026-03-10,1,negative,"Very bad experience, I bought several cars, including two bad cars, they were garbage, one did not serve the engine and another the transmission, the bad thing that in the specification said that they were perfect without mechanical problems, I think they are friends of some diles that sell garbage very badly, is a bad reputation for the auction.",Membership / Licensing / Fees & Bidding Policies,"Bidding Process, Rules and Fees",Fees
rvw-000153,reddit.com,Reddit r/askcarsales,https://www.reddit.com/r/askcarsales/comments/1rm0r45/how_can_i_get_access_to_adesa_or_manheim_i_want/,mixed_source_ok,Environmental-Row805,2026-03-06,,negative,"How can I get access to ADESA or Manheim?? I want to buy cars. Anybody can hook me up? I am willing to pay a fee or a membership or something to buy cars through someone's account. Thanks, any info is appreciated it.",Membership / Licensing / Fees & Bidding Policies,"Bidding Process, Rules and Fees",Fees
rvw-000006,apps.apple.com,"Apple App Store (1660253652, us)",https://itunes.apple.com/us/review?id=1660253652&type=Purple%20Software&reviewId=13819919597,apple_us_store,Gmv1979,2026-03-06,1,negative,No works worst app for auctions. No work on iphone17 I cant see my purchases my workbook,Account / Access / Login,Password Reset & Login Troubleshooting,App Login Troubleshooting
rvw-000266,birdeye.com,Birdeye (Birdeye),https://reviews.birdeye.com/adesa-cincinnati-dayton-149147997743249#review-1,birdeye_us_profile,Jason K.,2026-03-05,,negative,The worst auction in the world charged me $67 to charge my electric car for one hour Fees are out of control Hope they go out of business Absolute garbage,Membership / Licensing / Fees & Bidding Policies,"Bidding Process, Rules and Fees",Fees
rvw-000251,birdeye.com,Birdeye (Birdeye),https://reviews.birdeye.com/adesa-cincinnati-dayton-149147997743249#review-1,birdeye_us_profile,Jason K.,2026-03-04,,negative,The worst auction in the world charged me $67 to charge my electric car for one hour Fees are out of control Hope they go out of business Absolute garbage,Membership / Licensing / Fees & Bidding Policies,"Bidding Process, Rules and Fees",Fees
rvw-000347,google.com,Google Business Profile (ADESA Atlanta),https://www.google.com/maps/reviews/data=!4m8!14m7!1m6!2m5!1sCi9DQUlRQUNvZENodHljRjlvT2kxTVJUTnFWa3R1T0haNE0ybzRjMFJIVVZCcFJuYxAB!2m1!1s0x0:0x8ca5797c8ce4da57!3m1!1s2@1:CAIQACodChtycF9oOi1MRTNqVktuOHZ4M2o4c0RHUVBpRnc%7C%7C?hl=en,google_business_us_profile,Elite Automotive LLC,2026-03-03,5,positive,Huge shout-out to VICKY (TITLE DPT) for all her help! She helped me track down a number I really needed and was incredibly kind and patient throughout the whole process. It’s rare to find someone who listens so well and genuinely wants to help. Five stars!,"Title, Ownership, POA and Documentation",Power of Attorney (POA) Handling,POA Requirements Clarification
rvw-000194,birdeye.com,Birdeye (Birdeye),https://reviews.birdeye.com/adesa-cincinnati-dayton-149147997743249#review-1,birdeye_us_profile,Jason K.,2026-03-03,,negative,The worst auction in the world charged me $67 to charge my electric car for one hour Fees are out of control Hope they go out of business Absolute garbage,Membership / Licensing / Fees & Bidding Policies,"Bidding Process, Rules and Fees",Fees
rvw-000007,bbb.org,BBB Complaints,https://www.bbb.org/us/nv/north-las-vegas/profile/auto-auction/adesa-las-vegas-1086-90040145/complaints#1086_90040145_24574719,bbb_us_business,BBB complainant,2026-03-02,1,negative,"Sales and Advertising Issues. I am filing a formal complaint against ADESA Las Vegas regarding an unresolved issue involving a vehicle purchase and a missing key.I purchased a REMOVED vehicle from ADESA Las Vegas and worked directly with REMOVED , REMOVED and REMOVED (General Manager). The listing photos clearly show a key inserted in the vehicles ignition. I have submitted these photos as part of this complaint. This proves the vehicle had a key at the time it was listed and advertised.After the sale, I was informed that the key had been lost. Because the key was missing while the vehicle was still in ADESA Las Vegass possession, the vehicle had to be transported as inoperable (INOP). As a direct result of their failure to provide the key shown in the listing, I was charged an additional $500 in transportation REMOVED be clear, the $500 was not for purchasing a replacement key it was an extra transport charge solely because the vehicle could not be moved as operable due to the missing key.Despite presenting the listing photos as proof that the vehicle originally had a key, ADESA Las Vegas has refused to take responsibility. I have made multiple attempts to resolve this matter directly, but my calls have been ignored and I have been given the runaround.The evidence clearly shows the vehicle had a key at the time it was advertised. If the key is now missing, it was lost while under ADESA Las Vegass control. I should not be financially responsible for additional transportation costs caused by their negligence.I am requesting reimbursement of the $500 additional INOP transportation fee that I was forced to pay due to their loss of the key. I also request a formal written response explaining why this issue has not been properly addressed despite clear photographic evidence.I respectfully request the BBBs assistance in facilitating a fair and timely resolution.",Customer Service & Communication,Case Resolution Quality,Issue Not Resolved
rvw-000229,bbb.org,BBB Complaints,http://www.bbb.org/us/nv/north-las-vegas/profile/auto-auction/adesa-las-vegas-1086-90040145/complaints#1086_90040145_24574719,bbb_us_business,BBB complainant,2026-03-02,1,negative,"Sales and Advertising Issues complaint (Answered). I am filing a formal complaint against ADESA Las Vegas regarding an unresolved issue involving a vehicle purchase and a missing key.I purchased a REMOVED vehicle from ADESA Las Vegas and worked directly with REMOVED, REMOVED and REMOVED(General Manager). The listing photos clearly show a key inserted in the vehicles ignition. I have submitted these photos as part of this complaint. This proves the vehicle had a key at the time it was listed and advertised.After the sale, I was informed that the key had been lost. Because the key was missing while the vehicle was still in ADESA Las Vegass possession, the vehicle had to be transported as inoperable (INOP). As a direct result of their failure to provide the key shown in the listing, I was charged an additional $500 in transportation REMOVED be clear, the $500 was not for purchasing a replacement key it was an extra transport charge solely because the vehicle could not be moved as operable due to the missing key.Despite presenting the listing photos as proof that the vehicle originally had a key, ADESA Las Vegas has refused to take responsibility. I have made multiple attempts to resolve this matter directly, but my calls have been ignored and I have been given the runaround.The evidence clearly shows the vehicle had a key at the time it was advertised. If the key is now missing, it was lost while under ADESA Las Vegass control. I should not be financially responsible for additional transportation costs caused by their negligence.I am requesting reimbursement of the $500 additional INOP transportation fee that I was forced to pay due to their loss of the key. I also request a formal written response explaining why this issue has not been properly addressed despite clear photographic evidence.I respectfully request the BBBs assistance in facilitating a fair and timely resolution.",Customer Service & Communication,Case Resolution Quality,Issue Not Resolved
rvw-000008,trustpilot.com,Trustpilot (adesa.com),https://www.trustpilot.com/reviews/69a08bbd39f620d2266b459e,trustpilot_us_slug,Lukas Kunis,2026-02-26,1,negative,They charge me late fee $220 no warning…. They charge me late fee $220 no warning no phone call no email scammers,Customer Service & Communication,Agent Professionalism & Responsiveness,Rude/Unhelpful Support
rvw-000009,apps.apple.com,"Apple App Store (1660253652, us)",https://itunes.apple.com/us/review?id=1660253652&type=Purple%20Software&reviewId=13793234740,apple_us_store,max95191617,2026-02-26,1,negative,Adesa heavy duty truck and trailers. Adesa heavy duty truck and trailers why no acces to specials on app,Account / Access / Login,Password Reset & Login Troubleshooting,App Login Troubleshooting
rvw-000348,google.com,Google Business Profile (ADESA Lansing),https://www.google.com/maps/reviews/data=!4m8!14m7!1m6!2m5!1sCi9DQUlRQUNvZENodHljRjlvT21GaFVtOVdlV0pqWW5NeVZXSnVTR0ZvU0RkMlNuYxAB!2m1!1s0x0:0x99195276345f7fef!3m1!1s2@1:CAIQACodChtycF9oOmFhUm9WeWJjYnMyVWJuSGFoSDd2Snc%7C%7C?hl=en,google_business_us_profile,BOMB's Flavors and Favorites,2026-02-23,4,positive,"These folks were middling a deal for me, and were VERY professional. From the moment I entered, until I left my $80k vehicle with them, they were safe, secure, and considerate at every possible area. All questions and c8ncerns were promptly addressed. While NO ONE was blowing me off, or passing me on to others, to deal with the info. The location is easily accessed. While parking and moving thru the grounds wasnt challenging or cumbersome. They seemingly had their stuff down pat, and G2G.",Customer Service & Communication,Agent Professionalism & Responsiveness,Helpful Support Experience
rvw-000349,google.com,Google Business Profile (ADESA Boston),https://www.google.com/maps/reviews/data=!4m8!14m7!1m6!2m5!1sCi9DQUlRQUNvZENodHljRjlvT2t4VmNGRlpjVVJaTWpJNWEyTlFYMFJaU0Zrd1oyYxAB!2m1!1s0x0:0x159ea0564a37c95b!3m1!1s2@1:CAIQACodChtycF9oOkxVcFFZcURZMjI5a2NQX0RZSFkwZ2c%7C%7C?hl=en,google_business_us_profile,Vit Bel,2026-02-20,1,negative,"I am concerned about the business practices at ADESA auctions. It appears that Carvana is actively bidding on vehicles within the same auction ecosystem, potentially purchasing cars at any price and consistently outbidding independent dealers. From the outside, this creates the impression of an uneven playing field. Such practices, if accurate, could warrant closer scrutiny from regulatory or antitrust authorities to ensure that competition remains fair and that no participant receives structural advantages within the marketplace. Greater transparency regarding bidding policies and fee arrangements would help restore confidence among dealers.",Membership / Licensing / Fees & Bidding Policies,"Bidding Process, Rules and Fees",Fees
rvw-000350,google.com,Google Business Profile (ADESA Orlando),https://www.google.com/maps/reviews/data=!4m8!14m7!1m6!2m5!1sCi9DQUlRQUNvZENodHljRjlvT25Cb2NXcEhlRUZxYjIxcFRWOTFhMHRrZVZGQ05rRRAB!2m1!1s0x0:0x2b5dc383485f1e3b!3m1!1s2@1:CAIQACodChtycF9oOnBocWpHeEFqb21pTV91a0tkeVFCNkE%7C%7C?hl=en,google_business_us_profile,Robert Degive,2026-02-18,5,positive,"Everyone I felt with was very friendly, helpful. Very good experience",Customer Service & Communication,Agent Professionalism & Responsiveness,Helpful Support Experience
rvw-000351,google.com,Google Business Profile (ADESA New Jersey),https://www.google.com/maps/reviews/data=!4m8!14m7!1m6!2m5!1sCi9DQUlRQUNvZENodHljRjlvT2xwdlVuRTFNVEE1VURJeVMyTmtWMnQ2T1VKS1ZuYxAB!2m1!1s0x0:0xd01acd06305ff6fb!3m1!1s2@1:CAIQACodChtycF9oOlpvUnE1MTA5UDIyS2NkV2t6OUJKVnc%7C%7C?hl=en,google_business_us_profile,Jose V Susana El Pirry,2026-02-17,1,negative,The worst customer service ever,Customer Service & Communication,Agent Professionalism & Responsiveness,Rude/Unhelpful Support
rvw-000352,google.com,Google Business Profile (ADESA Pennsylvania),https://www.google.com/maps/reviews/data=!4m8!14m7!1m6!2m5!1sCi9DQUlRQUNvZENodHljRjlvT25VdE9HOXROa2RrVEdSWlkzTnBlVjgzZWpsQ0xXYxAB!2m1!1s0x0:0xadbe9fd728415dfa!3m1!1s2@1:CAIQACodChtycF9oOnUtOG9tNkdkTGRZY3NpeV83ejlCLWc%7C%7C?hl=en,google_business_us_profile,SA Johnson,2026-02-16,2,negative,"Dealers beware of Adesa Clear. They are sending vehicles thru this program that have bad transmissions, bad engines, and a host of other undisclosed issues. Green light means nothing, ive gotten ones with bad transmissions that were green light. I bought an ""as is"" car recently with ""heat shield loose"" as the announcement - turns out the transmission was shot and it was overly obvious at parking lot speed - they refused to do anything said it was my problem. DO NOT TRUST THE CR, the people that check over the cars have no idea what they are doing. If you buy over the internet without inspecting the cars in person, you WILL get burned!","Lot Condition, Listing Status and related",Third-Party Inspection Authorization & Scheduling,Previewing/ Inspecting Vehicles
rvw-000010,birdeye.com,Birdeye (Google),https://reviews.birdeye.com/adesa-phoenix-166641883198682#review-5,birdeye_us_profile,Catriona Castevens,2026-02-16,,positive,"The most unprofessional, rude, inconsiderate and unhelpful group of people I have ever had the disservice to deal with in my life.",Customer Service & Communication,Agent Professionalism & Responsiveness,Helpful Support Experience
rvw-000011,birdeye.com,Birdeye (Google),https://reviews.birdeye.com/adesa-phoenix-166641883198682?page=2#review-5,birdeye_us_profile,Catriona Castevens,2026-02-16,,positive,"The most unprofessional, rude, inconsiderate and unhelpful group of people I have ever had the disservice to deal with in my life.",Customer Service & Communication,Agent Professionalism & Responsiveness,Helpful Support Experience
rvw-000353,google.com,Google Business Profile (ADESA Little Rock),https://www.google.com/maps/reviews/data=!4m8!14m7!1m6!2m5!1sCi9DQUlRQUNvZENodHljRjlvT2pseFlubHFORlJxU1dONlZ6TkNkbnBIUVVwV2FIYxAB!2m1!1s0x0:0xcec0b47c0d486762!3m1!1s2@1:CAIQACodChtycF9oOjlxYnlqNFRqSWN6VzNCdnpHQUpWaHc%7C%7C?hl=en,google_business_us_profile,XT auto LLC,2026-02-13,1,negative,"Been in business for years and I have been to a bunch of auctions, but this is by far the worst experience. It’s been 2 days and still haven’t heard from a seller on the cars I bought. For a business owner this is horrible. Out of all auctions accross Arkansas this is by far the most horrible experience. There is a reason they have downgraded.",Membership / Licensing / Fees & Bidding Policies,"Bidding Process, Rules and Fees",Fees
rvw-000354,google.com,Google Business Profile (ADESA Dallas),https://www.google.com/maps/reviews/data=!4m8!14m7!1m6!2m5!1sCi9DQUlRQUNvZENodHljRjlvT25CV2FXOWlXRzluWHpsNmRXZ3lhRWMxT0hONWVVRRAB!2m1!1s0x0:0x6a47ae2265c7925d!3m1!1s2@1:CAIQACodChtycF9oOnBWaW9iWG9nXzl6dWgyaEc1OHN5eUE%7C%7C?hl=en,google_business_us_profile,Jess Perry,2026-02-12,4,positive,"Great auction, really well run, good management, no games, good inventory.",Customer Service & Communication,Agent Professionalism & Responsiveness,Helpful Support Experience
rvw-000355,google.com,Google Business Profile (ADESA Golden Gate),https://www.google.com/maps/reviews/data=!4m8!14m7!1m6!2m5!1sCi9DQUlRQUNvZENodHljRjlvT25ScWNXazJTbE5qT0RWYWJWUXpSRjkwUWxCSU5rRRAB!2m1!1s0x0:0x1314b726513d9a91!3m1!1s2@1:CAIQACodChtycF9oOnRqcWk2SlNjODVabVQzRF90QlBINkE%7C%7C?hl=en,google_business_us_profile,Basement Records,2026-02-10,1,negative,"Paid what I owed on my car, they put it on the auction lot prematurely. Got my car back, everything is missing. Didn't even give us to the deadline. My driver seat is torn and wouldn't let me see what was wrong with it, just said sign here to let us know everything is good. BS service.",Membership / Licensing / Fees & Bidding Policies,"Bidding Process, Rules and Fees",Fees
rvw-000154,reddit.com,Reddit r/carflipping,https://www.reddit.com/r/carflipping/comments/1qz9nyo/auction_access_dealers_license_copart_iaaicar/,mixed_source_ok,No_Television_8299,2026-02-08,,positive,"Auction access, Dealers license, Copart, Iaai,car flipping I’m a licensed dealer based in Northern California and operate nationwide. I work with a small group of dealer representatives and regularly source vehicles through major auctions such as Manheim, ACV, IAA, Copart, ADESA, and Pipeline. My role typically involves assisting with auction purchases once a specific vehicle has been identified by lot number. Happy to answer general questions about the auction buying process.",Customer Service & Communication,Agent Professionalism & Responsiveness,Helpful Support Experience
rvw-000356,google.com,Google Business Profile (ADESA Kansas City),https://www.google.com/maps/reviews/data=!4m8!14m7!1m6!2m5!1sCi9DQUlRQUNvZENodHljRjlvT21sQlMwUlFSRkIxU1d0UGVtaHNaSE5XYmxGb1luYxAB!2m1!1s0x0:0x7ff69944521dfa9c!3m1!1s2@1:CAIQACodChtycF9oOmlBS0RQRFB1SWtPemhsZHNWblFoYnc%7C%7C?hl=en,google_business_us_profile,carport Enterprise,2026-02-07,1,negative,"Serious Financial and Accounting Deficiencies at ADESA Auction Kansas City . My recent experience with ADESA Auction raised serious concerns, particularly within the finance and accounting department. The issues encountered indicate a fundamental lack of understanding of basic accounting principles, including payment application, account reconciliation, and financial accuracy. Repeated errors, inconsistent explanations, and delayed resolutions created unnecessary disruption and risk. For a large automotive dealership holding corporation operating at the city level, such deficiencies in financial controls and accounting competency are unacceptable. Even at a local market level, organizations of this scale are expected to maintain accurate financial records, proper reconciliation, and professionally trained accounting staff. For fairness and clarity, I have not encountered these same financial or accounting issues at other ADESA locations in different states. This indicates that the problem appears to be location-specific rather than systemic across the entire organization.",Customer Service & Communication,Agent Professionalism & Responsiveness,Rude/Unhelpful Support
rvw-000357,google.com,Google Business Profile (ADESA Orlando),https://www.google.com/maps/reviews/data=!4m8!14m7!1m6!2m5!1sCi9DQUlRQUNvZENodHljRjlvT2paSGRrYzVSa2RQVmpGcGJYaFhZWGhHUm1zM09YYxAB!2m1!1s0x0:0x2b5dc383485f1e3b!3m1!1s2@1:CAIQACodChtycF9oOjZHdkc5RkdPVjFpbXhXYXhGRms3OXc%7C%7C?hl=en,google_business_us_profile,Saul Valentin,2026-02-07,5,positive,"Great staff working on front desk, my favorite is buying online from the comfort of my office, great place to get them clean title vehicles...",Customer Service & Communication,Agent Professionalism & Responsiveness,Helpful Support Experience
rvw-000358,google.com,Google Business Profile (ADESA Las Vegas),https://www.google.com/maps/reviews/data=!4m8!14m7!1m6!2m5!1sCi9DQUlRQUNvZENodHljRjlvT25nekxYVnhaRTlLYlRSb2VYUjNaMU5LVmxjdExWRRAB!2m1!1s0x0:0x7cde5ccaa0c88aae!3m1!1s2@1:CAIQACodChtycF9oOngzLXVxZE9KbTRoeXR3Z1NKVlctLVE%7C%7C?hl=en,google_business_us_profile,Lance Setter,2026-02-06,4,positive,"Adesa, overall, is pretty good from an Auto Hauler's perspective. I would have given five stars if they would just accept the Vehicle Release Form or Gate Pass electronically, instead of making me walk from the transporter lot, all the way to the main office to print out tiny little piece of paper, it is 2026 for crying out loud. With all due respect guys -my feet hurt!","Vehicle Pickup, Delivery and Scheduling",Pickup Order Management,Gate Pass Assistance
rvw-000359,google.com,Google Business Profile (ADESA St. Louis),https://www.google.com/maps/reviews/data=!4m8!14m7!1m6!2m5!1sCi9DQUlRQUNvZENodHljRjlvT2xWRWRsSlNkMUJHU0hKd2VteFlZMDlPWmtSM2IxRRAB!2m1!1s0x0:0x711708aed841f53!3m1!1s2@1:CAIQACodChtycF9oOlVEdlJSd1BGSHJwemxYY09OZkR3b1E%7C%7C?hl=en,google_business_us_profile,CARS CITY,2026-02-06,5,positive,No doubt best auction ever All the way from management to the gate very helpful and professional..,Customer Service & Communication,Agent Professionalism & Responsiveness,Helpful Support Experience
rvw-000834,google.com,Google Business Profile (ADESA Chicago),https://www.google.com/maps/reviews/data=!4m8!14m7!1m6!2m5!1sCi9DQUlRQUNvZENodHljRjlvT2tWWmJWUlRkQzAzYW5GQ1JrbFRURnBKT0V0c1pGRRAB!2m1!1s0x0:0x29cf546c41c2f6ff!3m1!1s2@1:CAIQACodChtycF9oOkVZbVRTdC03anFCRklTTFpJOEtsZFE%7C%7C?hl=en,google_business_us_profile,Brittnee Meghan,2026-02-05,5,positive,Mike was extremely helpful and patient with me while I was picking my car up. We ran into damages caused by a tow transport and he was able to quickly get my car back to the shop so that I could safely drive to the repair shop. I was visibly upset and he was able to ease my mind and get me contacts for filing a claim with my company. I didn’t feel like I was going through it alone thank you Mike!,Customer Service & Communication,Agent Professionalism & Responsiveness,Helpful Support Experience
rvw-000360,google.com,Google Business Profile (ADESA Los Angeles),https://www.google.com/maps/reviews/data=!4m8!14m7!1m6!2m5!1sCi9DQUlRQUNvZENodHljRjlvT2w4NE5uaGhTMnhJUlVaeldrd3lhRVJFWkhOV2VFRRAB!2m1!1s0x0:0x65b0cf8a3592e7e!3m1!1s2@1:CAIQACodChtycF9oOl84NnhhS2xIRUZzWkwyaEREZHNWeEE%7C%7C?hl=en,google_business_us_profile,Isaiah Johnson,2026-02-04,5,positive,"Ms. Elizabeth at Adesa in Jurupa Valley was extremely helpful, kind, and respectful throughout the entire process. This was something I wasn’t familiar with at all, and I felt pretty lost going in, but she took the time to explain everything and made it easy to understand. There honestly wasn’t anything she couldn’t help me with. Her patience and professionalism made a stressful situation much smoother. I really appreciate her help and would highly recommend working with her.",Customer Service & Communication,Agent Professionalism & Responsiveness,Helpful Support Experience
rvw-000361,google.com,Google Business Profile (ADESA Tampa),https://www.google.com/maps/reviews/data=!4m8!14m7!1m6!2m5!1sCi9DQUlRQUNvZENodHljRjlvT25oVllYRkpPREE0UmxsV1ZuZFZNME53VkVSUGMxRRAB!2m1!1s0x0:0x2d3addad274be2eb!3m1!1s2@1:CAIQACodChtycF9oOnhVYXFJODA4RllWVndVM0NwVERPc1E%7C%7C?hl=en,google_business_us_profile,Navi Singh,2026-02-02,1,negative,"I do business with over 20 Auctions, this particular location has the most incompetent staff ever for som reason....Avoid at all costs",Customer Service & Communication,Agent Professionalism & Responsiveness,Rude/Unhelpful Support
rvw-000012,apps.apple.com,"Apple App Store (1660253652, us)",https://itunes.apple.com/us/review?id=1660253652&type=Purple%20Software&reviewId=13705220441,apple_us_store,shorty16b,2026-02-02,1,negative,Horrible app. Worst app ever for dealers,Account / Access / Login,Password Reset & Login Troubleshooting,App Login Troubleshooting
rvw-000362,google.com,Google Business Profile (ADESA New Jersey),https://www.google.com/maps/reviews/data=!4m8!14m7!1m6!2m5!1sCi9DQUlRQUNvZENodHljRjlvT2pWalpVdGFkRWRFVjB4R1RqZDNNMGRpV0ZaSE4xRRAB!2m1!1s0x0:0xd01acd06305ff6fb!3m1!1s2@1:CAIQACodChtycF9oOjVjZUtadEdEV0xGTjd3M0diWFZHN1E%7C%7C?hl=en,google_business_us_profile,4UCarCare,2026-02-01,1,negative,They are super liar they never help you about Arb even they never call you after open case.I paid 2 K for car buyer fee 450 $ this is crazy !!,"Payment Refunds, Transaction Issues and Deposits",Fees & Charges Disputes,Buyer Fees Explanation
rvw-000363,google.com,Google Business Profile (ADESA Pittsburgh),https://www.google.com/maps/reviews/data=!4m8!14m7!1m6!2m5!1sCi9DQUlRQUNvZENodHljRjlvT2tadFYxTnBiVGROTmsxRmVYWmhhMTlpWDA5bGQyYxAB!2m1!1s0x0:0x50aee71ecf3394d9!3m1!1s2@1:CAIQACodChtycF9oOkZtV1NpbTdNNk1FeXZha19iX09ld2c%7C%7C?hl=en,google_business_us_profile,Kevin Fairley,2026-01-29,5,positive,I’m impressed with how well the title office is worked. Sue the lady that works there is very knowledgeable and pleasant to drop off titles And very efficient,"Title, Ownership, POA and Documentation",Power of Attorney (POA) Handling,POA Requirements Clarification
rvw-000155,birdeye.com,Birdeye (Google),https://reviews.birdeye.com/adesa-charlotte-166631397236159#review-5,birdeye_us_profile,Robert Gottschall,2026-01-26,,positive,Adesa auto auction in Charlotte a massive amount of used cars up for auction. Pick n bid for a great price.,Membership / Licensing / Fees & Bidding Policies,"Bidding Process, Rules and Fees",How to Bid (First Time)
rvw-000156,birdeye.com,Birdeye (Google),https://reviews.birdeye.com/adesa-phoenix-166641883198682#review-5,birdeye_us_profile,Catriona Castevens,2026-01-26,,positive,"The most unprofessional, rude, inconsiderate and unhelpful group of people I have ever had the disservice to deal with in my life.",Customer Service & Communication,Agent Professionalism & Responsiveness,Helpful Support Experience
rvw-000364,google.com,Google Business Profile (ADESA Lexington),https://www.google.com/maps/reviews/data=!4m8!14m7!1m6!2m5!1sCi9DQUlRQUNvZENodHljRjlvT2prdGFuQldjemgyY1VWWloxRkJPWHBYVUdKNFZHYxAB!2m1!1s0x0:0x4fc12f9761b60e12!3m1!1s2@1:CAIQACodChtycF9oOjktanBWczh2cUVZZ1FBOXpXUGJ4VGc%7C%7C?hl=en,google_business_us_profile,Pamela Bauer,2026-01-21,5,positive,"Picked up Vehicles there, very prompt n Professional. Will be goin back",Customer Service & Communication,Agent Professionalism & Responsiveness,Helpful Support Experience
rvw-000365,google.com,Google Business Profile (ADESA Mercer),https://www.google.com/maps/reviews/data=!4m8!14m7!1m6!2m5!1sCi9DQUlRQUNvZENodHljRjlvT2tWV1JreHdZVWxST1RCT2NqZGxVMDFhU0hneFRuYxAB!2m1!1s0x0:0x8ea38df8f0fd8db6!3m1!1s2@1:CAIQACodChtycF9oOkVWRkxwYUlROTBOcjdlU01aSHgxTnc%7C%7C?hl=en,google_business_us_profile,Ahsan shahid,2026-01-21,1,negative,I am car dealer in Shippenville Pennsylvania. And i bought a 2015 Buick Encore. It was a nice run and drive car.. one of the employees drove it here to my shop and blow the Head gaskit. And now Adesa mercer isn't taking care of it... very bad 👎 service. There management is very poor 😢,Customer Service & Communication,Agent Professionalism & Responsiveness,Rude/Unhelpful Support
rvw-000157,reddit.com,Reddit r/askcarsales,https://www.reddit.com/r/askcarsales/comments/1qgepli/what_am_i_doing_wrong/,mixed_source_ok,rybab007,2026-01-18,,positive,"What am I doing wrong? I’m 48 years old. I’ve been doing used car sales/service since the mid 90’s, working for my father’s business. ..He recently sold the service business, retired and I took over the sales side of the business. I’ve been at it for 2 years, on my own. I have a nice sized lot in a busy suburb of Cincinnati, 2 doors down from where our original store was located. I keep about 25-35 cars in inventory. I have roughly $10K in monthly expenses, a couple employees, a couple floor plans, a couple lenders and I do sell some service contracts when I can. I have an older salesman working for me (helps buy and sell). He is very experienced but is very old school…he simply will not send emails, phone calls only. And he doesn’t really do much that I can’t already do. I will likely fire him this week. I have another guy working part time, helping w social media marketing. I am absolutely struggling to see any real gross lately! I buy nice clean cars ($8000- $24000 average sale price). Im selling maybe 10-15 cars a month but am only seeing $600-$1000 gross/unit, if you factor in the losers. And that’s the problem, the amount of losers is getting more and more as time goes on. Most of the cars on my lot have been here for 90 plus days, some even 200 plus days. These are all huge losers. Most units come from Manheim/adesa/openlane, 4.0 CR’s or better…nice clean cars..but still end up costing me $1000 plus in recon. Hell, Lately I’ve been sending almost half the units back to auction for arbitration. By the time I get a buyer, there just isn’t any skin left on the bone, and my customers don’t want it unless I’m discounting even further. It’s getting to be too hard of a game to play. I haven’t paid myself since August. I’m considering getting out of the business but this is literally all I’ve done, my whole life. Is there an obvious solution here, that I’m blind to? Any tips or ideas would be greatly appreciated. I’m happy to post specific expenses etc.. Also, I do not own the building. I share rent with a service center, who does most of our repairs.",Customer Service & Communication,Agent Professionalism & Responsiveness,Helpful Support Experience
rvw-000366,google.com,Google Business Profile (ADESA Golden Gate),https://www.google.com/maps/reviews/data=!4m8!14m7!1m6!2m5!1sCi9DQUlRQUNvZENodHljRjlvT21kdVpYaGlNemN0UTA1WlZuVlNVbkpqT1ZaNFIxRRAB!2m1!1s0x0:0x1314b726513d9a91!3m1!1s2@1:CAIQACodChtycF9oOmduZXhiMzctQ05ZVnVSUnJjOVZ4R1E%7C%7C?hl=en,google_business_us_profile,Thomas Patterson,2026-01-17,5,positive,Great looking Chrysler for sale at auction,Membership / Licensing / Fees & Bidding Policies,"Bidding Process, Rules and Fees",How to Bid (First Time)
rvw-000013,birdeye.com,Birdeye (Google),https://reviews.birdeye.com/adesa-charlotte-166631397236159#review-5,birdeye_us_profile,Robert Gottschall,2026-01-17,,positive,Adesa auto auction in Charlotte a massive amount of used cars up for auction. Pick n bid for a great price.,Membership / Licensing / Fees & Bidding Policies,"Bidding Process, Rules and Fees",How to Bid (First Time)
rvw-000367,google.com,Google Business Profile (ADESA Kansas City),https://www.google.com/maps/reviews/data=!4m8!14m7!1m6!2m5!1sCi9DQUlRQUNvZENodHljRjlvT25KcGVHeG1Ta3BQZGxWdWVVNU9OREl5V0VwTFNYYxAB!2m1!1s0x0:0x7ff69944521dfa9c!3m1!1s2@1:CAIQACodChtycF9oOnJpeGxmSkpPdlVueU5ONDIyWEpLSXc%7C%7C?hl=en,google_business_us_profile,Ayham Barghooth,2026-01-15,1,negative,"I am leaving this review to share my personal experience. Over the past few weeks, I have had multiple negative interactions with this auction. First, I had a concerning incident involving one of the auction’s drivers while vehicles were being moved. The driver entered my lane aggressively, creating a situation that felt unsafe. I did not feel that safety was being taken seriously at that moment. In addition, I have consistently experienced poor customer service. Staff attitudes are often dismissive, and when problems arise, there is little willingness to help or communicate clearly. Fees are also extremely high compared to the level of service provided. I want to specifically mention that my interactions with Eric have been especially difficult. I found him to be rude and unprofessional, and when issues came up, I felt ignored rather than supported. As a dealer, I expect professionalism, clear communication, and basic respect. Unfortunately, that has not been my experience here. I hope management takes this feedback seriously and works to improve customer service and accountability.",Customer Service & Communication,Agent Professionalism & Responsiveness,Rude/Unhelpful Support
rvw-000216,birdeye.com,Birdeye (Google),https://reviews.birdeye.com/adesa-charlotte-166631397236159#review-5,birdeye_us_profile,Robert Gottschall,2026-01-15,,positive,Adesa auto auction in Charlotte a massive amount of used cars up for auction. Pick n bid for a great price.,Membership / Licensing / Fees & Bidding Policies,"Bidding Process, Rules and Fees",How to Bid (First Time)
rvw-000368,google.com,Google Business Profile (ADESA Atlanta),https://www.google.com/maps/reviews/data=!4m8!14m7!1m6!2m5!1sCi9DQUlRQUNvZENodHljRjlvT2paMlJETktOVlUyVDBNNE1HRndWVFowYVZwUVNWRRAB!2m1!1s0x0:0x8ca5797c8ce4da57!3m1!1s2@1:CAIQACodChtycF9oOjZ2RDNKNVU2T0M4MGFwVTZ0aVpQSVE%7C%7C?hl=en,google_business_us_profile,Alec Rosin,2026-01-14,5,positive,"Purchased a nice white Porsche with the driver window stuck down, I was nervous about how it would show up, but it arrived 6 states away with the window properly covered in plastic, and a clean interior. Thank you so much to whoever did this at the auction.",Membership / Licensing / Fees & Bidding Policies,"Bidding Process, Rules and Fees",How to Bid (First Time)
rvw-000369,google.com,Google Business Profile (Adesa Brasher's),https://www.google.com/maps/reviews/data=!4m8!14m7!1m6!2m5!1sCi9DQUlRQUNvZENodHljRjlvT2xCU1MyMVFhMEYwVERCMFlscG5UMHMxUkZwalVWRRAB!2m1!1s0x0:0x465b81eaadc807dc!3m1!1s2@1:CAIQACodChtycF9oOlBSS21Qa0F0TDB0YlpnT0s1RFpjUVE%7C%7C?hl=en,google_business_us_profile,Fernando Ochoa,2026-01-14,5,positive,Excellent business and wonderful staff! The prices of vehicles are affordable and then auction are easy and convenient. Love ADESA Brasher's would recommend to ANYONE!,Customer Service & Communication,Agent Professionalism & Responsiveness,Helpful Support Experience
rvw-000835,google.com,Google Business Profile (ADESA Chicago),https://www.google.com/maps/reviews/data=!4m8!14m7!1m6!2m5!1sCi9DQUlRQUNvZENodHljRjlvT2xCQ1FtWkRSR1V4UkRaNVpEZDZURE00TXpkM1QyYxAB!2m1!1s0x0:0x29cf546c41c2f6ff!3m1!1s2@1:CAIQACodChtycF9oOlBCQmZDRGUxRDZ5ZDd6TDM4Mzd3T2c%7C%7C?hl=en,google_business_us_profile,Serhiy Zakharchuk,2026-01-12,1,negative,"I received the car from this location with significant damage to the front bumper. The damage was not disclosed and was not visible in the photos provided, indicating that it occurred after the condition report was completed. I attempted to file an arbitration claim, but it was denied due to the time limit. This took place during the holiday period, when the location was closed and unavailable for vehicle pickup or assistance. As a result, I had a poor experience and will avoid this location in the future. I do not recommend doing business with them.","Lot Condition, Listing Status and related",Lot Condition Reporting,Lot Damage
rvw-000014,apps.apple.com,"Apple App Store (1660253652, us)",https://itunes.apple.com/us/review?id=1660253652&type=Purple%20Software&reviewId=13626502728,apple_us_store,"Anon, no nickname",2026-01-12,5,positive,"Best auction app IMO. This is a modern app that is very intuitive to navigate. It takes some getting used to because all the auctions we are used to working with are so behind on technology, but ADESA has really stepped up their game. Their recommendations are spot on with what I’m interested in, their vehicle values are very accurate and the app is really easy to use.",Account / Access / Login,Password Reset & Login Troubleshooting,App Login Troubleshooting
rvw-000158,apps.apple.com,"Apple App Store (1660253652, us)",https://apps.apple.com/us/app/id1660253652?see-all=reviews&platform=iphone&reviewId=13626502728,apple_us_store,"Anon, no nickname",2026-01-12,5,positive,"Best auction app IMO. This is a modern app that is very intuitive to navigate. It takes some getting used to because all the auctions we are used to working with are so behind on technology, but ADESA has really stepped up their game. Their recommendations are spot on with what I’m interested in, their vehicle values are very accurate and the app is really easy to use",Account / Access / Login,Password Reset & Login Troubleshooting,App Login Troubleshooting
rvw-000370,google.com,Google Business Profile (ADESA Austin),https://www.google.com/maps/reviews/data=!4m8!14m7!1m6!2m5!1sCi9DQUlRQUNvZENodHljRjlvT2pGRmRYVndSRWhEUVdsMGMycFVlVmx0VjNkSGFtYxAB!2m1!1s0x0:0xc700487a78e37d52!3m1!1s2@1:CAIQACodChtycF9oOjFFdXVwREhDQWl0c2pUeVltV3dHamc%7C%7C?hl=en,google_business_us_profile,Josep Lanes,2026-01-06,1,negative,BEWARE. They announce CLEAR VEHICLES DRIVEABLE and when you send to pick it up it has major issues and KEY / FOBS missing. They love to Deny all Arbitration claims. If you buy online be very careful. I will definitely not be buying from here again. This is the Second time they got me. The customer service at this location is HORRIBLE they always give the run around.,Customer Service & Communication,Agent Professionalism & Responsiveness,Rude/Unhelpful Support
rvw-000371,google.com,Google Business Profile (ADESA Tampa),https://www.google.com/maps/reviews/data=!4m8!14m7!1m6!2m5!1sCi9DQUlRQUNvZENodHljRjlvT21rMk56QnBiVTFtVDJaemNVSlRkelZ3UlU1YVRYYxAB!2m1!1s0x0:0x2d3addad274be2eb!3m1!1s2@1:CAIQACodChtycF9oOmk2NzBpbU1mT2ZzcUJTdzVwRU5aTXc%7C%7C?hl=en,google_business_us_profile,Josep Lanes,2026-01-05,1,negative,BEWARE. They announce CLEAR VEHICLES DRIVEABLE and when you pick them up the engine bad and they Deny any Arbitration claims. If you buy online be very careful. I will definitely not be buying from here again. This is the Second time they got me. The customer service at this location is HORRIBLE they never answer the phone.,Customer Service & Communication,Agent Professionalism & Responsiveness,Rude/Unhelpful Support
rvw-000372,google.com,Google Business Profile (ADESA Pennsylvania),https://www.google.com/maps/reviews/data=!4m8!14m7!1m6!2m5!1sCi9DQUlRQUNvZENodHljRjlvT2t0d2VYa3hXV2xFZG5NelZtWm9OMW8yT1VsaU0xRRAB!2m1!1s0x0:0xadbe9fd728415dfa!3m1!1s2@1:CAIQACodChtycF9oOktweXkxWWlEdnMzVmZoN1o2OUliM1E%7C%7C?hl=en,google_business_us_profile,Mikie Swartz (WHIPLASH DVD),2026-01-03,5,positive,Very friendly staff and they can print PA titles on the spot!! Dealer-only auction.,Customer Service & Communication,Agent Professionalism & Responsiveness,Helpful Support Experience
rvw-000195,birdeye.com,Birdeye (Google),https://reviews.birdeye.com/adesa-portland-166735343287887#review-4,birdeye_us_profile,william laymon,2026-01-02,,positive,"A great place to buy vehicles at wholesale. Friendly staff in the office and the yard. Fair and trustworthy practices go a long way in this business, that's why they've been around for 30 years!",Customer Service & Communication,Agent Professionalism & Responsiveness,Helpful Support Experience
rvw-000196,birdeye.com,Birdeye (Google),https://reviews.birdeye.com/adesa-charlotte-166631397236159#review-5,birdeye_us_profile,Robert Gottschall,2026-01-02,,positive,Adesa auto auction in Charlotte a massive amount of used cars up for auction. Pick n bid for a great price.,Membership / Licensing / Fees & Bidding Policies,"Bidding Process, Rules and Fees",How to Bid (First Time)
rvw-000373,google.com,Google Business Profile (ADESA San Antonio),https://www.google.com/maps/reviews/data=!4m8!14m7!1m6!2m5!1sCi9DQUlRQUNvZENodHljRjlvT21kNWVXMXdhR2RuYVVaWFFuQXpla2R0TFc1RlRYYxAB!2m1!1s0x0:0xc0ff65b103a17103!3m1!1s2@1:CAIQACodChtycF9oOmd5eW1waGdnaUZXQnAzekdtLW5FTXc%7C%7C?hl=en,google_business_us_profile,drew6167,2025-12-30,1,negative,"They deceive customers and sell salvaged cars as clean titles, then give customer the run around on buyer fees and make them go through legal process. Since ADESA physical centers have been bought by Carvana the businesses are very dangerous, and certain practice lead to borderline illegal activities.",Membership / Licensing / Fees & Bidding Policies,"Bidding Process, Rules and Fees",Fees
rvw-000374,google.com,Google Business Profile (ADESA Raleigh),https://www.google.com/maps/reviews/data=!4m8!14m7!1m6!2m5!1sCi9DQUlRQUNvZENodHljRjlvT2xCNVNYRm5SSFpTU201V1ptNWxXSEF6UTFwRlJWRRAB!2m1!1s0x0:0xd66dd4b29022f5b8!3m1!1s2@1:CAIQACodChtycF9oOlB5SXFnRHZSSm5WZm5lWHAzQ1pFRVE%7C%7C?hl=en,google_business_us_profile,Gracyn Allen-Ingle,2025-12-29,1,negative,Customer service is trash. Paperwork is unorganized. And won’t release a car to the owner who has the title physically in their hand. How does that make sense?,Customer Service & Communication,Agent Professionalism & Responsiveness,Rude/Unhelpful Support
rvw-000159,reddit.com,Reddit r/askcarsales,https://www.reddit.com/r/askcarsales/comments/1px1jti/can_you_access_old_manheim_adesa_acv_condition/,mixed_source_ok,Zestyclose_Boss_1147,2025-12-27,,positive,"Can you access old Manheim / Adesa / ACV condition reports after a car leaves auction? For curiosity and professional interest: if a car was previously sold through a dealer-only auction like Manheim, Adesa, ACV, etc., is it ever possible to get access to its old condition report (CR)? Do auction systems keep CRs permanently in history, and can dealers still retrieve them later, or are they deleted after sale? Just wondering if anyone has ever successfully pulled an old CR for a used car after it left the auction.",Customer Service & Communication,Agent Professionalism & Responsiveness,Helpful Support Experience
rvw-000160,birdeye.com,Birdeye (Google),https://reviews.birdeye.com/adesa-portland-166735343287887#review-4,birdeye_us_profile,william laymon,2025-12-27,,positive,"A great place to buy vehicles at wholesale. Friendly staff in the office and the yard. Fair and trustworthy practices go a long way in this business, that's why they've been around for 30 years!",Customer Service & Communication,Agent Professionalism & Responsiveness,Helpful Support Experience
rvw-000375,google.com,Google Business Profile (ADESA Kansas City),https://www.google.com/maps/reviews/data=!4m8!14m7!1m6!2m5!1sCi9DQUlRQUNvZENodHljRjlvT25WbE1ETlFSWHBHUTBkUFREUmlRVU5QY0ZCMk1sRRAB!2m1!1s0x0:0x7ff69944521dfa9c!3m1!1s2@1:CAIQACodChtycF9oOnVlMDNQRXpGQ0dPTDRiQUNPcFB2MlE%7C%7C?hl=en,google_business_us_profile,Ali Nazary,2025-12-23,1,negative,The worst experience I had with this auction. Staffs are rude. Do not trust them at all. I have trying to solve an issue and been calling them multiple times and no one cares and they never call back.,Customer Service & Communication,Communication Follow-up & Escalation,No Callback / Unresolved Case
rvw-000376,google.com,Google Business Profile (ADESA New Jersey),https://www.google.com/maps/reviews/data=!4m8!14m7!1m6!2m5!1sCi9DQUlRQUNvZENodHljRjlvT25SMldYRlpSbGg0UWxGMVpGOXpTalp4Y3podmNXYxAB!2m1!1s0x0:0xd01acd06305ff6fb!3m1!1s2@1:CAIQACodChtycF9oOnR2WXFZRlh4QlF1ZF9zSjZxczhvcWc%7C%7C?hl=en,google_business_us_profile,Ali Elgerushi,2025-12-19,1,negative,"Incredible auction. Body work under $800 PER PANEL is not arbitratable, they only allow you 50 miles to arb, you can’t arbitrate without a BOL, meaning you can’t pick up the car yourself. What panel cost $800 to repair???? That’s insane. They try really hard to get out of arb, even lying about their policy. I called arbitration and they told me you don’t need a BOL to arb and it’s too late to reopen my arb. What really pushed me to the edge was when I went to pick up a car that had no gas they told me I have to get my own gas or come back another day! I took an uber there! How am I going to get my own gas!",Membership / Licensing / Fees & Bidding Policies,"Bidding Process, Rules and Fees",Fees
rvw-000377,google.com,Google Business Profile (Adesa Brasher's),https://www.google.com/maps/reviews/data=!4m8!14m7!1m6!2m5!1sCi9DQUlRQUNvZENodHljRjlvT25rdFUxVlFUR3BwWDNWUWIzZEdZbTV0YldOellrRRAB!2m1!1s0x0:0x465b81eaadc807dc!3m1!1s2@1:CAIQACodChtycF9oOnktU1VQTGppX3VQb3dGYm5tbWNzYkE%7C%7C?hl=en,google_business_us_profile,James Ingle,2025-12-18,5,positive,"Excellent staff. Will home with you to help brighten your day. 11/10 for customer service. And that's for everyone, not just actual customer service.",Customer Service & Communication,Agent Professionalism & Responsiveness,Helpful Support Experience
rvw-000378,google.com,Google Business Profile (ADESA Los Angeles),https://www.google.com/maps/reviews/data=!4m8!14m7!1m6!2m5!1sCi9DQUlRQUNvZENodHljRjlvT25Kc05VbFJRbTluZUVkTlR5MTFNemRFVlVSdmQzYxAB!2m1!1s0x0:0x65b0cf8a3592e7e!3m1!1s2@1:CAIQACodChtycF9oOnJsNUlRQm9neEdNTy11MzdEVURvd3c%7C%7C?hl=en,google_business_us_profile,Tara Williams,2025-12-18,5,positive,I don’t have the words to thank Elizabeth for her help. She made the transaction so seamless. She ensured my car was charged for me upon my arrival. Her empathy and encouragement during this tough time was exactly what I needed. Thank you 🙏🏽,Membership / Licensing / Fees & Bidding Policies,"Bidding Process, Rules and Fees",Fees
rvw-000379,google.com,Google Business Profile (ADESA Phoenix),https://www.google.com/maps/reviews/data=!4m8!14m7!1m6!2m5!1sCi9DQUlRQUNvZENodHljRjlvT21GbWFYWmplVmc1ZDNnelZHMVNZM0kyV2toT1ZHYxAB!2m1!1s0x0:0x5e1b863ca8625930!3m1!1s2@1:CAIQACodChtycF9oOmFmaXZjeVg5d3gzVG1SY3I2WkhOVGc%7C%7C?hl=en,google_business_us_profile,Joey Azar,2025-12-18,1,negative,Horrible auction. I spent almost 30k on 6 cars. They dont disclose all the info on the cars then refuse to take them back when you file an arbitration claim. They had 3 cars on hold. When I was finally able to pick them up realized one was not drivable even thoughits listed as such. And one tge engine seized 6 miles down the road. They said I was passed my 10 days for arbitration even though they just got released to me that day. So 2 out of 6 cars were junk!! I lost 10k right away. These people are con artists. They don't care about there buyers one bit!! Do yourself a favor and go to manheim or metro.,Membership / Licensing / Fees & Bidding Policies,"Bidding Process, Rules and Fees",Fees
rvw-000015,birdeye.com,Birdeye (Google),https://reviews.birdeye.com/adesa-portland-166735343287887#review-4,birdeye_us_profile,william laymon,2025-12-18,,positive,"A great place to buy vehicles at wholesale. Friendly staff in the office and the yard. Fair and trustworthy practices go a long way in this business, that's why they've been around for 30 years!",Customer Service & Communication,Agent Professionalism & Responsiveness,Helpful Support Experience
rvw-000016,birdeye.com,Birdeye (Google),https://reviews.birdeye.com/adesa-portland-166735343287887?page=2#review-4,birdeye_us_profile,william laymon,2025-12-18,,positive,"A great place to buy vehicles at wholesale. Friendly staff in the office and the yard. Fair and trustworthy practices go a long way in this business, that's why they've been around for 30 years!",Customer Service & Communication,Agent Professionalism & Responsiveness,Helpful Support Experience
rvw-000217,birdeye.com,Birdeye (Google),https://reviews.birdeye.com/adesa-portland-166735343287887#review-5,birdeye_us_profile,william laymon,2025-12-16,,positive,"A great place to buy vehicles at wholesale. Friendly staff in the office and the yard. Fair and trustworthy practices go a long way in this business, that's why they've been around for 30 years!",Customer Service & Communication,Agent Professionalism & Responsiveness,Helpful Support Experience
rvw-000380,google.com,Google Business Profile (ADESA Atlanta),https://www.google.com/maps/reviews/data=!4m8!14m7!1m6!2m5!1sCi9DQUlRQUNvZENodHljRjlvT25GNWNVdEtURTlxZGtZMFZrRmtkWEpQYVY5QmJYYxAB!2m1!1s0x0:0x8ca5797c8ce4da57!3m1!1s2@1:CAIQACodChtycF9oOnF5cUtKTE9qdkY0VkFkdXJPaV9BbXc%7C%7C?hl=en,google_business_us_profile,FD AUTO,2025-12-13,1,negative,"All dealers do yourself a favor and don’t go here. The employees I’ve spoken to here except one had very bad attitudes as if they’re mad, don’t like their job, and have something against the dealers it’s important at an auction to treat customers well so dealer's will feel welcome to buy and sell. What a way to operate a dealers only auction! Safe to say we won’t be returning until things change for the better! Such a unwelcoming way to treat customers. No wonder many dealers say this auction does not give a pleasant experience.",Membership / Licensing / Fees & Bidding Policies,"Bidding Process, Rules and Fees",Fees
rvw-000381,google.com,Google Business Profile (ADESA Pennsylvania),https://www.google.com/maps/reviews/data=!4m8!14m7!1m6!2m5!1sCi9DQUlRQUNvZENodHljRjlvT25SdkxVTkRkM0ZFV0MxcWRqRnFZbTh6U2tWeldFRRAB!2m1!1s0x0:0xadbe9fd728415dfa!3m1!1s2@1:CAIQACodChtycF9oOnRvLUNDd3FEWC1qdjFqYm8zSkVzWEE%7C%7C?hl=en,google_business_us_profile,Marc Keiser,2025-12-13,1,negative,Adesa clear has become deceptive in their condition reports. Sold me a car that doesn't drive but closed my arbitration because it had a trouble code disclosed. Management still can't define for me what drives mean's in the CR ....... hiding behind not having a light system anymore. Arbitration closed the case without even a conversation. For those that remember back lot cars ...... it feels familiar ....... after 30 years I expect to be done at Adesa,Customer Service & Communication,Agent Professionalism & Responsiveness,Rude/Unhelpful Support
rvw-000382,google.com,Google Business Profile (ADESA Colorado Springs),https://www.google.com/maps/reviews/data=!4m8!14m7!1m6!2m5!1sCi9DQUlRQUNvZENodHljRjlvT25oWk9XZDRWSFJJYzFKamFHNXlXSFJpYjBVMVprRRAB!2m1!1s0x0:0x3763243d9222434b!3m1!1s2@1:CAIQACodChtycF9oOnhZOWd4VHRIc1JjaG5yWHRib0U1ZkE%7C%7C?hl=en,google_business_us_profile,Oleksii Kliuchka,2025-12-09,1,negative,"Worst security, making you follow the rules and then if you 1 minute late they won’t you take the car. Bad people, bad customer service avoid at all cost.",Customer Service & Communication,Agent Professionalism & Responsiveness,Rude/Unhelpful Support
rvw-000383,google.com,Google Business Profile (ADESA New Jersey),https://www.google.com/maps/reviews/data=!4m8!14m7!1m6!2m5!1sCi9DQUlRQUNvZENodHljRjlvT20xelRFUXlOeTB3VTNaSmMwMW1OMmRaTWkxS0xWRRAB!2m1!1s0x0:0xd01acd06305ff6fb!3m1!1s2@1:CAIQACodChtycF9oOm1zTEQyNy0wU3ZJc01mN2dZMi1KLVE%7C%7C?hl=en,google_business_us_profile,Gibran Ibrahim,2025-12-09,5,positive,"Visited the facility for the first time in November and I was greeted by Wilfredo Vady. He was a wonderful representative who introduced me to the Adesa clear platform! He provided me with great insight and was helpful all the way through. Whenever I have a question about Adesa or Adesa clear, he's always happy to help till this day. Looking forward to purchasing more cars through Adesa and their clear platform from this auction!",Customer Service & Communication,Agent Professionalism & Responsiveness,Helpful Support Experience
rvw-000384,google.com,Google Business Profile (ADESA Des Moines),https://www.google.com/maps/reviews/data=!4m8!14m7!1m6!2m5!1sCi9DQUlRQUNvZENodHljRjlvT25VemVGRjNSbE4zUzJ0dFRqZHFlVmhQUTJSUU9YYxAB!2m1!1s0x0:0xe62c0bc75de04bd1!3m1!1s2@1:CAIQACodChtycF9oOnUzeFF3RlN3S2ttTjdqeVhPQ2RQOXc%7C%7C?hl=en,google_business_us_profile,Kelly Brechringer,2025-12-08,1,negative,"My experience with Adesa Des Moines has been consistently disappointing due to serious issues in leadership, communication, and workplace culture. It’s no surprise that dealers are choosing to take their business elsewhere — the environment behind the scenes is chaotic, mismanaged, and lacking in accountability. Stumm and Brian seem far more focused on internal drama than running a functional, dealer-friendly operation. The safety manager, in particular, creates unnecessary tension with an aggressive, unprofessional approach that hurts morale instead of helping safety. And Gary constantly clashes with the lot crew, creating ongoing friction and frustration rather than promoting any sense of teamwork. What’s even worse is that excellent employees — the ones who actually keep the place running — end up pushed out, while the individuals causing problems remain protected. Hearing that one of the most dependable, hardworking people was let go says everything about the priorities here. Adesa Des Moines has the potential to be a great operation, but until leadership issues are addressed and the toxic behavior at the top is dealt with, the problems will only continue and more business will be lost.",Customer Service & Communication,Agent Professionalism & Responsiveness,Rude/Unhelpful Support
rvw-000197,birdeye.com,Birdeye (Google),https://reviews.birdeye.com/adesa-memphis-166562763449834#review-5,birdeye_us_profile,Gee,2025-12-03,,positive,Adeasa is great. I love my Co-workers. Everyone is helpful and nice,Customer Service & Communication,Agent Professionalism & Responsiveness,Helpful Support Experience
rvw-000385,google.com,Google Business Profile (ADESA Dallas),https://www.google.com/maps/reviews/data=!4m8!14m7!1m6!2m5!1sCi9DQUlRQUNvZENodHljRjlvT21jM09WcGpZbWhEZVdkcU5tZDJNVE5uYjBSc1VGRRAB!2m1!1s0x0:0x6a47ae2265c7925d!3m1!1s2@1:CAIQACodChtycF9oOmc3OVpjYmhDeWdqNmd2MTNnb0RsUFE%7C%7C?hl=en,google_business_us_profile,Emoney Guzman,2025-12-02,1,negative,Went to recover my belongings and i was missing my Gun and told them about it and they were trying to say it wasn’t inside but the last time i had it was inside the vehicle. They clean out the vehicle for you and all your belongings are not all there once you get you stuff back.,"Lot Condition, Listing Status and related",Personal belongings/ items,Removal / Retrieval of items left in vehicle
rvw-000386,google.com,Google Business Profile (ADESA Phoenix),https://www.google.com/maps/reviews/data=!4m8!14m7!1m6!2m5!1sCi9DQUlRQUNvZENodHljRjlvT2w5bFVrdHFSVFJKZFVSM1dsZHNkRU5EWWtObVVFRRAB!2m1!1s0x0:0x5e1b863ca8625930!3m1!1s2@1:CAIQACodChtycF9oOl9lUktqRTRJdUR3WldsdENDYkNmUEE%7C%7C?hl=en,google_business_us_profile,Jose Lopez,2025-12-02,1,negative,"The never answer,every time I need help or call to ask for titles they take forever to answer,really bad customer service",Customer Service & Communication,Agent Professionalism & Responsiveness,Rude/Unhelpful Support
rvw-000017,trustpilot.com,Trustpilot (adesa.com),https://www.trustpilot.com/reviews/692dd509945917edecd96467,trustpilot_us_slug,Mason P,2025-12-01,1,negative,"Adesa auto auctions consistently falls…. Adesa auto auctions consistently falls short of the standards expected from a major industry player. The lack of thorough, reliable vehicle disclosures creates an environment where buyers are left to absorb avoidable surprises. It reflects a troubling disregard for accuracy and due diligence - two qualities that should be foundational in any operation. Equally concerning is the posture of their customer support and arbitration teams. Communication is slow, solutions are superficial, and there's a pervasive sense that addressing legit issues is viewed as an inconvenience rather than a responsibility. The process feels designed to exhaust the buyer instead of resolve the problem. Overall, Adesa projects the image of a company far more invested in moving inventory than maintaining transparency, accountability, or trust. For professionals who expect consistency and integrity, this auction is not for you. This auction house demands far more patience than it ever earns. My sales rep, Jackson Taylor and his GM, Mark Wilde have mislead me and refused to help in this matter. DO NOT DO BUSINESS WITH THIS AUCTION! They will sell you JUNK under green light and high CR scores",Customer Service & Communication,Agent Professionalism & Responsiveness,Rude/Unhelpful Support
rvw-000230,trustpilot.com,Trustpilot (adesa.com),https://www.trustpilot.com/reviews/692dd509945917edecd96467,trustpilot_us_slug,Trustpilot user,2025-12-01,,negative,"Adesa auto auctions consistently falls…. Adesa auto auctions consistently falls short of the standards expected from a major industry player. The lack of thorough, reliable vehicle disclosures creates an environment where buyers are left to absorb avoidable surprises. It reflects a troubling disregard for accuracy and due diligence - two qualities that should be foundational in any operation. Equally concerning is the posture of their customer support and arbitration teams. Communication is slow, solutions are superficial, and there's a pervasive sense that addressing legit issues is viewed as an inconvenience rather than a responsibility. The process feels designed to exhaust the buyer instead of resolve the problem. Overall, Adesa projects the image of a company far more invested in moving inventory than maintaining transparency, accountability, or trust. For professionals who expect consistency and integrity, this auction is not for you. This auction house demands far more patience than it ever earns. My sales rep, Jackson Taylor and his GM, Mark Wilde have mislead me and refused to help in this matter. DO NOT DO BUSINESS WITH THIS AUCTION! They will sell you JUNK under green light and high CR scores",Customer Service & Communication,Agent Professionalism & Responsiveness,Rude/Unhelpful Support
rvw-000387,google.com,Google Business Profile (ADESA Nashville),https://www.google.com/maps/reviews/data=!4m8!14m7!1m6!2m5!1sCi9DQUlRQUNvZENodHljRjlvT2tkbVkzTmxPSG93U1hKUE5FdDBXbUZrZG01NVVHYxAB!2m1!1s0x0:0xd23aeb9d1365f256!3m1!1s2@1:CAIQACodChtycF9oOkdmY3NlOHowSXJPNEt0WmFkdm55UGc%7C%7C?hl=en,google_business_us_profile,Mason Perryman,2025-12-01,1,negative,"Adesa auto auctions consistently falls short of the standards expected from a major industry player. The lack of thorough, reliable vehicle disclosures creates an environment where buyers are left to absorb avoidable surprises. It reflects a troubling disregard for accuracy and due diligence - two qualities that should be foundational in any operation. Equally concerning is the posture of their customer support and arbitration teams. Communication is slow, solutions are superficial, and there's a pervasive sense that addressing legit issues is viewed as an inconvenience rather than a responsibility. The process feels designed to exhaust the buyer instead of resolve the problem. Overall, Adesa projects the image of a company far more invested in moving inventory than maintaining transparency, accountability, or trust. For professionals who expect consistency and integrity, this auction is not for you. This auction house demands far more patience than it ever earns. My sales rep, Jackson Taylor and his GM, Mark Wilde have mislead me and refused to help in this matter. DO NOT DO BUSINESS WITH THIS AUCTION! They will sell you JUNK under green light and high CR scores",Customer Service & Communication,Agent Professionalism & Responsiveness,Rude/Unhelpful Support
rvw-000388,google.com,Google Business Profile (ADESA Phoenix),https://www.google.com/maps/reviews/data=!4m8!14m7!1m6!2m5!1sCi9DQUlRQUNvZENodHljRjlvT2t4SFl6UmtRa1JTVG1wSmVFcFNkR3BZYm1FdFExRRAB!2m1!1s0x0:0x5e1b863ca8625930!3m1!1s2@1:CAIQACodChtycF9oOkxHYzRkQkRSTmpJeEpSdGpYbmEtQ1E%7C%7C?hl=en,google_business_us_profile,John McGlory,2025-11-27,1,negative,"Adesa has changed since Carvana purchased them. The physical auction claims storage fees when you’ve been waiting a week for payment information, never runs your vehicles through the lanes, assumes vehicles as non op, among other things. Clear has cars that are improperly listed and when arbitration occurs they will charge fees to arbitrate the vehicle, when things should be clearly described on a 7-8 year old green light vehicle. Adesa / Clear does not follow NAAA guidelines. Do not expect to arbitrate your vehicle with them and be successful without strenuous extra work on your part.",Membership / Licensing / Fees & Bidding Policies,"Bidding Process, Rules and Fees",Fees
rvw-000161,birdeye.com,Birdeye (Google),https://reviews.birdeye.com/adesa-memphis-166562763449834#review-5,birdeye_us_profile,Gee,2025-11-27,,positive,Adeasa is great. I love my Co-workers. Everyone is helpful and nice,Customer Service & Communication,Agent Professionalism & Responsiveness,Helpful Support Experience
rvw-000018,apps.apple.com,"Apple App Store (1660253652, us)",https://itunes.apple.com/us/review?id=1660253652&type=Purple%20Software&reviewId=13443232127,apple_us_store,AwesomeGuyObviously,2025-11-26,5,positive,"As of 11/26/25 this app is great!. Although when the transition happened this app was missing critical features vs the original one, as of today all those features are back in plus a bunch of other quality of life improvements!",Account / Access / Login,Password Reset & Login Troubleshooting,App Login Troubleshooting
rvw-000389,google.com,Google Business Profile (ADESA Golden Gate),https://www.google.com/maps/reviews/data=!4m8!14m7!1m6!2m5!1sCi9DQUlRQUNvZENodHljRjlvT2tOamNGRllUMmxvU0hORFRtZHZlRXhXWmxOM1RIYxAB!2m1!1s0x0:0x1314b726513d9a91!3m1!1s2@1:CAIQACodChtycF9oOkNjcFFYT2loSHNDTmdveExWZlN3THc%7C%7C?hl=en,google_business_us_profile,Alecks Gather,2025-11-25,2,negative,App vehicle locator is useless Pls make it easier for transporters by giving more clear instructions The row vehicle is located and the ground number with much clear marked rows and numbers. Very easy to do. That will show care for our families. Also workers could care less they just watching their clock for time to ⏰ out.,Account / Access / Login,Password Reset & Login Troubleshooting,App Login Troubleshooting
rvw-000390,google.com,Google Business Profile (ADESA Phoenix),https://www.google.com/maps/reviews/data=!4m8!14m7!1m6!2m5!1sCi9DQUlRQUNvZENodHljRjlvT2kxWlJsTmhZbkZNT0djMGJsWlVjV3Q1VlZKdFVFRRAB!2m1!1s0x0:0x5e1b863ca8625930!3m1!1s2@1:CAIQACodChtycF9oOi1ZRlNhYnFMOGc0blZUcWt5VVJtUEE%7C%7C?hl=en,google_business_us_profile,bigdawg promotions,2025-11-24,5,positive,"Tammy at ADESA Phoenix is incredible! She’s always smiling, friendly, and brings such positive energy every single week. She’s consistently helpful, knowledgeable, and makes every visit smooth and easy. It’s always a pleasure working with her, truly a standout! Highly recommend.",Customer Service & Communication,Agent Professionalism & Responsiveness,Helpful Support Experience
rvw-000391,google.com,Google Business Profile (ADESA Sacramento),https://www.google.com/maps/reviews/data=!4m8!14m7!1m6!2m5!1sCi9DQUlRQUNvZENodHljRjlvT2xRM2IwOU5OVEJoZVRKMWRWcGxSRlU0VTBKMGNGRRAB!2m1!1s0x0:0x6faa40eb8e88ad45!3m1!1s2@1:CAIQACodChtycF9oOlQ3b09NNTBheTJ1dVplRFU4U0J0cFE%7C%7C?hl=en,google_business_us_profile,Paul Past,2025-11-24,2,negative,Adesa Sacramento is the only auction that: 1. Will not fully reimburse buyers for transportation expenses after Arbitration ($500 cap which is obviously not enough) 2. Makew you sing a paper to open arbitration. What doet it make buyers do? Simple- we bid much much less for cars or dont bid at all. Sellers end up losing money. Message to the management: remove all those silly and outdated restrictions. Punishing buyers is bad for business.,Customer Service & Communication,Agent Professionalism & Responsiveness,Rude/Unhelpful Support
rvw-000019,apps.apple.com,"Apple App Store (1660253652, us)",https://itunes.apple.com/us/review?id=1660253652&type=Purple%20Software&reviewId=13438032593,apple_us_store,timeizmoney,2025-11-24,1,negative,Over complicated. Bring back the old app. Basic app like the old version. Location. Should be able to keep home location. Then sort vehicle in a list by model. This app takes 10minutes just to set up. Also doesn’t have certain models in the list. This app is a fail.,Account / Access / Login,Password Reset & Login Troubleshooting,App Login Troubleshooting
rvw-000020,apps.apple.com,"Apple App Store (1660253652, us)",https://itunes.apple.com/us/review?id=1660253652&type=Purple%20Software&reviewId=13437999963,apple_us_store,Jimmy Wheels 12,2025-11-24,2,negative,Adesa Clear. The new app is very quirky to navigate. The drop-down‘s are difficult to locate the important items. And you do not have the same access as you did on the old site.,Account / Access / Login,Password Reset & Login Troubleshooting,App Login Troubleshooting
rvw-000021,apps.apple.com,"Apple App Store (1660253652, us)",https://itunes.apple.com/us/review?id=1660253652&type=Purple%20Software&reviewId=13437971899,apple_us_store,Yaz238,2025-11-24,1,negative,The. They really need to work on you can’t see anything on this app.,Account / Access / Login,Password Reset & Login Troubleshooting,App Login Troubleshooting
rvw-000022,apps.apple.com,"Apple App Store (1660253652, us)",https://itunes.apple.com/us/review?id=1660253652&type=Purple%20Software&reviewId=13437572464,apple_us_store,Carbuyer501,2025-11-24,1,negative,Terrible App. The old app was much better.,Account / Access / Login,Password Reset & Login Troubleshooting,App Login Troubleshooting
rvw-000023,trustpilot.com,Trustpilot (adesa.com),https://www.trustpilot.com/reviews/69234da7d2d2e837fa7e62fe,trustpilot_us_slug,Tony,2025-11-23,1,negative,"This adesa auto transport carrier is O…. This adesa auto transport carrier is O review. They are a big scam. Stay away gave us the run around for 2 weeks unprofessional, use other company.",Customer Service & Communication,Agent Professionalism & Responsiveness,Rude/Unhelpful Support
rvw-000231,trustpilot.com,Trustpilot (adesa.com),https://www.trustpilot.com/reviews/69234da7d2d2e837fa7e62fe,trustpilot_us_slug,Trustpilot user,2025-11-23,,positive,"This adesa auto transport carrier is O…. This adesa auto transport carrier is O review. They are a big scam. Stay away gave us the run around for 2 weeks unprofessional, use other company.",Customer Service & Communication,Agent Professionalism & Responsiveness,Helpful Support Experience
rvw-000392,google.com,Google Business Profile (ADESA Boston),https://www.google.com/maps/reviews/data=!4m8!14m7!1m6!2m5!1sCi9DQUlRQUNvZENodHljRjlvT2poWFRGOXdWMkZpWW5kWGVpMU5RbFV3WTBOVFYzYxAB!2m1!1s0x0:0x159ea0564a37c95b!3m1!1s2@1:CAIQACodChtycF9oOjhXTF9wV2FiYndXei1NQlUwY0NTV3c%7C%7C?hl=en,google_business_us_profile,Sid Beck,2025-11-19,1,negative,Just purchased a car here. Sent an ACH. They had my money the next business day. They will not release the car for 5 days after they get funds. Absolutely horrible customer service. Probably won't ever buy here again. Terrible experience.,Customer Service & Communication,Agent Professionalism & Responsiveness,Rude/Unhelpful Support
rvw-000393,google.com,Google Business Profile (Adesa Brasher's),https://www.google.com/maps/reviews/data=!4m8!14m7!1m6!2m5!1sCi9DQUlRQUNvZENodHljRjlvT25WU1NuRkdMV2xWVTFjeWEybE1WR3hqUVZoNllXYxAB!2m1!1s0x0:0x465b81eaadc807dc!3m1!1s2@1:CAIQACodChtycF9oOnVSSnFGLWlVU1cya2lMVGxjQVh6YWc%7C%7C?hl=en,google_business_us_profile,Dann Harrison,2025-11-18,1,negative,I purchased a vehicle two weeks ago and they still haven't given my gate release. I'm on ACH. I was not comfortable doing business with this auction anymore because it is owned by Carvana. My concerns have been validated. Beware!!!!!!!,Membership / Licensing / Fees & Bidding Policies,"Bidding Process, Rules and Fees",Fees
rvw-000024,birdeye.com,Birdeye (Google),https://reviews.birdeye.com/adesa-memphis-166562763449834#review-4,birdeye_us_profile,Gee,2025-11-18,,positive,Adeasa is great. I love my Co-workers. Everyone is helpful and nice,Customer Service & Communication,Agent Professionalism & Responsiveness,Helpful Support Experience
rvw-000025,birdeye.com,Birdeye (Google),https://reviews.birdeye.com/adesa-memphis-166562763449834?page=2#review-4,birdeye_us_profile,Gee,2025-11-18,,positive,Adeasa is great. I love my Co-workers. Everyone is helpful and nice,Customer Service & Communication,Agent Professionalism & Responsiveness,Helpful Support Experience
rvw-000394,google.com,Google Business Profile (ADESA New Jersey),https://www.google.com/maps/reviews/data=!4m8!14m7!1m6!2m5!1sCi9DQUlRQUNvZENodHljRjlvT21sMU4weDVRVmhJVjFoVmRtWTBSa3hLTFdWNU9IYxAB!2m1!1s0x0:0xd01acd06305ff6fb!3m1!1s2@1:CAIQACodChtycF9oOml1N0x5QVhIV1hVdmY0RkxKLWV5OHc%7C%7C?hl=en,google_business_us_profile,Jose Rodri,2025-11-17,1,negative,WORSE ADESA LOCATION. THEY NEVER PICK UP THAT PHONE ……CUSTOMER SERVICES SUCKS.….A LOT OF JUNK CARS. …..LADY TAKING PAYMENT (BLONDE LADY) THINKS YOUR BEGGING HER FOR HER SERVICE …ARBITRATION DEPARTS WORSE OF WORSE. TITLES ALWAYS A HEADACHE I WOULDN’T RECOMMEND ZERO STAR IF WE’RE POSSIBLE. 👎👎👎👎👎👎 STAY AWAY,Customer Service & Communication,Agent Professionalism & Responsiveness,Rude/Unhelpful Support
rvw-000395,google.com,Google Business Profile (ADESA Northwest),https://www.google.com/maps/reviews/data=!4m8!14m7!1m6!2m5!1sCi9DQUlRQUNvZENodHljRjlvT210cWR6RkNSMWRYVGxOWGVFWnNaRVExUVU5NGFIYxAB!2m1!1s0x0:0x86866fec57f185eb!3m1!1s2@1:CAIQACodChtycF9oOmtqdzFCR1dXTlNXeEZsZEQ1QU94aHc%7C%7C?hl=en,google_business_us_profile,Asaad Esai,2025-11-17,5,positive,A high-end and excellent auction,Membership / Licensing / Fees & Bidding Policies,"Bidding Process, Rules and Fees",How to Bid (First Time)
rvw-000218,birdeye.com,Birdeye (Google),https://reviews.birdeye.com/adesa-seattle-166635448334315#review-3,birdeye_us_profile,Incredible California,2025-11-16,,positive,"They charging $25 a day for storage fee!! That’s not fair, what options do we have if you don’t have forklift!!! At least provide one so we can get a transportation or take it easy on storage fee! I called today to try to get my fee waived but useless and the accountant was mean “WE CHARGE $25 a day” Wake up!! You are not a two yard You need to make it easy for your customers not make it harder I’m done you are no different from copart",Membership / Licensing / Fees & Bidding Policies,"Bidding Process, Rules and Fees",Fees
rvw-000396,google.com,Google Business Profile (ADESA Orlando),https://www.google.com/maps/reviews/data=!4m8!14m7!1m6!2m5!1sCi9DQUlRQUNvZENodHljRjlvT2pGUE5GUk9YeTFqVEZCS1RsOVdTRmxUVjNKVmJWRRAB!2m1!1s0x0:0x2b5dc383485f1e3b!3m1!1s2@1:CAIQACodChtycF9oOjFPNFROXy1jTFBKTl9WSFlTV3JVbVE%7C%7C?hl=en,google_business_us_profile,juancarlos rivas,2025-11-15,5,positive,The staff in the front was very helpful and helping me locate my car quickly and efficiency. it took less than 2 minutes of walking,Customer Service & Communication,Agent Professionalism & Responsiveness,Helpful Support Experience
rvw-000397,google.com,Google Business Profile (ADESA Orlando),https://www.google.com/maps/reviews/data=!4m8!14m7!1m6!2m5!1sCi9DQUlRQUNvZENodHljRjlvT2pOaU5WcEhjSHBET1hVMGN6Vk9OMWRPUW5weVpIYxAB!2m1!1s0x0:0x2b5dc383485f1e3b!3m1!1s2@1:CAIQACodChtycF9oOjNiNVpHcHpDOXU0czVON1dOQnpyZHc%7C%7C?hl=en,google_business_us_profile,Zoltan Berman,2025-11-11,1,negative,"Ok I read all the reviews and said no way ! Well I was wrong as a dealer. I noticed that this auction is never full maybe 100-150 dealers such as I. Considering other auctions completely full and state their policies directly up front. However I bid on a car got an if Newark car low miles clean interior and exterior. But my if turned in to winning bid ( green light car ) it just bothered me how at the height of auction I was the winner, I sent the car in for post sale inspection and the car failed. Bad transmission, before I asked for psi I stated if it fails inspection it’s automatically arbitrated and I’m not responsible for the psi or sale correct ? They stated yes you are not responsible . Two months go by they send me a bill for $210. How could an auction sight allow private dealers to sell cars with out checking if it is truly a green light? And hold me responsible some shady stuff going on here and I’m not happy I called and spoke to the manager at sight and headquarters same thing. Dosnt work with me I will peruse this.",Customer Service & Communication,Agent Professionalism & Responsiveness,Rude/Unhelpful Support
rvw-000900,birdeye.com,Birdeye (Google),https://reviews.birdeye.com/adesa-seattle-166635448334315#review-3,birdeye_us_profile,Incredible California,2025-11-11,,positive,"They charging $25 a day for storage fee!! That’s not fair, what options do we have if you don’t have forklift!!! At least provide one so we can get a transportation or take it easy on storage fee! I called today to try to get my fee waived but useless and the accountant was mean “WE CHARGE $25 a day” Wake up!! You are not a two yard You need to make it easy for your customers not make it harder I’m done you are no different from copart",Membership / Licensing / Fees & Bidding Policies,"Bidding Process, Rules and Fees",Fees
rvw-000836,birdeye.com,Birdeye (Google),https://reviews.birdeye.com/adesa-seattle-166635448334315#review-3,birdeye_us_profile,Incredible California,2025-11-06,,positive,"They charging $25 a day for storage fee!! That’s not fair, what options do we have if you don’t have forklift!!! At least provide one so we can get a transportation or take it easy on storage fee! I called today to try to get my fee waived but useless and the accountant was mean “WE CHARGE $25 a day” Wake up!! You are not a two yard You need to make it easy for your customers not make it harder I’m done you are no different from copart",Membership / Licensing / Fees & Bidding Policies,"Bidding Process, Rules and Fees",Fees
rvw-000398,google.com,Google Business Profile (ADESA Orlando),https://www.google.com/maps/reviews/data=!4m8!14m7!1m6!2m5!1sCi9DQUlRQUNvZENodHljRjlvT2paQmRUSjVUbE55T1ZSdVZqRlVhR1ZUZVVkVVJuYxAB!2m1!1s0x0:0x2b5dc383485f1e3b!3m1!1s2@1:CAIQACodChtycF9oOjZBdTJ5TlNyOVRuVjFUaGVTeUdURnc%7C%7C?hl=en,google_business_us_profile,Car Acceleration Channel (Trickflow Tony Racing),2025-11-05,1,negative,"I have been trying to get my car back from repossession redemption, since September 22nd, we are now November 5th, left multiple voicemails, emails and even sent a certified letter with return and I have still not gotten my car back. They are literally holding my car hostage and are giving me 0 options to get it back since they never respond to the phone and do not reply to emails.",Customer Service & Communication,Communication Follow-up & Escalation,No Callback / Unresolved Case
rvw-000267,birdeye.com,Birdeye (Google),https://reviews.birdeye.com/adesa-seattle-166635448334315#review-3,birdeye_us_profile,Incredible California,2025-11-05,,positive,"They charging $25 a day for storage fee!! That’s not fair, what options do we have if you don’t have forklift!!! At least provide one so we can get a transportation or take it easy on storage fee! I called today to try to get my fee waived but useless and the accountant was mean “WE CHARGE $25 a day” Wake up!! You are not a two yard You need to make it easy for your customers not make it harder I’m done you are no different from copart",Membership / Licensing / Fees & Bidding Policies,"Bidding Process, Rules and Fees",Fees
rvw-000252,birdeye.com,Birdeye (Google),https://reviews.birdeye.com/adesa-seattle-166635448334315#review-3,birdeye_us_profile,Incredible California,2025-11-04,,positive,"They charging $25 a day for storage fee!! That’s not fair, what options do we have if you don’t have forklift!!! At least provide one so we can get a transportation or take it easy on storage fee! I called today to try to get my fee waived but useless and the accountant was mean “WE CHARGE $25 a day” Wake up!! You are not a two yard You need to make it easy for your customers not make it harder I’m done you are no different from copart",Membership / Licensing / Fees & Bidding Policies,"Bidding Process, Rules and Fees",Fees
rvw-000026,apps.apple.com,"Apple App Store (1660253652, us)",https://itunes.apple.com/us/review?id=1660253652&type=Purple%20Software&reviewId=13357070511,apple_us_store,Dealer H,2025-11-04,1,negative,"Every new update make service worse and worse. Unfortunately, every new update from Adesa makes the service worse and causes more trouble for users and dealers. It feels like the developers are intentionally making our lives harder. Whoever designed the mobile version clearly has no idea what wholesale car sales are and has probably never worked with a normal website, because most of the tools and functions available on the regular web version are simply missing in the mobile one. For example, if you’re buying a car on the regular site but suddenly need to switch to the mobile version, none of your data carries over — your lists disappear, and many essential features are gone. Since Adesa launched this new version, I personally stopped buying cars on Adesa. I used to buy exclusively through the mobile app because it was convenient, simple, and accessible. Now it’s completely the opposite — inconvenient and unusable. So I’m switching to work with Manheim instead. If Adesa ever starts thinking about making things easier for its clients and dealers — rather than harder — and begins developing features for dealers instead of against them, maybe I’ll come back. But for now, I’m not interested.",Membership / Licensing / Fees & Bidding Policies,"Bidding Process, Rules and Fees",Fees
rvw-000162,apps.apple.com,"Apple App Store (1660253652, us)",https://apps.apple.com/us/app/id1660253652?see-all=reviews&platform=iphone&reviewId=13357070511,apple_us_store,Dealer H,2025-11-04,1,negative,"Every new update make service worse and worse. Unfortunately, every new update from Adesa makes the service worse and causes more trouble for users and dealers. It feels like the developers are intentionally making our lives harder. Whoever designed the mobile version clearly has no idea what wholesale car sales are and has probably never worked with a normal website, because most of the tools and functions available on the regular web version are simply missing in the mobile one. For example, if you’re buying a car on the regular site but suddenly need to switch to the mobile version, none of your data carries over — your lists disappear, and many essential features are gone. Since Adesa launched this new version, I personally stopped buying cars on Adesa. I used to buy exclusively through the mobile app because it was convenient, simple, and accessible. Now it’s completely the opposite — inconvenient and unusable. So I’m switching to work with Manheim instead. If Adesa ever starts thinking about making things easier for its clients and dealers — rather than harder — and begins developing features for dealers instead of against them, maybe I’ll come back. But for now, I’m not interested",Membership / Licensing / Fees & Bidding Policies,"Bidding Process, Rules and Fees",Fees
rvw-000399,google.com,Google Business Profile (ADESA New Jersey),https://www.google.com/maps/reviews/data=!4m8!14m7!1m6!2m5!1sCi9DQUlRQUNvZENodHljRjlvT25WcFJGcEpjWFE1WVZvM1oyNWlRbWswYWtSQ1YyYxAB!2m1!1s0x0:0xd01acd06305ff6fb!3m1!1s2@1:CAIQACodChtycF9oOnVpRFpJcXQ5YVo3Z25iQmk0akRCV2c%7C%7C?hl=en,google_business_us_profile,Debbie Drake,2025-11-03,4,positive,Once I was able to get an appointment to pick up my vehicle it went well . Staff was very kind and helpful. They had the wrong vehicle waiting for me but the staff member helping me went above and beyond quickly straightened it and guided me all the way out .,Customer Service & Communication,Agent Professionalism & Responsiveness,Helpful Support Experience
rvw-000198,birdeye.com,Birdeye (Google),https://reviews.birdeye.com/adesa-seattle-166635448334315#review-3,birdeye_us_profile,Incredible California,2025-11-03,,positive,"They charging $25 a day for storage fee!! That’s not fair, what options do we have if you don’t have forklift!!! At least provide one so we can get a transportation or take it easy on storage fee! I called today to try to get my fee waived but useless and the accountant was mean “WE CHARGE $25 a day” Wake up!! You are not a two yard You need to make it easy for your customers not make it harder I’m done you are no different from copart",Membership / Licensing / Fees & Bidding Policies,"Bidding Process, Rules and Fees",Fees
rvw-000400,google.com,Google Business Profile (ADESA Knoxville),https://www.google.com/maps/reviews/data=!4m8!14m7!1m6!2m5!1sCi9DQUlRQUNvZENodHljRjlvT2tsWmQyWlllVTVEWDBZdGJYSnBiakU0ZW1JMmMyYxAB!2m1!1s0x0:0xbe432126bb6ab401!3m1!1s2@1:CAIQACodChtycF9oOklZd2ZYeU5DX0YtbXJpbjE4emI2c2c%7C%7C?hl=en,google_business_us_profile,Renee,2025-11-01,1,negative,"🚨 Dealers Beware: ADESA is a Total Scam Operation I buy close to 100 cars a month, and I expect a few duds — that’s the business. But ADESA takes it to a whole different level. They’ll run up bids, drop the hammer before $3,000, then claim the car is “as-is” even though it ran under a green light. Total bait and switch. Every “green light” car turns out to be a mechanical disaster, and the manager couldn’t care less. From the auction lane to the billing department, it’s nothing but chaos, excuses, and flat-out fraud. If you value your reputation and your bankroll — stay far away from ADESA. Every car I’ve bought from them has been junk, and they hide behind “policy” to dodge accountability.",Customer Service & Communication,Agent Professionalism & Responsiveness,Rude/Unhelpful Support
rvw-000401,google.com,Google Business Profile (ADESA Orlando),https://www.google.com/maps/reviews/data=!4m8!14m7!1m6!2m5!1sCi9DQUlRQUNvZENodHljRjlvT21nM2NGb3lVVVJLZEdwcGJrTkxZek5qVHpGUFRtYxAB!2m1!1s0x0:0x2b5dc383485f1e3b!3m1!1s2@1:CAIQACodChtycF9oOmg3cFoyUURKdGppbkNLYzNjTzFPTmc%7C%7C?hl=en,google_business_us_profile,Anne-Marie Corellou,2025-11-01,1,negative,"Worst place ever. Can't get anybody answering the phone to make an appointment. Send 2 emails, sent a certified letter. Never got an answer. They have my car and I can't get it back.",Customer Service & Communication,Agent Professionalism & Responsiveness,Rude/Unhelpful Support
rvw-000402,google.com,Google Business Profile (ADESA Pittsburgh),https://www.google.com/maps/reviews/data=!4m8!14m7!1m6!2m5!1sCi9DQUlRQUNvZENodHljRjlvT2tjMU0wOHRkbkIyVWtzM1owZDZSMm8wUVdkaGNrRRAB!2m1!1s0x0:0x50aee71ecf3394d9!3m1!1s2@1:CAIQACodChtycF9oOkc1M08tdnB2Uks3Z0d6R2o0QWdhckE%7C%7C?hl=en,google_business_us_profile,Paul Past,2025-10-31,1,negative,Sold us INOP unit without disclosing it and then refused to offer a forklift to load it. By the time we were able to find a tow truck - Adesa charged us over $1000 in storage fees,Membership / Licensing / Fees & Bidding Policies,"Bidding Process, Rules and Fees",Fees
rvw-000403,google.com,Google Business Profile (ADESA New Jersey),https://www.google.com/maps/reviews/data=!4m8!14m7!1m6!2m5!1sCi9DQUlRQUNvZENodHljRjlvT2pSVlpUVXpiRTh5U2s1UmMzRjZZakJ4TjI1aFpXYxAB!2m1!1s0x0:0xd01acd06305ff6fb!3m1!1s2@1:CAIQACodChtycF9oOjRVZTUzbE8ySk5Rc3F6YjBxN25hZWc%7C%7C?hl=en,google_business_us_profile,MOSTAFA OTHMAN,2025-10-29,5,positive,"I would like to take a moment to sincerely thank Wilfredo Vady for his outstanding assistance in helping me reactivate my account, which had been shut down at the Dean, New Jersey location. From the very beginning, Wilfredo demonstrated exceptional professionalism, patience, and dedication. He guided me through every step of the process with clarity and understanding, making what could have been a stressful situation smooth and easy to resolve. His excellent customer service and genuine commitment to helping me get back on track truly made a difference. Because of the level of care and support I received from Wilfredo, I feel even more confident and motivated to continue doing business with Auction. In fact, I plan to increase my business activity and strengthen my partnership with the company, knowing that people like Wilfredo are there to provide such reliable support. Once again, thank you, Wilfredo, for going above and beyond. Your professionalism and kindness are deeply appreciated!",Customer Service & Communication,Agent Professionalism & Responsiveness,Helpful Support Experience
rvw-000232,birdeye.com,Birdeye (Google),https://reviews.birdeye.com/adesa-seattle-166635448334315#review-3,birdeye_us_profile,Incredible California,2025-10-29,,positive,"They charging $25 a day for storage fee!! That’s not fair, what options do we have if you don’t have forklift!!! At least provide one so we can get a transportation or take it easy on storage fee! I called today to try to get my fee waived but useless and the accountant was mean “WE CHARGE $25 a day” Wake up!! You are not a two yard You need to make it easy for your customers not make it harder I’m done you are no different from copart",Membership / Licensing / Fees & Bidding Policies,"Bidding Process, Rules and Fees",Fees
rvw-000404,google.com,Google Business Profile (ADESA Pittsburgh),https://www.google.com/maps/reviews/data=!4m8!14m7!1m6!2m5!1sCi9DQUlRQUNvZENodHljRjlvT2xseWNIQk1UVlE1WDJ0U2QyVkJhVUpTVUcxaGJrRRAB!2m1!1s0x0:0x50aee71ecf3394d9!3m1!1s2@1:CAIQACodChtycF9oOllycHBMTVQ5X2tSd2VBaUJSUG1hbkE%7C%7C?hl=en,google_business_us_profile,Donald Mead,2025-10-28,5,positive,Sue the title person was the best. She was able to get everything done perfectly!!!,"Title, Ownership, POA and Documentation",Power of Attorney (POA) Handling,POA Requirements Clarification
rvw-000163,birdeye.com,Birdeye (Google),https://reviews.birdeye.com/adesa-seattle-166635448334315#review-3,birdeye_us_profile,Incredible California,2025-10-28,,positive,"They charging $25 a day for storage fee!! That’s not fair, what options do we have if you don’t have forklift!!! At least provide one so we can get a transportation or take it easy on storage fee! I called today to try to get my fee waived but useless and the accountant was mean “WE CHARGE $25 a day” Wake up!! You are not a two yard You need to make it easy for your customers not make it harder I’m done you are no different from copart",Membership / Licensing / Fees & Bidding Policies,"Bidding Process, Rules and Fees",Fees
rvw-000405,google.com,Google Business Profile (ADESA Atlanta),https://www.google.com/maps/reviews/data=!4m8!14m7!1m6!2m5!1sCi9DQUlRQUNvZENodHljRjlvT25OemRtTkpiREZWWTNreGRrcEdWVGwyTFdkTVdFRRAB!2m1!1s0x0:0x8ca5797c8ce4da57!3m1!1s2@1:CAIQACodChtycF9oOnNzdmNJbDFVY3kxdkpGVTl2LWdMWEE%7C%7C?hl=en,google_business_us_profile,Brad Thomas,2025-10-24,1,negative,"Adesa Atlanta is now a very disorganized auction, cars are never in the right place, seems like they hire everyone from a staffing agency, nobody is there to help, everyone is very rude.Adesa Atlanta used to be ran much better years back, who ever is in charge of this location now is running it to the ground, it must be under new management that doesn’t know what they’re doing.We used to run hundreds of cars here weekly as wholesalers and now you couldn’t pay me to even attend due to the way it’s ran now.",Customer Service & Communication,Agent Professionalism & Responsiveness,Rude/Unhelpful Support
rvw-000837,google.com,Google Business Profile (ADESA Chicago),https://www.google.com/maps/reviews/data=!4m8!14m7!1m6!2m5!1sCi9DQUlRQUNvZENodHljRjlvT2xaZmMxWnhUek5WU1VwWGVXWkxRak55T1Raa1VFRRAB!2m1!1s0x0:0x29cf546c41c2f6ff!3m1!1s2@1:CAIQACodChtycF9oOlZfc1ZxTzNVSUpXeWZLQjNyOTZkUEE%7C%7C?hl=en,google_business_us_profile,Torian Curry,2025-10-24,5,positive,I just had a phone call. I called Odessa Chicago and I had a phone call and I had an excellent conversation. The lady was very helpful but on my phone call I make it. I made a mistake and press the number a key that wasn’t intended for her services. She was excellent and she was very very helpful. She was very very knowledgeable and I just wanted to go online and leave a review specifically specifically for her and I did Name but she answered the phone about 9:29 AM and she spoke to Thank you,Customer Service & Communication,Agent Professionalism & Responsiveness,Helpful Support Experience
rvw-000406,google.com,Google Business Profile (ADESA Golden Gate),https://www.google.com/maps/reviews/data=!4m8!14m7!1m6!2m5!1sCi9DQUlRQUNvZENodHljRjlvT2pjNVRYcHFiMDFPYldKVU9YQk1jVmRMZUdGVmVIYxAB!2m1!1s0x0:0x1314b726513d9a91!3m1!1s2@1:CAIQACodChtycF9oOjc5TXpqb01ObWJUOXBMcVdLeGFVeHc%7C%7C?hl=en,google_business_us_profile,Yanira Galicia,2025-10-21,3,negative,People were friendly but they damaged my car I only noticed after I left. Money i wont get back.,"Lot Condition, Listing Status and related",Lot Condition Reporting,Lot Damage
rvw-000407,google.com,Google Business Profile (ADESA San Antonio),https://www.google.com/maps/reviews/data=!4m8!14m7!1m6!2m5!1sCi9DQUlRQUNvZENodHljRjlvT2s5eGVXbFpUMWhDWmpoaWIxaFBNek14U0RBMFExRRAB!2m1!1s0x0:0xc0ff65b103a17103!3m1!1s2@1:CAIQACodChtycF9oOk9xeWlZT1hCZjhib1hPMzMxSDA0Q1E%7C%7C?hl=en,google_business_us_profile,Juan Hernandez,2025-10-21,5,positive,I went to go pick up a title,"Title, Ownership, POA and Documentation",Power of Attorney (POA) Handling,POA Requirements Clarification
rvw-000408,google.com,Google Business Profile (ADESA Tampa),https://www.google.com/maps/reviews/data=!4m8!14m7!1m6!2m5!1sCi9DQUlRQUNvZENodHljRjlvT201UFRqRlhVRTgzTUdrNVEwcE1iRTU1WVVKaE5sRRAB!2m1!1s0x0:0x2d3addad274be2eb!3m1!1s2@1:CAIQACodChtycF9oOm5PTjFXUE83MGk5Q0pMbE55YUJhNlE%7C%7C?hl=en,google_business_us_profile,The Real Hustle,2025-10-20,1,negative,"Do not buy from this Auction!! other adesa locations are OK but this one is a nightmare 1st of the people are rude, arbitration is terrible on top of that they will charge you $25/day for storage we didn't know about that charge and they blocked our account. spoke to a Rude lady named Bri she transfered me straight to a voicemail.",Customer Service & Communication,Support Access & Response Time,Long Hold Time / Hard to Reach Support
rvw-000027,birdeye.com,Birdeye (Google),https://reviews.birdeye.com/adesa-seattle-166635448334315#review-3,birdeye_us_profile,Incredible California,2025-10-19,,positive,"They charging $25 a day for storage fee!! That’s not fair, what options do we have if you don’t have forklift!!! At least provide one so we can get a transportation or take it easy on storage fee! I called today to try to get my fee waived but useless and the accountant was mean “WE CHARGE $25 a day” Wake up!! You are not a two yard You need to make it easy for your customers not make it harder I’m done you are no different from copart",Membership / Licensing / Fees & Bidding Policies,"Bidding Process, Rules and Fees",Fees
rvw-000028,birdeye.com,Birdeye (Google),https://reviews.birdeye.com/adesa-seattle-166635448334315?page=2#review-3,birdeye_us_profile,Incredible California,2025-10-19,,positive,"They charging $25 a day for storage fee!! That’s not fair, what options do we have if you don’t have forklift!!! At least provide one so we can get a transportation or take it easy on storage fee! I called today to try to get my fee waived but useless and the accountant was mean “WE CHARGE $25 a day” Wake up!! You are not a two yard You need to make it easy for your customers not make it harder I’m done you are no different from copart",Membership / Licensing / Fees & Bidding Policies,"Bidding Process, Rules and Fees",Fees
rvw-000409,google.com,Google Business Profile (ADESA Syracuse),https://www.google.com/maps/reviews/data=!4m8!14m7!1m6!2m5!1sCi9DQUlRQUNvZENodHljRjlvT213eFJVeElTbDlFVWpCdVFXWTFVMGR4YzJoUFYwRRAB!2m1!1s0x0:0x1dbcb81ab39fdeec!3m1!1s2@1:CAIQACodChtycF9oOmwxRUxISl9EUjBuQWY1U0dxc2hPV0E%7C%7C?hl=en,google_business_us_profile,Speedy Carriers,2025-10-17,5,positive,Tammy was wonderful and very helpful . Thank you for your help.,Customer Service & Communication,Agent Professionalism & Responsiveness,Helpful Support Experience
rvw-000410,google.com,Google Business Profile (ADESA Jacksonville),https://www.google.com/maps/reviews/data=!4m8!14m7!1m6!2m5!1sCi9DQUlRQUNvZENodHljRjlvT2xack0yWmZMVEpMVjBSNVJWZzJlWE5uUVhWMWVtYxAB!2m1!1s0x0:0x75945523880f8c83!3m1!1s2@1:CAIQACodChtycF9oOlZrM2ZfLTJLV0R5RVg2eXNnQXV1emc%7C%7C?hl=en,google_business_us_profile,Jacob Exum,2025-10-16,5,positive,Bought a lot of inventory vehicles from here with true CR grades to make reconditioning easier to grasp. Sold all of my wholesale units through here and had the highest rate of success here compared to any other auction. They have a strong team that goes to bat for you as a dealer / customer to get you the money the vehicles should bring. Highly recommend this Adesa location. Sean Kemper is a true operator!,Customer Service & Communication,Agent Professionalism & Responsiveness,Helpful Support Experience
rvw-000411,google.com,Google Business Profile (ADESA New Jersey),https://www.google.com/maps/reviews/data=!4m8!14m7!1m6!2m5!1sCi9DQUlRQUNvZENodHljRjlvT2tWaFVUQlVUWGhRYkZaT1gwMUxhelpwU2taRVEzYxAB!2m1!1s0x0:0xd01acd06305ff6fb!3m1!1s2@1:CAIQACodChtycF9oOkVhUTBUTXhQbFZOX01LazZpSkZEQ3c%7C%7C?hl=en,google_business_us_profile,Reemon Youno,2025-10-15,1,negative,Don’t do a mistake and buy from this place specifically when you have issues with title and you had to deal with Robin Brygier. She need to go back to school and learn how to speak with dealer. She using a bad word and cussing in phone I never had like today experience.,"Title, Ownership, POA and Documentation",Title Delivery & Status,Title Not Received
rvw-000029,apps.apple.com,"Apple App Store (1660253652, us)",https://itunes.apple.com/us/review?id=1660253652&type=Purple%20Software&reviewId=13271392395,apple_us_store,Robbyatwood1,2025-10-15,2,negative,"Not a good look, Adesa. Why did they feel they had to change something that was so user-friendly and effective? This new app needs to be done away with and never mentioned again.",Membership / Licensing / Fees & Bidding Policies,"Bidding Process, Rules and Fees",Fees
rvw-000412,google.com,Google Business Profile (ADESA Lansing),https://www.google.com/maps/reviews/data=!4m8!14m7!1m6!2m5!1sCi9DQUlRQUNvZENodHljRjlvT2xOU2RUVnVURzlRVlcxQ04yaFRNRXRCVW1SdmIzYxAB!2m1!1s0x0:0x99195276345f7fef!3m1!1s2@1:CAIQACodChtycF9oOlNSdTVuTG9QVW1CN2hTMEtBUmRvb3c%7C%7C?hl=en,google_business_us_profile,Swift Ems Games Em,2025-10-14,5,positive,This is an auction lot that is super fast and reliable! Great wonderful staff!,Customer Service & Communication,Agent Professionalism & Responsiveness,Helpful Support Experience
rvw-000030,apps.apple.com,"Apple App Store (1660253652, us)",https://itunes.apple.com/us/review?id=1660253652&type=Purple%20Software&reviewId=13246458016,apple_us_store,GO DUCKS GO GO GO,2025-10-09,1,negative,"It’s a Cluster. ADESA has some GREAT EMPLOYEES, but unfortunately they are working for a company plagued with greed that has zero concern or respect for their customers. On top of that they keep changing their log in system to the point of ridiculousness. They should scrap their IT department and hire Mr. (Or Miss) Common Sense to save a sinking ship.",Account / Access / Login,Password Reset & Login Troubleshooting,App Login Troubleshooting
rvw-000413,google.com,Google Business Profile (ADESA Jacksonville),https://www.google.com/maps/reviews/data=!4m8!14m7!1m6!2m5!1sCi9DQUlRQUNvZENodHljRjlvT2w5WmNUSlZlVkpQZUVsd1drZFpObEo1ZEZWamEwRRAB!2m1!1s0x0:0x75945523880f8c83!3m1!1s2@1:CAIQACodChtycF9oOl9ZcTJVeVJPeElwWkdZNlJ5dFVja0E%7C%7C?hl=en,google_business_us_profile,Jason Lenhart,2025-10-08,5,positive,"Had an excellent experience at ADESA Jacksonville from start to finish. You can really tell there’s strong new leadership in place — the team was organized, professional, and great to work with. The improvements are noticeable, and it’s clear they’re heading in the right direction.",Customer Service & Communication,Agent Professionalism & Responsiveness,Helpful Support Experience
rvw-000414,google.com,Google Business Profile (ADESA Jacksonville),https://www.google.com/maps/reviews/data=!4m8!14m7!1m6!2m5!1sCi9DQUlRQUNvZENodHljRjlvT25wYU5FNTVMVWh3T0ZwNGFXRk5jVmxUUlhBNVZIYxAB!2m1!1s0x0:0x75945523880f8c83!3m1!1s2@1:CAIQACodChtycF9oOnpaNE55LUhwOFp4aWFNcVlTRXA5VHc%7C%7C?hl=en,google_business_us_profile,G & H Select Auto Sales,2025-10-07,5,positive,"Been buying vehicles there for a minute and the last month it seems it’s become easier and better. I’m not sure what’s happening, but I certainly appreciate it but encourage anyone looking to buy from adesa Jacksonville To do so. Great auction great management easy to deal with and very attentive to your needs",Customer Service & Communication,Agent Professionalism & Responsiveness,Helpful Support Experience
rvw-000415,google.com,Google Business Profile (ADESA Jacksonville),https://www.google.com/maps/reviews/data=!4m8!14m7!1m6!2m5!1sCi9DQUlRQUNvZENodHljRjlvT2pWVGJHZzVZelF3V205SGVsVlZOeTFsZUd4WWFuYxAB!2m1!1s0x0:0x75945523880f8c83!3m1!1s2@1:CAIQACodChtycF9oOjVTbGg5YzQwWm9HelVVNy1leGxYanc%7C%7C?hl=en,google_business_us_profile,Jamie Gavilsky,2025-10-07,5,positive,Excellent experience with top notch service by GM Sean Kemper and his staff! I highly recommend!,Customer Service & Communication,Agent Professionalism & Responsiveness,Helpful Support Experience
rvw-000416,google.com,Google Business Profile (ADESA San Antonio),https://www.google.com/maps/reviews/data=!4m8!14m7!1m6!2m5!1sCi9DQUlRQUNvZENodHljRjlvT2xkaGVIZHdURlZEYVhFMk5FbzJRa3B3ZDNGVFUxRRAB!2m1!1s0x0:0xc0ff65b103a17103!3m1!1s2@1:CAIQACodChtycF9oOldheHdwTFVDaXE2NEo2Qkpwd3FTU1E%7C%7C?hl=en,google_business_us_profile,Adele Waldo,2025-10-07,1,negative,"DO NOT GO HERE!!! I JUST HAD A HORRIFIC, HORRIBLE, MORTIFYING EXPERIENCE WITH A RUDE EMPLOYEE!!! I AM THE OWNER OF A TRANSPORT COMPANY AND WE ARE TREATED LIKE SECOND CLASS CITIZENS WHEN DELIVERING CARS THAT CREATE REVENUE FOR ADESSA!!! I WALKED INTO TO USE THE WOMENS BATHROOM IN THE MAIN BUILDING AND THERE WAS A WOMEN CHANGING IN THE SINK AREA, NOT EVEN USING A STALL! SHE YELLED AT ME FOR COMING INTO THE BATHROOM ""WE'RE CLOSED, WHO ARE YOU? YOU SHOULDNT BE IN HERE!"" THE FRONT DOORS WERE UNLOCKED. I GUESS IF YOU ARE A TRANSPORTER THE BATHROOMS CANNOT BE USED BY YOU AT ADESSA San Antonio!!!! TO ANYONE READING THIS, REMEMBER TO ALWAYS TREAT TRANSPORTERS WITH KINDNESS, GOODNESS AND GRACE! WE ARE HARD WORKERS JUST TRYING TO MAKE OUR COMPANY THRIVE AND SUPPORT THE AUCTIONS!",Customer Service & Communication,Agent Professionalism & Responsiveness,Rude/Unhelpful Support
rvw-000901,birdeye.com,Birdeye (Google),https://reviews.birdeye.com/adesa-seattle-166635448334315#review-5,birdeye_us_profile,Abdullah Ali,2025-10-07,,negative,"Worst auction in WA state , horrible customer service. Majority of their vehicles junk and they’re deceptive",Customer Service & Communication,Agent Professionalism & Responsiveness,Rude/Unhelpful Support
rvw-000253,birdeye.com,Birdeye (Google),https://reviews.birdeye.com/adesa-seattle-166635448334315#review-5,birdeye_us_profile,Abdullah Ali,2025-10-05,,negative,"Worst auction in WA state , horrible customer service. Majority of their vehicles junk and they’re deceptive",Customer Service & Communication,Agent Professionalism & Responsiveness,Rude/Unhelpful Support
rvw-000417,google.com,Google Business Profile (ADESA Golden Gate),https://www.google.com/maps/reviews/data=!4m8!14m7!1m6!2m5!1sCi9DQUlRQUNvZENodHljRjlvT214eGFWQjBhRGhrZVVJeVpWWllSa1JXWXpCeWIwRRAB!2m1!1s0x0:0x1314b726513d9a91!3m1!1s2@1:CAIQACodChtycF9oOmxxaVB0aDhkeUIyZVZYRkRWYzByb0E%7C%7C?hl=en,google_business_us_profile,Asal Jaan,2025-10-04,1,negative,Terrible auction brought the car in dealer lot plan to put for sale in few they towed will not do business with this auction any more and will not buy anymore cars from this auction I’m done,"Vehicle Pickup, Delivery and Scheduling",Tow and Storage Charges,Tow and Storage Fees
rvw-000418,google.com,Google Business Profile (ADESA Orlando),https://www.google.com/maps/reviews/data=!4m8!14m7!1m6!2m5!1sCi9DQUlRQUNvZENodHljRjlvT2twSFlreFNPR0ZIU1VSWU9ETm1Ta3RZU0c1MFFrRRAB!2m1!1s0x0:0x2b5dc383485f1e3b!3m1!1s2@1:CAIQACodChtycF9oOkpHYkxSOGFHSURYODNmSktYSG50QkE%7C%7C?hl=en,google_business_us_profile,Reggie Long,2025-10-04,5,positive,"To pick up cars, you must have release paper and valid Drivers License. The on-site staff in the parking lot is very helpful with vehicle location.",Customer Service & Communication,Agent Professionalism & Responsiveness,Helpful Support Experience
rvw-000419,google.com,Google Business Profile (ADESA Pennsylvania),https://www.google.com/maps/reviews/data=!4m8!14m7!1m6!2m5!1sCi9DQUlRQUNvZENodHljRjlvT210MmFtVnJTemRXY1VKWVIyaDZOMDV3V1UxcWQzYxAB!2m1!1s0x0:0xadbe9fd728415dfa!3m1!1s2@1:CAIQACodChtycF9oOmt2amVrSzdWcUJYR2h6N05wWU1qd3c%7C%7C?hl=en,google_business_us_profile,Richard Dietrich,2025-10-04,5,positive,Thank you to Jeff in the guard shack who helped me pickup a vehicle on a Saturday. Thanks for going the extra mile for Star Auto Mall. Your efforts were greatly appreciated.,"Vehicle Pickup, Delivery and Scheduling",Scheduled Pickup Status,Schedule/ Reschedule Pickup
rvw-000164,apps.apple.com,"Apple App Store (1660253652, us)",https://apps.apple.com/us/app/id1660253652?see-all=reviews&platform=iphone&reviewId=13216452678,apple_us_store,CarBuyer 6767,2025-10-03,2,negative,"Used to be decent. They have made the app significantly more difficult to navigate, used to be able to find what you’d like, now they constantly shove cars down your throat that you don’t want. If you finally figure out the menu and narrow it down to cars you want to see, it crashes every time and that’s just looking at cars, forget bidding on them. Once bidding gets to the last 20 to 30 minutes or so, it slows to an absolute crawl, can’t bid, get alerted you’ve been outbid 20 minutes after the auction has ended. Adesa Clear was a good platform, now the CR’s are complete trash that don’t even represent the cars and if you are able to to see the condition it crashes at the moment you want to bid or you’ve been outbid and it doesn’t let you know. Not sure how they took something that was decent and ruined it completely, but this will likely be the downfall of Carvana, just like the retail cars they sell, not worth the attempt at all","Vehicle Pickup, Delivery and Scheduling",Delivery Coordination & Handoffs,Delivery Status and ETA
rvw-000031,apps.apple.com,"Apple App Store (1660253652, us)",https://itunes.apple.com/us/review?id=1660253652&type=Purple%20Software&reviewId=13216452678,apple_us_store,CarBuyer 6767,2025-10-02,2,negative,"Used to be decent. They have made the app significantly more difficult to navigate, used to be able to find what you’d like, now they constantly shove cars down your throat that you don’t want. If you finally figure out the menu and narrow it down to cars you want to see, it crashes every time and that’s just looking at cars, forget bidding on them. Once bidding gets to the last 20 to 30 minutes or so, it slows to an absolute crawl, can’t bid, get alerted you’ve been outbid 20 minutes after the auction has ended. Adesa Clear was a good platform, now the CR’s are complete trash that don’t even represent the cars and if you are able to to see the condition it crashes at the moment you want to bid or you’ve been outbid and it doesn’t let you know. Not sure how they took something that was decent and ruined it completely, but this will likely be the downfall of Carvana, just like the retail cars they sell, not worth the attempt at all.","Vehicle Pickup, Delivery and Scheduling",Delivery Coordination & Handoffs,Delivery Status and ETA
rvw-000838,google.com,Google Business Profile (ADESA Salt Lake),https://www.google.com/maps/reviews/data=!4m8!14m7!1m6!2m5!1sCi9DQUlRQUNvZENodHljRjlvT2sweVEydGtWRTlzUzJsbFMxZEhWbVJUVmxodExXYxAB!2m1!1s0x0:0x4f1eae3fc675601b!3m1!1s2@1:CAIQACodChtycF9oOk0yQ2tkVE9sS2llS1dHVmRTVlhtLWc%7C%7C?hl=en,google_business_us_profile,Dany C,2025-09-30,5,positive,Excellent auction. The staff is extremely kind and helpful. It’s a pleasure doing business with Adesa! -BHI,Customer Service & Communication,Agent Professionalism & Responsiveness,Helpful Support Experience
rvw-000420,google.com,Google Business Profile (ADESA Washington D.C.),https://www.google.com/maps/reviews/data=!4m8!14m7!1m6!2m5!1sCi9DQUlRQUNvZENodHljRjlvT21wSVFqVlpiRTl5T1ZVM1ZrRTNTMEpOYlVGamFYYxAB!2m1!1s0x0:0xdad802a3b6c7ae8a!3m1!1s2@1:CAIQACodChtycF9oOmpIQjVZbE9yOVU3VkE3S0JNbUFjaXc%7C%7C?hl=en,google_business_us_profile,CHRIS F,2025-09-29,5,positive,Good facility late hours for transporter pick up. While most ADESA locations seem to be in a death spiral this one seems to be prospering.,"Vehicle Pickup, Delivery and Scheduling",Scheduled Pickup Status,Schedule/ Reschedule Pickup
rvw-000233,birdeye.com,Birdeye (Google),https://reviews.birdeye.com/adesa-seattle-166635448334315#review-5,birdeye_us_profile,Abdullah Ali,2025-09-29,,negative,"Worst auction in WA state , horrible customer service. Majority of their vehicles junk and they’re deceptive",Customer Service & Communication,Agent Professionalism & Responsiveness,Rude/Unhelpful Support
rvw-000165,birdeye.com,Birdeye (Google),https://reviews.birdeye.com/adesa-seattle-166635448334315#review-5,birdeye_us_profile,Abdullah Ali,2025-09-28,,negative,"Worst auction in WA state , horrible customer service. Majority of their vehicles junk and they’re deceptive",Customer Service & Communication,Agent Professionalism & Responsiveness,Rude/Unhelpful Support
rvw-000421,google.com,Google Business Profile (Adesa Shreveport),https://www.google.com/maps/reviews/data=!4m8!14m7!1m6!2m5!1sCi9DQUlRQUNvZENodHljRjlvT25WVFVWWlJXRzVEZWs5d2JXcGtNa2xVUTJ0cllXYxAB!2m1!1s0x0:0x9fbc8be5108290bc!3m1!1s2@1:CAIQACodChtycF9oOnVTUVZRWG5Dek9wbWpkMklUQ2trYWc%7C%7C?hl=en,google_business_us_profile,Jhony,2025-09-26,1,negative,"In this place they have to change the man at the door. I am a driver and I load cars. The guard treated us extremely badly, he was yelling at us, he didn't want to help us and told us that we couldn't go to load cars anymore. When the culprit is the one who doesn't help and doesn't treat the transporters who are going to do their job with respect. He doesn't give his name so we can make a formal complaint against him because he is trampling on the drivers.",Account / Access / Login,Password Reset & Login Troubleshooting,App Login Troubleshooting
rvw-000422,google.com,Google Business Profile (ADESA Long Island),https://www.google.com/maps/reviews/data=!4m8!14m7!1m6!2m5!1sCi9DQUlRQUNvZENodHljRjlvT2tneFVtTkRRWE5tTkVwVmVFWldNVGhoVEhWbFYwRRAB!2m1!1s0x0:0xca83be42a09d5522!3m1!1s2@1:CAIQACodChtycF9oOkgxUmNDQXNmNEpVeEZWMThhTHVlV0E%7C%7C?hl=en,google_business_us_profile,Brent Hinds,2025-09-24,5,positive,I don't know if it the time of the day I went to this place because it was a long wait and some of the people are not very nice at all and not very helpful only one person at the front desk and she was doing 6 different things and she was very helpful and the person I had to deal with needs to chill a bit and would be alright. All the others just walk by don't say anything to you at all and don't even try to help.,Customer Service & Communication,Support Access & Response Time,Long Hold Time / Hard to Reach Support
rvw-000423,google.com,Google Business Profile (ADESA Orlando),https://www.google.com/maps/reviews/data=!4m8!14m7!1m6!2m5!1sCi9DQUlRQUNvZENodHljRjlvT2xSUk0zZHVkM0pXVlVkR1RUUkRjVmQwV21aU01IYxAB!2m1!1s0x0:0x2b5dc383485f1e3b!3m1!1s2@1:CAIQACodChtycF9oOlRRM3dud3JWVUdGTTRDcVd0WmZSMHc%7C%7C?hl=en,google_business_us_profile,El Guapo,2025-09-24,5,positive,I have had a bad experience with them. I just recently went back after many years. It seems like changes have been made. Overall I had a good feeling and experience. A nice big auction and friendly and knowledgeable staff.,Customer Service & Communication,Agent Professionalism & Responsiveness,Helpful Support Experience
rvw-000424,google.com,Google Business Profile (ADESA Boise),https://www.google.com/maps/reviews/data=!4m8!14m7!1m6!2m5!1sCi9DQUlRQUNvZENodHljRjlvT2s5MFNrbE1RMkU0V1ZoTFNWWnhhRFZNVEhweVFYYxAB!2m1!1s0x0:0x2b11e609fd0594ed!3m1!1s2@1:CAIQACodChtycF9oOk90SklMQ2E4WVhLSVZxaDVMTHpyQXc%7C%7C?hl=en,google_business_us_profile,Gino Carlucci,2025-09-22,1,negative,I'm the general manager of a dealership. I've never been met with such unprofessionalism. Been calling for days just to get a car sorted out that we purchased. Somebody named Mark there has not called us back at all. It was handed over to me because they can't get anywhere with the auction. We just started using Adesa but this is left a bad taste already. Plenty of other auctions out there. This was definitely an eye opener and I WILL NEVER Buy cars from here again. Mark just texted me that he cant line up transportation. I got on central dispatch and fount it in ten minutes. If I was management I would definitely look at the people and lack of motivation and work ethic some of your employee's have. Update: Mark called me 9/24/25 and said he has no way to get transportation? How can this be since it literally took me ten minutes to arrange it. Fire that guy and get someone in there who knows Transport.,Customer Service & Communication,Agent Professionalism & Responsiveness,Rude/Unhelpful Support
rvw-000032,apps.apple.com,"Apple App Store (1660253652, us)",https://itunes.apple.com/us/review?id=1660253652&type=Purple%20Software&reviewId=13171749895,apple_us_store,Helton82,2025-09-22,2,negative,"Looks good, but that's it. App looks great But it doesn't function... No notification ever. Please update so we can get notified when cars on our watch list are gonna cross. 😩",Account / Access / Login,Password Reset & Login Troubleshooting,App Login Troubleshooting
rvw-000033,birdeye.com,Birdeye (Google),https://reviews.birdeye.com/adesa-seattle-166635448334315#review-5,birdeye_us_profile,Abdullah Ali,2025-09-19,,negative,"Worst auction in WA state , horrible customer service. Majority of their vehicles junk and they’re deceptive",Customer Service & Communication,Agent Professionalism & Responsiveness,Rude/Unhelpful Support
rvw-000034,birdeye.com,Birdeye (Google),https://reviews.birdeye.com/adesa-seattle-166635448334315?page=2#review-5,birdeye_us_profile,Abdullah Ali,2025-09-19,,negative,"Worst auction in WA state , horrible customer service. Majority of their vehicles junk and they’re deceptive",Customer Service & Communication,Agent Professionalism & Responsiveness,Rude/Unhelpful Support
rvw-000219,birdeye.com,Birdeye (Google),https://reviews.birdeye.com/adesa-seattle-166635448334315#review-5,birdeye_us_profile,Abdullah Ali,2025-09-17,,negative,"Worst auction in WA state , horrible customer service. Majority of their vehicles junk and they’re deceptive",Customer Service & Communication,Agent Professionalism & Responsiveness,Rude/Unhelpful Support
rvw-000035,trustpilot.com,Trustpilot (adesa.com),https://www.trustpilot.com/reviews/68c991a0b77ea7dac74f788a,trustpilot_us_slug,Laith Puta,2025-09-16,1,negative,"We purchased a vehicle from Adesa New…. We purchased a vehicle from Adesa New Jersey, on August 7, 2025. Absent title, It's been over 40 days and i still have not received the title. I've made multiple attempts to contact the Adesa and Headquarter and also the title department to get updates but communication has either been vague or nonexistent. They told me the seller is untouchable. Now they do not want to pay me for the shipping, they want me to take it to a different location so they can save the seller money. This situation has caused a major inconvenience.",Customer Service & Communication,Agent Professionalism & Responsiveness,Rude/Unhelpful Support
rvw-000425,google.com,Google Business Profile (ADESA Flint),https://www.google.com/maps/reviews/data=!4m8!14m7!1m6!2m5!1sCi9DQUlRQUNvZENodHljRjlvT25oNU5qRk5UVmRHWTJ4eU1HVjVaVlZ6Y2pGM2NIYxAB!2m1!1s0x0:0xc67e3588b4be2a48!3m1!1s2@1:CAIQACodChtycF9oOnh5NjFNTVdGY2xyMGV5ZVVzcjF3cHc%7C%7C?hl=en,google_business_us_profile,Michelle Cooke,2025-09-16,3,negative,"Our experience with ADESA Flint was positive given the challenges of car repossession and auction. Sam/Samantha provided helpful service, and the process, while costly and stressful, was handled efficiently. Ally Bank Repo Process: • A tow company repossesses your car, removes personal items, makes a new key if needed, and moves the vehicle to auction after 1-2 weeks—each step comes with fees. • You can recover your car by paying off the balance before the auction sale, but you’ll owe additional costs if the car sells for less than what you owe. Steps to Retrieve Your Car: • Contact Ally (or your lender) immediately to locate your car, confirm the total owed, and learn how to collect your belongings. • Schedule a pickup for your items and license plate; bring your keys to avoid damage charges. • Confirm payment amount and location with Ally, and pay at least 3 business days before your deadline (MoneyGram, Western Union, or bank wire). • After payment, provide confirmation to Ally so they can issue a Letter of Release. • Check with the auction house (e.g., ADESA Flint) that they’ve received the release, then schedule a pickup for your car. • Bring ID, proof of insurance, and your car key when retrieving the vehicle—expect possible damage due to the repo process and sign a waiver releasing the auction from responsibility. Tips: • The process is lengthy, expensive, and may cause stress. • Be courteous and patient with all parties involved. • Start early as timelines are tight. • Always have your ID, finance account number, VIN, and car info ready.",Customer Service & Communication,Agent Professionalism & Responsiveness,Rude/Unhelpful Support
rvw-000426,google.com,Google Business Profile (ADESA Corporate Office),https://www.google.com/maps/reviews/data=!4m8!14m7!1m6!2m5!1sCi9DQUlRQUNvZENodHljRjlvT2toRFJsWjRMVXRqWmw5T2FFRkthVmN3YlVjM01tYxAB!2m1!1s0x0:0x5b6af31fc84fde80!3m1!1s2@1:CAIQACodChtycF9oOkhDRlZ4LUtjZl9OaEFKaVcwbUc3Mmc%7C%7C?hl=en,google_business_us_profile,DBent13,2025-09-15,1,negative,"ABSOLUTELY the WORST! Buy something, pay by ACH, then find out they wont release the vehicle because I was a new sign-up until I buy 20 cars?? Who ever heard of this? I left a purchase and told them to re-run it and so far all they've done in 4 weeks is RACK UP STORAGE CHARGES?!! They are nothing but a run-a-round with hidden fees that feel like extorsion... who does business like this? They ask you to come to the sale and then crap on you every turn. STAY AWAY, NOT WORTH THE AGGRIVATION!!!",Membership / Licensing / Fees & Bidding Policies,"Bidding Process, Rules and Fees",Fees
rvw-000427,google.com,Google Business Profile (ADESA Phoenix),https://www.google.com/maps/reviews/data=!4m8!14m7!1m6!2m5!1sCi9DQUlRQUNvZENodHljRjlvT25kVE1tRm1hRE55ZFhoR1RrdzJPRUpRWTJsbWRWRRAB!2m1!1s0x0:0x5e1b863ca8625930!3m1!1s2@1:CAIQACodChtycF9oOndTMmFmaDNydXhGTkw2OEJQY2lmdVE%7C%7C?hl=en,google_business_us_profile,Tom Soer,2025-09-14,1,negative,"NO RACISM! On Friday, the transporter came to guard check for car pick up. Security named Ray or Roy made an insult joke on the transporter's accent he asked for ""location check"" and Ray/Roy in humiliation manner said ""Vacation check"" and smile to his coworkers, but they didn't not support/understand his abusive joke... Ray/ Roy already refused to give a water bottle to the same transporter previously in 112° degrees heat, made of another inappropriate joke/statement. For the business owner attention, pls investigate and follow up. Best regards, Owner of transportation company. For more details pls contact.",Customer Service & Communication,Communication Follow-up & Escalation,No Callback / Unresolved Case
rvw-000036,apps.apple.com,"Apple App Store (1660253652, us)",https://itunes.apple.com/us/review?id=1660253652&type=Purple%20Software&reviewId=13130787728,apple_us_store,kingpukie,2025-09-12,1,negative,App is not giving me the option to log in. I'm trying to log in this app. Already download the app but not giving me the option to sign in with my username and password. Is it because of my location? Is there any thing I need to do ?,Account / Access / Login,Password Reset & Login Troubleshooting,App Login Troubleshooting
rvw-000428,google.com,Google Business Profile (ADESA Orlando),https://www.google.com/maps/reviews/data=!4m8!14m7!1m6!2m5!1sCi9DQUlRQUNvZENodHljRjlvT2pSZlUzVkdabGxCUjAxRldUWnhRM0l6UW5SUFYxRRAB!2m1!1s0x0:0x2b5dc383485f1e3b!3m1!1s2@1:CAIQACodChtycF9oOjRfU3VGZllBR01FWTZxQ3IzQnRPV1E%7C%7C?hl=en,google_business_us_profile,nina carter,2025-09-10,5,positive,The staff is friendly. I’m a transporter so I just pickup and deliver but never ran into an issue. Even stayed the night here and the guard was kind enough to let me use their restroom.,Customer Service & Communication,Agent Professionalism & Responsiveness,Helpful Support Experience
rvw-000037,apps.apple.com,"Apple App Store (1660253652, us)",https://itunes.apple.com/us/review?id=1660253652&type=Purple%20Software&reviewId=13118711823,apple_us_store,Cheocnekw,2025-09-09,1,negative,App. Hate the new app,Account / Access / Login,Password Reset & Login Troubleshooting,App Login Troubleshooting
rvw-000038,apps.apple.com,"Apple App Store (1660253652, us)",https://itunes.apple.com/us/review?id=1660253652&type=Purple%20Software&reviewId=13118214472,apple_us_store,Friendly car dealer,2025-09-09,1,negative,Bring it back. Absolutely terrible platform bring back the old app,Account / Access / Login,Password Reset & Login Troubleshooting,App Login Troubleshooting
rvw-000839,google.com,Google Business Profile (ADESA Buffalo),https://www.google.com/maps/reviews/data=!4m8!14m7!1m6!2m5!1sCi9DQUlRQUNvZENodHljRjlvT205NFJFRjVkekppZGtSTU1IVnlRemhRYUZSRlEyYxAB!2m1!1s0x0:0x2a69f89a5a930aec!3m1!1s2@1:CAIQACodChtycF9oOm94REF5dzJidkRMMHVyQzhQaFRFQ2c%7C%7C?hl=en,google_business_us_profile,Igor Gaydarov,2025-09-07,1,negative,Worst ADESA just because I came here at 10pm to pick up cars and was loading for an hour and then I had to wait for additional 2 hours for driving hours to open on my log book. But they were kicking me out. I was trying to explain that I need to stay just a little bit more but they called cops on me.,Account / Access / Login,Password Reset & Login Troubleshooting,App Login Troubleshooting
rvw-000429,google.com,Google Business Profile (ADESA Northwest),https://www.google.com/maps/reviews/data=!4m8!14m7!1m6!2m5!1sCi9DQUlRQUNvZENodHljRjlvT2pCaFlXRlBXV2h0VlZZNE4xOXlhRVZ1U2t4WmNuYxAB!2m1!1s0x0:0x86866fec57f185eb!3m1!1s2@1:CAIQACodChtycF9oOjBhYWFPWWhtVVY4N19yaEVuSkxZcnc%7C%7C?hl=en,google_business_us_profile,Wendy Shaddon,2025-09-06,5,positive,"They're very nice people. Good employees. Laura is somebody that stands out in my mind. She was so friendly with a smile that will brightens anybody's day. Sometimes the auctions can get a little crazy and the prices can get to be a little high, but that's the way it goes in an auction.",Membership / Licensing / Fees & Bidding Policies,"Bidding Process, Rules and Fees",How to Bid (First Time)
rvw-000268,birdeye.com,Birdeye (Google),https://reviews.birdeye.com/adesa-seattle-166635448334315#review-5,birdeye_us_profile,Abdullah Ali,2025-09-06,,negative,"Worst auction in WA state , horrible customer service. Majority of their vehicles junk and they’re deceptive",Customer Service & Communication,Agent Professionalism & Responsiveness,Rude/Unhelpful Support
rvw-000199,birdeye.com,Birdeye (Google),https://reviews.birdeye.com/adesa-charlotte-166631397236159#review-3,birdeye_us_profile,Gabe Hartman,2025-09-04,,negative,"Showed up in the middle of the night, stole my car, wouldn’t answer the phone, charged me excessive fees. After I paid all the fees they kept the car and stole it, I’m in the middle of suing them for $2,500 and I’ve reported them to the Security Exchange Commission. All the cars they sell are either lemons(broken) or stolen. They never could provide me with a title or registration, because the car was “hot” stolen.",Membership / Licensing / Fees & Bidding Policies,"Bidding Process, Rules and Fees",Fees
rvw-000200,birdeye.com,Birdeye (Google),https://reviews.birdeye.com/adesa-seattle-166635448334315#review-5,birdeye_us_profile,Abdullah Ali,2025-09-04,,negative,"Worst auction in WA state , horrible customer service. Majority of their vehicles junk and they’re deceptive",Customer Service & Communication,Agent Professionalism & Responsiveness,Rude/Unhelpful Support
rvw-000430,google.com,Google Business Profile (ADESA Boston),https://www.google.com/maps/reviews/data=!4m8!14m7!1m6!2m5!1sCi9DQUlRQUNvZENodHljRjlvT201VkxUZGtSM3ByT0RoM016bExSRTlWU0hNNFJFRRAB!2m1!1s0x0:0x159ea0564a37c95b!3m1!1s2@1:CAIQACodChtycF9oOm5VLTdkR3prODh3MzlLRE9VSHM4REE%7C%7C?hl=en,google_business_us_profile,Sameer Mihyawi,2025-09-03,1,negative,"Bad service If your dealer whom you purchased the car through run out of business you will get all troubles Better to keep individuals to start business than this bad dealers I bought a car from them through a registered dealer once I purchased the car the dealer went out of business and not respond to my phone calls to reassign the title to my name I paid all the money I cannot sell I cannot register in RMV and the car in my driveway no use! I asked them to return the car, because I cannot sell any more, they refuse No one help things out of my hand The process what they are doing is a chaos they are working by a mind of used hardware not in sense of human rights! As time is changed, If they want to succeed they have to protect customers and working out of their closed box since how many years working on and people get lost by the following: 1-Bid from both Individuals and Dealers separately 2- They have to make joint venture with RMV to get clearance away from dealers issues and title in the name of the buyer immediately",Customer Service & Communication,Communication Follow-up & Escalation,No Callback / Unresolved Case
rvw-000840,birdeye.com,Birdeye (Google),https://reviews.birdeye.com/adesa-seattle-166635448334315#review-5,birdeye_us_profile,Abdullah Ali,2025-09-02,,negative,"Worst auction in WA state , horrible customer service. Majority of their vehicles junk and they’re deceptive",Customer Service & Communication,Agent Professionalism & Responsiveness,Rude/Unhelpful Support
rvw-000431,google.com,Google Business Profile (Adesa Brasher's),https://www.google.com/maps/reviews/data=!4m8!14m7!1m6!2m5!1sCi9DQUlRQUNvZENodHljRjlvT25CUGVtVnVjRzVCVjJFNVVsVkpVRzVrZEhZeFZGRRAB!2m1!1s0x0:0x465b81eaadc807dc!3m1!1s2@1:CAIQACodChtycF9oOnBPemVucG5BV2E5UlVJUG5kdHYxVFE%7C%7C?hl=en,google_business_us_profile,Abdullo Isaakoff,2025-09-01,1,negative,"Got the wrong car since I didn’t do a condition report when buying, but Carvana/Adesa still refuse to get the Arbitration done","Lot Condition, Listing Status and related",Lot Condition Reporting,Lot Damage
rvw-000234,birdeye.com,Birdeye (Google),https://reviews.birdeye.com/adesa-charlotte-166631397236159#review-5,birdeye_us_profile,Gabe Hartman,2025-08-30,,negative,"Showed up in the middle of the night, stole my car, wouldn’t answer the phone, charged me excessive fees. After I paid all the fees they kept the car and stole it, I’m in the middle of suing them for $2,500 and I’ve reported them to the Security Exchange Commission. All the cars they sell are either lemons(broken) or stolen. They never could provide me with a title or registration, because the car was “hot” stolen.",Membership / Licensing / Fees & Bidding Policies,"Bidding Process, Rules and Fees",Fees
rvw-000166,birdeye.com,Birdeye (Google),https://reviews.birdeye.com/adesa-charlotte-166631397236159#review-3,birdeye_us_profile,Gabe Hartman,2025-08-29,,negative,"Showed up in the middle of the night, stole my car, wouldn’t answer the phone, charged me excessive fees. After I paid all the fees they kept the car and stole it, I’m in the middle of suing them for $2,500 and I’ve reported them to the Security Exchange Commission. All the cars they sell are either lemons(broken) or stolen. They never could provide me with a title or registration, because the car was “hot” stolen.",Membership / Licensing / Fees & Bidding Policies,"Bidding Process, Rules and Fees",Fees
rvw-000432,google.com,Google Business Profile (ADESA Indianapolis),https://www.google.com/maps/reviews/data=!4m8!14m7!1m6!2m5!1sCi9DQUlRQUNvZENodHljRjlvT2toQlNWbG5ZMUUwYWtSd1dFVm5VMEZYUlZkRFJGRRAB!2m1!1s0x0:0xc49440319567678d!3m1!1s2@1:CAIQACodChtycF9oOkhBSVlnY1E0akRwWEVnU0FXRVdDRFE%7C%7C?hl=en,google_business_us_profile,Tmahn,2025-08-28,5,positive,"Angi went above and beyond to help solve an issue with a vehicle's pickup, and was both personable and professional in her responses. A+ for this location on their customer service!",Customer Service & Communication,Agent Professionalism & Responsiveness,Helpful Support Experience
rvw-000433,google.com,Google Business Profile (ADESA Kansas City),https://www.google.com/maps/reviews/data=!4m8!14m7!1m6!2m5!1sCi9DQUlRQUNvZENodHljRjlvT2xsd1pXZ3pZVEJWVmw5eFN6WlFUM0pTUVVwcU1uYxAB!2m1!1s0x0:0x7ff69944521dfa9c!3m1!1s2@1:CAIQACodChtycF9oOllwZWgzYTBVVl9xSzZQT3JSQUpqMnc%7C%7C?hl=en,google_business_us_profile,Mike Soltau,2025-08-27,1,negative,Very disappointed that there is no courtesy car for the truck drivers. We have to walk up to the building from transporter parking. And then they moved the sold units as far away on the lot as they could. Another pretty good hike. Truck drivers are on a tight schedule drive wise. This has only added to already long days.,"Vehicle Pickup, Delivery and Scheduling",Scheduled Pickup Status,Missed/ Delayed Pickup and Dispatch Window
rvw-000039,apps.apple.com,"Apple App Store (1660253652, us)",https://itunes.apple.com/us/review?id=1660253652&type=Purple%20Software&reviewId=13068863691,apple_us_store,Oleksii1333,2025-08-27,1,negative,the old adesa marketplace app was much easier to work with. the old adesa marketplace app was much easier to work with,Account / Access / Login,Password Reset & Login Troubleshooting,App Login Troubleshooting
rvw-000040,apps.apple.com,"Apple App Store (1660253652, us)",https://itunes.apple.com/us/review?id=1660253652&type=Purple%20Software&reviewId=13068386930,apple_us_store,meno9821,2025-08-27,1,negative,Worst app.. Wish there is option for negative review.,Account / Access / Login,Password Reset & Login Troubleshooting,App Login Troubleshooting
rvw-000041,apps.apple.com,"Apple App Store (1660253652, us)",https://itunes.apple.com/us/review?id=1660253652&type=Purple%20Software&reviewId=13067904668,apple_us_store,OneWaveAMillionRaindrops,2025-08-27,1,negative,Not good. Change the app back whoever is the programmer should be demoted.,Account / Access / Login,Password Reset & Login Troubleshooting,App Login Troubleshooting
rvw-000434,google.com,Google Business Profile (ADESA Atlanta),https://www.google.com/maps/reviews/data=!4m8!14m7!1m6!2m5!1sCi9DQUlRQUNvZENodHljRjlvT21GcFVGTTVUV2x3V0RSQlZYbE1NVlJGVUVka1RsRRAB!2m1!1s0x0:0x8ca5797c8ce4da57!3m1!1s2@1:CAIQACodChtycF9oOmFpUFM5TWlwWDRBVXlMMVRFUEdkTlE%7C%7C?hl=en,google_business_us_profile,Marlo Norman,2025-08-26,1,negative,"In Georgia, once you have paid all lawful towing, storage, and administrative fees, the towing or storage company must release your vehicle to you. Here’s a breakdown of the law: • Under O.C.G.A. § 44-1-13, towing and storage companies have a lien on the vehicle for unpaid fees. • However, that lien only exists until the charges are satisfied. • Once all towing and storage fees are paid in full, the company no longer has a legal right to hold your vehicle. • If they refuse to release the car after payment, it could be considered conversion (wrongful possession of your property). • You may also have the right to recover damages and attorney’s fees if you have to take legal action. Stop letting them keep your car and tell you have to have an appointment. Call the law they are unlawful holding your vehicle",Membership / Licensing / Fees & Bidding Policies,"Bidding Process, Rules and Fees",Fees
rvw-000042,apps.apple.com,"Apple App Store (1660253652, us)",https://itunes.apple.com/us/review?id=1660253652&type=Purple%20Software&reviewId=13062497001,apple_us_store,Reveeer,2025-08-26,1,negative,Very bad. Worse than the old app can barely navigate I want the old app back,Account / Access / Login,Password Reset & Login Troubleshooting,App Login Troubleshooting
rvw-000435,google.com,Google Business Profile (ADESA Los Angeles),https://www.google.com/maps/reviews/data=!4m8!14m7!1m6!2m5!1sCi9DQUlRQUNvZENodHljRjlvT25GU01WTklhRmRWYmxkcFgwUnRZMkpyZFZoc1ltYxAB!2m1!1s0x0:0x65b0cf8a3592e7e!3m1!1s2@1:CAIQACodChtycF9oOnFSMVNIaFdVbldpX0RtY2JrdVhsYmc%7C%7C?hl=en,google_business_us_profile,ANN AUTO SALES,2025-08-24,1,negative,Worst worst worst auction a I have ever had from the customer service to the Los Angeles GM It seem like they got paid and there’s no one want to do his or her job Worst system ever it’s need to be re hired with a smart system and Smart customer service I paid for a car on the second day of won it It took 5 days to release the car because they didn’t found the wire transfer after 4 Deals it’s got paid with the same wire information they add it to my portal they said I sent to a wrong account they make me Frustrated after 3 days every day 3 hours on the phone keeping transferring me all over with NO SOLUTION At the 4th day I got a very RUDE call saying we found the money without any explanation how they found it or it seems like they make some work not as usual to found it For 3 years with all other Auctions never had this issue And blocked my account it looks like they got mad because they found the money and I was right .,Customer Service & Communication,Agent Professionalism & Responsiveness,Rude/Unhelpful Support
rvw-000436,google.com,Google Business Profile (ADESA Cleveland),https://www.google.com/maps/reviews/data=!4m8!14m7!1m6!2m5!1sCi9DQUlRQUNvZENodHljRjlvT21wUU5tNVdZM2Q1Y3kweGFrSmlhbk55YWpJNWMzYxAB!2m1!1s0x0:0x347271a59a45105!3m1!1s2@1:CAIQACodChtycF9oOmpQNm5WY3d5cy0xakJianNyajI5c3c%7C%7C?hl=en,google_business_us_profile,Craig Mosburg,2025-08-21,5,positive,Quick and easy car pickups.,"Vehicle Pickup, Delivery and Scheduling",Scheduled Pickup Status,Schedule/ Reschedule Pickup
rvw-000437,google.com,Google Business Profile (ADESA Nashville),https://www.google.com/maps/reviews/data=!4m8!14m7!1m6!2m5!1sCi9DQUlRQUNvZENodHljRjlvT25ZdGNrcGFlR3Q1YjBsZlVGcFhTVEpoZVZwclNHYxAB!2m1!1s0x0:0xd23aeb9d1365f256!3m1!1s2@1:CAIQACodChtycF9oOnYtckpaeGt5b0lfUFpXSTJheVprSGc%7C%7C?hl=en,google_business_us_profile,Chad Hughes,2025-08-21,1,negative,We purchased a truck from ADESA Nashville. The whole all around experience was horrible. The truck was knocking when we got it. Dead battery. Low tires. The put the truck thru arbitration as soon as the bid was closed out. We didn’t even put the truck in arbitration. I wish we would have now. They had to know the motor was knocking on this truck and still ran it as a green light. Ride and drive. We had a very bad experience with the staff. We have also called corporate office and still have not received a call back. I would not recommend ADESA to any one. Especially ones just getting the business,Customer Service & Communication,Communication Follow-up & Escalation,No Callback / Unresolved Case
rvw-000438,google.com,Google Business Profile (ADESA Colorado Springs),https://www.google.com/maps/reviews/data=!4m8!14m7!1m6!2m5!1sCi9DQUlRQUNvZENodHljRjlvT20xek1rNTFablpUVTFweFdqWXlNRFk1U2pkR1IxRRAB!2m1!1s0x0:0x3763243d9222434b!3m1!1s2@1:CAIQACodChtycF9oOm1zMk51ZnZTU1pxWjYyMDY5SjdGR1E%7C%7C?hl=en,google_business_us_profile,MAN FOL!FE,2025-08-20,1,negative,"Change your vehicle pick ups at least to 8 am to 10 pm , every auction works 8 am to 10 for pick ups",Membership / Licensing / Fees & Bidding Policies,"Bidding Process, Rules and Fees",Fees
rvw-000439,google.com,Google Business Profile (ADESA Las Vegas),https://www.google.com/maps/reviews/data=!4m8!14m7!1m6!2m5!1sCi9DQUlRQUNvZENodHljRjlvT213d1IweHBjV3ByVTBzMU56SkZWemxxVDBobVdsRRAB!2m1!1s0x0:0x7cde5ccaa0c88aae!3m1!1s2@1:CAIQACodChtycF9oOmwwR0xpcWprU0s1NzJFVzlqT0hmWlE%7C%7C?hl=en,google_business_us_profile,JeQuoia !,2025-08-20,1,negative,"The worst company ever. The ppl don't know what they are doing the mechanics and incompetent and Brittney is also very unprofessional, rude and intentional abt it. They ruined my car and assumed no responsibility",Customer Service & Communication,Agent Professionalism & Responsiveness,Rude/Unhelpful Support
rvw-000043,birdeye.com,Birdeye (Google),https://reviews.birdeye.com/adesa-charlotte-166631397236159#review-3,birdeye_us_profile,Gabe Hartman,2025-08-20,,negative,"Showed up in the middle of the night, stole my car, wouldn’t answer the phone, charged me excessive fees. After I paid all the fees they kept the car and stole it, I’m in the middle of suing them for $2,500 and I’ve reported them to the Security Exchange Commission. All the cars they sell are either lemons(broken) or stolen. They never could provide me with a title or registration, because the car was “hot” stolen.",Membership / Licensing / Fees & Bidding Policies,"Bidding Process, Rules and Fees",Fees
rvw-000044,apps.apple.com,"Apple App Store (1660253652, us)",https://itunes.apple.com/us/review?id=1660253652&type=Purple%20Software&reviewId=13039131151,apple_us_store,A.G Corp Group,2025-08-20,1,negative,New app. This new app is one hundred percent unacceptable.it is the worst App I have ever seen. I will definitely damage the auction.it is useless I hope they change to the old version.👎🏻👎🏻,"Lot Condition, Listing Status and related",Lot Condition Reporting,Lot Damage
rvw-000220,birdeye.com,Birdeye (Google),https://reviews.birdeye.com/adesa-charlotte-166631397236159#review-3,birdeye_us_profile,Gabe Hartman,2025-08-18,,negative,"Showed up in the middle of the night, stole my car, wouldn’t answer the phone, charged me excessive fees. After I paid all the fees they kept the car and stole it, I’m in the middle of suing them for $2,500 and I’ve reported them to the Security Exchange Commission. All the cars they sell are either lemons(broken) or stolen. They never could provide me with a title or registration, because the car was “hot” stolen.",Membership / Licensing / Fees & Bidding Policies,"Bidding Process, Rules and Fees",Fees
rvw-000440,google.com,Google Business Profile (ADESA Nashville),https://www.google.com/maps/reviews/data=!4m8!14m7!1m6!2m5!1sCi9DQUlRQUNvZENodHljRjlvT2tSa09WaERWekpHU0Y5a1FtOHhTMnczTjFaUVluYxAB!2m1!1s0x0:0xd23aeb9d1365f256!3m1!1s2@1:CAIQACodChtycF9oOkRkOVhDVzJGSF9kQm8xS2w3N1ZQYnc%7C%7C?hl=en,google_business_us_profile,Amber LeBlanc,2025-08-15,1,negative,"Stay away! I may be new to the used car business but I can tell you this! Hard lesson learned…when I first started I was warned about this place. But i figured I would still give them a try…well I soon seen what other dealers from across the entire state of Tennessee & other states ( GA, MS, IN, IL, VA, WV) were telling me. So yeah…I will retrieve my very last vehicle from this place and gladly walk away! There are way better auctions with GREAT customer service in Tennessee. Had a vehicle placed in arbitration and had to call 4 times to get them to release it, meanwhile I was being charged a late fee. They made 220$ off my business! That will be the last they make off me!",Customer Service & Communication,Agent Professionalism & Responsiveness,Rude/Unhelpful Support
rvw-000045,apps.apple.com,"Apple App Store (1660253652, us)",https://itunes.apple.com/us/review?id=1660253652&type=Purple%20Software&reviewId=13019046082,apple_us_store,Chuckatlantic,2025-08-15,1,negative,ABSOLUTELY HORRIBLE. This app is extremely difficult to use the old ADESA app was much more user friendly. Carvana effect I guess 👎🏻,Account / Access / Login,Password Reset & Login Troubleshooting,App Login Troubleshooting
rvw-000441,google.com,Google Business Profile (ADESA Corporate Office),https://www.google.com/maps/reviews/data=!4m8!14m7!1m6!2m5!1sCi9DQUlRQUNvZENodHljRjlvT2toTlltVnpiSHAxYVZCaVNXcHJhV0pNYVRSV1QxRRAB!2m1!1s0x0:0x5b6af31fc84fde80!3m1!1s2@1:CAIQACodChtycF9oOkhNYmVzbHp1aVBiSWpraWJMaTRWT1E%7C%7C?hl=en,google_business_us_profile,Chad Hughes,2025-08-14,1,negative,I would not recommend using ADESA of Nashville. The lady’s at the desk are very rude. The customer service has went down hill. The manage team is not friendly or helpful. My whole buying experience there has been not anything I would recommend in the future. They charged us fees that should not have applied to us.,Customer Service & Communication,Agent Professionalism & Responsiveness,Rude/Unhelpful Support
rvw-000442,google.com,Google Business Profile (ADESA Washington D.C.),https://www.google.com/maps/reviews/data=!4m8!14m7!1m6!2m5!1sCi9DQUlRQUNvZENodHljRjlvT2pWVE1HWXlSWEI2TkhKU1ozRkhhbXgwVEhCNk1YYxAB!2m1!1s0x0:0xdad802a3b6c7ae8a!3m1!1s2@1:CAIQACodChtycF9oOjVTMGYyRXB6NHJSZ3FHamx0THB6MXc%7C%7C?hl=en,google_business_us_profile,Mustafa E.,2025-08-14,5,positive,"Adesa Auto Auction runs smoothly, with a well-organized process, friendly staff, and a wide selection of vehicles. The buying experience is straightforward and efficient. My only complaint is the high buy fees, which can cut into profit margins. Lower fees would make this auction nearly perfect.",Customer Service & Communication,Agent Professionalism & Responsiveness,Helpful Support Experience
rvw-000443,google.com,Google Business Profile (ADESA Charlotte),https://www.google.com/maps/reviews/data=!4m8!14m7!1m6!2m5!1sCi9DQUlRQUNvZENodHljRjlvT2xGWmJXUkpZMWx3TWtOSFpXUm1NMHczZGxGT0xYYxAB!2m1!1s0x0:0xf2323fccb522e151!3m1!1s2@1:CAIQACodChtycF9oOlFZbWRJY1lwMkNHZWRmM0w3dlFOLXc%7C%7C?hl=en,google_business_us_profile,Rob,2025-08-12,4,positive,Nice used cars up for auction. Large facility and somewhat easy to pickup if transporting one with no issues,"Vehicle Pickup, Delivery and Scheduling",Scheduled Pickup Status,Schedule/ Reschedule Pickup
rvw-000046,apps.apple.com,"Apple App Store (1660253652, us)",https://itunes.apple.com/us/review?id=1660253652&type=Purple%20Software&reviewId=13008202860,apple_us_store,kansas_bryan,2025-08-12,1,negative,Why. Why do they keep messing with their app. There’s no way to navigate around the new one as far as I can tell. Guess I’ll just buy from Manheim.,Account / Access / Login,Password Reset & Login Troubleshooting,App Login Troubleshooting
rvw-000047,trustpilot.com,Trustpilot (adesa.com),https://www.trustpilot.com/reviews/68991f62953162899705b837,trustpilot_us_slug,SONIA S,2025-08-11,1,negative,ADESA Clear. ADESA Clear: Horrible Auto Auction! STAY AWAY…BEWARE. Arbitration will find and turn all legit claims. Bought a car with leaks from ADESA Clear Los Angeles. We sent them pix and 3rd party inspection Report. Arbitration denied because their inspector was too lazy to look under the car to see the leaks.,"Lot Condition, Listing Status and related",Third-Party Inspection Authorization & Scheduling,Previewing/ Inspecting Vehicles
rvw-000048,apps.apple.com,"Apple App Store (1660253652, us)",https://itunes.apple.com/us/review?id=1660253652&type=Purple%20Software&reviewId=13004758054,apple_us_store,Manny oso fresh,2025-08-11,1,negative,Bad. This has to be the worst app aver design! Hard to search anything they should really learn from IAA OR COPART they know what they are going this is ridiculous!!,Account / Access / Login,Password Reset & Login Troubleshooting,App Login Troubleshooting
rvw-000444,google.com,Google Business Profile (ADESA Knoxville),https://www.google.com/maps/reviews/data=!4m8!14m7!1m6!2m5!1sCi9DQUlRQUNvZENodHljRjlvT25KR05XeHZURnAxYVZkVVdGaG9aM2RFZUZobGRYYxAB!2m1!1s0x0:0xbe432126bb6ab401!3m1!1s2@1:CAIQACodChtycF9oOnJGNWxvTFp1aVdUWFhoZ3dEeFhldXc%7C%7C?hl=en,google_business_us_profile,Matt,2025-08-10,1,negative,"""This company is a total scam. They double-billed me for transportation, then called my office and threatened to shut me down if I didn’t pay. I proved the invoice was already paid, and while they corrected it, they never apologized. The billing problems continued, and now they won’t answer the phone. We’ve wasted more time trying to get them to fix mistakes than it’s worth. Buyers beware—this place runs green light cars and manipulates bids so they stop before $2,500, making arbitration impossible. The manager is the worst I’ve ever dealt with. If you buy from ADESA, expect to lose money. Nothing but junk here. You have been warned.""",Customer Service & Communication,Agent Professionalism & Responsiveness,Rude/Unhelpful Support
rvw-000445,google.com,Google Business Profile (ADESA Los Angeles),https://www.google.com/maps/reviews/data=!4m8!14m7!1m6!2m5!1sCi9DQUlRQUNvZENodHljRjlvT2tzdFdWUTNkMjVYWDNsWVdWTllSa1Z6TFhWaFIwRRAB!2m1!1s0x0:0x65b0cf8a3592e7e!3m1!1s2@1:CAIQACodChtycF9oOkstWVQ3d25XX3lYWVNYRkVzLXVhR0E%7C%7C?hl=en,google_business_us_profile,Erik Ruiz,2025-08-09,5,positive,"Clean facilities, staff are nice and lot employees are friendly too",Customer Service & Communication,Agent Professionalism & Responsiveness,Helpful Support Experience
rvw-000167,reddit.com,Reddit r/askcarsales,https://www.reddit.com/r/askcarsales/comments/1mka1qm/getting_repoed_car_back_from_adesa/,mixed_source_ok,AffectionateLake9413,2025-08-07,,positive,"Getting Repo'ed Car Back from Adesa My car was repo'ed last month, and it is super frustrating because I didn't know I could tell the tow driver to leave and come back another day. If I had, I could have paid off what I was behind because I just started a new job. Anyway, I didn't, and the car company wants the full remaining $26,000 to redeem. It is at Adesa Concord. I'm trying to find a dealer who will bid on the car for me. I have very high income ($300k) - I was just out of work this winter, had a death in the family, had to spend all savings, etc. ONE dealer said they would work with me but then wouldn't approve me for financing because my repo was too recent.","Vehicle Pickup, Delivery and Scheduling",Tow and Storage Charges,Tow and Storage Fees
rvw-000446,google.com,Google Business Profile (ADESA Long Island),https://www.google.com/maps/reviews/data=!4m8!14m7!1m6!2m5!1sCi9DQUlRQUNvZENodHljRjlvT2xKeE9IVmtOV3RMUTI1QlRUbHBXWHAzY1Y5VlZVRRAB!2m1!1s0x0:0xca83be42a09d5522!3m1!1s2@1:CAIQACodChtycF9oOlJxOHVkNWtLQ25BTTlpWXp3cV9VVUE%7C%7C?hl=en,google_business_us_profile,Khalil Brown,2025-08-07,1,negative,"Extremely disappointed with the level of customer service I received. I was given no help when I called for information, and the representative never responded , this is truly unprofessional, and clearly not interested in resolving my issue. I had to follow up multiple times , and I still left the conversation more frustrated than when I started. If this is how they treat their customers, I’d strongly reconsider doing business with them again. Very poor experience.",Customer Service & Communication,Support Access & Response Time,Delayed Email/Phone Response
rvw-000841,google.com,Google Business Profile (ADESA Salt Lake),https://www.google.com/maps/reviews/data=!4m8!14m7!1m6!2m5!1sCi9DQUlRQUNvZENodHljRjlvT21WUFUzcHFablpaUVhCQlZrZDJUVzlhUTNSb0xVRRAB!2m1!1s0x0:0x4f1eae3fc675601b!3m1!1s2@1:CAIQACodChtycF9oOmVPU3pqZnZZQXBBVkd2TW9aQ3RoLUE%7C%7C?hl=en,google_business_us_profile,A. G.S,2025-08-06,1,negative,"ADESA Salt Lake has gone completely downhill. They scrapped a perfectly functional app and replaced it with a terrible platform that seems more focused on pushing Carvana’s junk inventory than helping real dealers succeed. The entire system feels rigged against the buyer—everything from the confusing app to the buying process is set up to trap dealerships. They claim to be fair to all parties, but that couldn’t be further from the truth. Dealers are not given a fair shot at inspecting vehicles—you’re forced off the lot by 3:00 PM the day before the auction, even though they stay open until 6:00 PM. That’s a deliberate move to keep buyers in the dark. The arbitration department is a nightmare, and dealing with Karmalita in accounting is beyond frustrating—rude, unhelpful, and mean demeanor. Buying a certified vehicle means nothing anymore. If something is wrong, it’s conveniently “a good sale” and they’ll simply say “we couldn’t duplicate the issue” and mark it closed. You’re left stuck with a bad car and no recourse. It’s hard to understand why big accounts like Tesla, kengarff, Chrysler, still work with them. Honestly, other auctions are far more transparent and buyer-friendly. If you’re a dealer trying to get reliable inventory, save yourself the headache and look elsewhere.",Customer Service & Communication,Agent Professionalism & Responsiveness,Rude/Unhelpful Support
rvw-000447,google.com,Google Business Profile (ADESA Houston),https://www.google.com/maps/reviews/data=!4m8!14m7!1m6!2m5!1sCi9DQUlRQUNvZENodHljRjlvT25wbU9VUTVWMDltY0dWaWVURjBSVGt0TjI1UE9YYxAB!2m1!1s0x0:0x6694235793d530dc!3m1!1s2@1:CAIQACodChtycF9oOnpmOUQ5V09mcGVieTF0RTktN25POXc%7C%7C?hl=en,google_business_us_profile,Maick Dalu,2025-08-05,1,negative,"Not even worth to give a one star for this auction .i bought a car on Adessa clear after I won the car they didn’t even send me any notification after three days someone called and told me about the payment then they charged me extra fees,I went ahead and paid by ach and told them i didn’t know I said ok maybe my mistake no problem and the money was taken from my bank account,I called couple of days later the location they told me you car is redy for pick up,I went there they said oh for ach payment you have to wait 5 more days I was really mad and I tried to explain to them that that’s not fair to do that especially when they say come to pick up,they called a lady supposed to be a manager assistant she wasn’t nice at all after that she called me to talk to location manager and this guy was acting like iam no one and he’s the smart and clever guy lol he refused to put any afford to help me and talking to me like iam no one,just walk away and left saying why I have to come to an auction like Adessa and buy y cars there if I can use any others like acv manhian pipeline,what make you real upset that they treated you with no respect and they think they doing you a favour which’s the opisit is the correct way ,I will never go there again and deal with this kind of people",Customer Service & Communication,Agent Professionalism & Responsiveness,Rude/Unhelpful Support
rvw-000448,google.com,Google Business Profile (ADESA Corporate Office),https://www.google.com/maps/reviews/data=!4m8!14m7!1m6!2m5!1sCi9DQUlRQUNvZENodHljRjlvT2tGbk5WcFpOMmhTU1d3eVQzVm9RVFJSVFZkNGRWRRAB!2m1!1s0x0:0x5b6af31fc84fde80!3m1!1s2@1:CAIQACodChtycF9oOkFnNVpZN2hSSWwyT3VoQTRRTVd4dVE%7C%7C?hl=en,google_business_us_profile,David Donlick,2025-08-04,1,negative,"adesa, has clearly had my ach funds for 4 days. that means the vehicle has been paid for in full and they will not release my vehicle. I already received the title ( i have in hand) . Do yourself a favor, when buying wholesale, do not use Adesa Clear.","Title, Ownership, POA and Documentation",Title Delivery & Status,Title Not Received
rvw-000049,apps.apple.com,"Apple App Store (1660253652, us)",https://itunes.apple.com/us/review?id=1660253652&type=Purple%20Software&reviewId=12976687442,apple_us_store,Jigsawjohnbill,2025-08-04,1,negative,Dealership owner. Adesa continues to miss the mark. Their website and app are way too cumbersome. The other main auction company is light years ahead of them. Instead of getting better they are going the other direction.,Account / Access / Login,Password Reset & Login Troubleshooting,App Login Troubleshooting
rvw-000449,google.com,Google Business Profile (ADESA Flint),https://www.google.com/maps/reviews/data=!4m8!14m7!1m6!2m5!1sCi9DQUlRQUNvZENodHljRjlvT25SblZGUk9NVTkxV1ZaRlpYSXhaMnBOYm1OWWFGRRAB!2m1!1s0x0:0xc67e3588b4be2a48!3m1!1s2@1:CAIQACodChtycF9oOnRnVFROMU91WVZFZXIxZ2pNbmNYaFE%7C%7C?hl=en,google_business_us_profile,TaraAnn Kerrison,2025-07-31,1,negative,"If you drive on Richfield Road near their parking lot, be extremely aware of their employees' driving. I've almost been in several accidents because of their consistently dangerous habits. They routinely cut people off, speed, don't use blinkers, and pull out in front of traffic, forcing quick reactions and hard braking from other drivers. Not only in their personal vehicles but the vehicles that look like they are being sold. It's a daily occurrence and incredibly frustrating, not to mention dangerous. Management needs to address this pattern of reckless driving from their staff immediately. It's only a matter of time until there's a serious collision.",Customer Service & Communication,Agent Professionalism & Responsiveness,Rude/Unhelpful Support
rvw-000450,google.com,Google Business Profile (ADESA New Jersey),https://www.google.com/maps/reviews/data=!4m8!14m7!1m6!2m5!1sCi9DQUlRQUNvZENodHljRjlvT25KaWVrdDRTRFpWYzNCb1lrTnVRVTF0WldGVlpHYxAB!2m1!1s0x0:0xd01acd06305ff6fb!3m1!1s2@1:CAIQACodChtycF9oOnJiekt4SDZVc3BoYkNuQU1tZWFVZGc%7C%7C?hl=en,google_business_us_profile,Paul Melnyk,2025-07-31,1,negative,"My Experience with This Auction – Completely Negative The time for interesting stories is over. I bought a car from this auction just last week. After driving it for literally one day, the alternator completely failed. The repair cost me $1,100 out of pocket. So basically, they’re selling garbage here. No one takes any responsibility for the condition of the vehicles. This was my first and definitely my last time dealing with this auction. I’ve already advised all of my friends and colleagues — and I have a big network — to avoid this place at all costs. I honestly don’t even know what to do with the car now. I’ll keep driving it for the time being, but my experience with these people has been extremely disappointing. I didn’t like their communication at all. From what I can tell, they really don’t care about their customers. I had to fix everything myself, with zero support from them. My overall experience was completely negative, and I absolutely do not recommend this auction to anyone.",Customer Service & Communication,Agent Professionalism & Responsiveness,Rude/Unhelpful Support
rvw-000842,google.com,Google Business Profile (ADESA Salt Lake),https://www.google.com/maps/reviews/data=!4m8!14m7!1m6!2m5!1sCi9DQUlRQUNvZENodHljRjlvT21WWmJIRkZiR053VEdwRFVWZE1SMFIzY0dkRE0yYxAB!2m1!1s0x0:0x4f1eae3fc675601b!3m1!1s2@1:CAIQACodChtycF9oOmVZbHFFbGNwTGpDUVdMR0R3cGdDM2c%7C%7C?hl=en,google_business_us_profile,L Ka,2025-07-31,1,negative,Rude staff. The tow truck operators working here need a mood adjustment,Customer Service & Communication,Agent Professionalism & Responsiveness,Rude/Unhelpful Support
rvw-000168,apps.apple.com,"Apple App Store (1660253652, us)",https://apps.apple.com/us/app/id1660253652?see-all=reviews&platform=iphone&reviewId=12957633409,apple_us_store,scuba_steveeee,2025-07-31,1,negative,Terrible. First of all after i think it is totally anarchy that you cannot pull adesa reports to find the value of a car if you use the scan thing in the corner it just pulls up the ad for the car not the value . makes no sense could easily be like mmr just scan it and get a value based on what has sold recently and be able to click on that and see individual cars and what they brought especially if something may have a weird announcement like structural or something along those lines it’s impossible to figure out what they bring at adesa auctions. Then not to mention i get logged out every 20 minutes. Then they try to do something like ove but instead guess what only Carvana is aloud to list on adesa clear why is that? i wanted to get some of my stuff on that why can’t it happen ? seems like they’re trying to get rid of old junk they’re sunk in and list it for ridiculous price not to mention 90% of the cars on there are total scrap and they make it continently hard to read announcements and damages and say “green light” then it says refer to CR for disclosures which they clearly have in a hard to see area. I’m totally fed up with adesa auctions and am sick of them laughing at the little independent dealers while they count their money,"Lot Condition, Listing Status and related",Lot Condition Reporting,Lot Damage
rvw-000451,google.com,Google Business Profile (ADESA Los Angeles),https://www.google.com/maps/reviews/data=!4m8!14m7!1m6!2m5!1sCi9DQUlRQUNvZENodHljRjlvT2tKQ1ZsQmtOVVpDUWprMmVVVnpWSEJ3UzNkWU0xRRAB!2m1!1s0x0:0x65b0cf8a3592e7e!3m1!1s2@1:CAIQACodChtycF9oOkJCVlBkNUZCQjk2eUVzVHBwS3dYM1E%7C%7C?hl=en,google_business_us_profile,Lab Rinth,2025-07-30,1,negative,"Worst of the worst. Unfortunately, providing a decent service for customers is not on their agenda. They treat their customers very poorly. Every interaction I've had with them has been difficult, despite completing all of the required steps on my end. Booked an appointment, and they cancelled on me after I drove 2.5hrs to their location in Jurupa Valley. Absolute worst of the worst. I do not recommend. People depend on their vehicles to get through their day-to-day, and despite completing everything required on my end (payment, documents, etc) for the vehicle, I still am having trouble with them to pick up the car. I can't believe a company can be this horrible to their customers.",Account / Access / Login,Document Upload & Verification,Upload Troubleshooting
rvw-000050,apps.apple.com,"Apple App Store (1660253652, us)",https://itunes.apple.com/us/review?id=1660253652&type=Purple%20Software&reviewId=12957633409,apple_us_store,scuba_steveeee,2025-07-30,1,negative,Terrible. First of all after i think it is totally anarchy that you cannot pull adesa reports to find the value of a car if you use the scan thing in the corner it just pulls up the ad for the car not the value . makes no sense could easily be like mmr just scan it and get a value based on what has sold recently and be able to click on that and see individual cars and what they brought especially if something may have a weird announcement like structural or something along those lines it’s impossible to figure out what they bring at adesa auctions. Then not to mention i get logged out every 20 minutes. Then they try to do something like ove but instead guess what only Carvana is aloud to list on adesa clear why is that? i wanted to get some of my stuff on that why can’t it happen ? seems like they’re trying to get rid of old junk they’re sunk in and list it for ridiculous price not to mention 90% of the cars on there are total scrap and they make it continently hard to read announcements and damages and say “green light” then it says refer to CR for disclosures which they clearly have in a hard to see area. I’m totally fed up with adesa auctions and am sick of them laughing at the little independent dealers while they count their money,"Lot Condition, Listing Status and related",Lot Condition Reporting,Lot Damage
rvw-000051,apps.apple.com,"Apple App Store (1660253652, us)",https://itunes.apple.com/us/review?id=1660253652&type=Purple%20Software&reviewId=12957002253,apple_us_store,Obdbdhdjdjfjfj,2025-07-30,1,negative,Worst. Bad bad bad I stop buying because of this new app,Account / Access / Login,Password Reset & Login Troubleshooting,App Login Troubleshooting
rvw-000052,apps.apple.com,"Apple App Store (1660253652, us)",https://itunes.apple.com/us/review?id=1660253652&type=Purple%20Software&reviewId=12956863812,apple_us_store,rmz951,2025-07-30,1,negative,Terrible. The old app was so much easier to navigate. I hate even logging in a looking for inventory now.,"Lot Condition, Listing Status and related",Listing Status,Selling/ Relisting vehicle or Parts purchase
rvw-000053,apps.apple.com,"Apple App Store (1660253652, us)",https://itunes.apple.com/us/review?id=1660253652&type=Purple%20Software&reviewId=12952787600,apple_us_store,K1234694,2025-07-29,1,negative,"This app is pure garbage. Adesa marketplace was fine, never had any issues. Then they made area clear and I needed to sign in every time. This app has almost zero of the features that the original did, I can’t even find a watchlist. Adesa needs to rethink this whole clear thing.",Account / Access / Login,Password Reset & Login Troubleshooting,App Login Troubleshooting
rvw-000452,google.com,Google Business Profile (ADESA Atlanta),https://www.google.com/maps/reviews/data=!4m8!14m7!1m6!2m5!1sCi9DQUlRQUNvZENodHljRjlvT2twT1VqbEljRzkxUmtWbFgxUTNVVXBUY3kxZk5uYxAB!2m1!1s0x0:0x8ca5797c8ce4da57!3m1!1s2@1:CAIQACodChtycF9oOkpOUjlIcG91RkVlX1Q3UUpTcy1fNnc%7C%7C?hl=en,google_business_us_profile,Bridgett Seay,2025-07-26,1,negative,Lady in repo department very nice. However they do steal out your vehicle. My brother's ashes in 5 necklace charms were stolen. However at a glance they look like nice jewelry. But they were urns with my brother's ashes in them. Still to this day no one has took the blame or reimburse me for the necklaces in the heartbreak of someone stealing them out of my car. I guess with being a type of business they are they don't expect people to come back and get their vehicles. However I did and did not have the things in it that were left in it. But with all that being said there was evidence that they were in my car through a picture they showed me on the computer and no one took care of it. They wanted me to call the finance company and see if they were going to handle it. The better thing to do would have just been to pay for their employees mishap. As of now they have my number email contact and all. I've been expecting a check in the mail hoping they would pay for what their employees sold out my car and still haven't received anything..,Customer Service & Communication,Agent Professionalism & Responsiveness,Rude/Unhelpful Support
rvw-000453,google.com,Google Business Profile (ADESA Seattle),https://www.google.com/maps/reviews/data=!4m8!14m7!1m6!2m5!1sCi9DQUlRQUNvZENodHljRjlvT2xOdGRXRkRjSFpmUnpCdWNXVXpkM2RSWlVsUWRHYxAB!2m1!1s0x0:0xf4e30d6e013958b9!3m1!1s2@1:CAIQACodChtycF9oOlNtdWFDcHZfRzBucWUzd3dRZUlQdGc%7C%7C?hl=en,google_business_us_profile,Chad V,2025-07-25,5,positive,Always a great place to get your vehicle from. The staff and everyone who works here or contracts for this location are always extremely professional and will even crack jokes with you if they see you enough times.,Customer Service & Communication,Agent Professionalism & Responsiveness,Helpful Support Experience
rvw-000454,google.com,Google Business Profile (ADESA Concord),https://www.google.com/maps/reviews/data=!4m8!14m7!1m6!2m5!1sCi9DQUlRQUNvZENodHljRjlvT2taZmMzZzBZa3BCVVMxRloyWnZaSGhhWjFKVVUxRRAB!2m1!1s0x0:0x657d5707422ca21!3m1!1s2@1:CAIQACodChtycF9oOkZfc3g0YkpBUS1FZ2ZvZHhaZ1JUU1E%7C%7C?hl=en,google_business_us_profile,Dmitry Al,2025-07-24,1,negative,Clerk decided to raise her voice on me. GM is out of reach and will never return a call. Never did what was promised and blamed us instead. Don’t expect any help with loading that junk that they sell. This location lost us as customers forever. We’re here to make business and not to be yelled at and treated poorly. Definitely worst Adesa we bought from. Avoid!,Account / Access / Login,Password Reset & Login Troubleshooting,App Login Troubleshooting
rvw-000455,google.com,Google Business Profile (ADESA Atlanta),https://www.google.com/maps/reviews/data=!4m8!14m7!1m6!2m5!1sCi9DQUlRQUNvZENodHljRjlvT21ReU9XTnZkMU5wTkdaVVFVbGpRWGxWWVRsNGFuYxAB!2m1!1s0x0:0x8ca5797c8ce4da57!3m1!1s2@1:CAIQACodChtycF9oOmQyOWNvd1NpNGZUQUljQXlVYTl4anc%7C%7C?hl=en,google_business_us_profile,Kimberly Oglesby,2025-07-22,5,positive,"Juanita, where do I start? AMAZING service is what she gave me. I appreciate her MORE than she will ever know. remember when you all makes these reviews, remember how you come off rude to people they can be back! it pay to be nice & pleasant to people it helps them help you. Not only did she help me when traffic had me delayed she went above and beyond to help me and I thank GOD for her. I was in & out in less than 10 minutes. Stop letting google make you all be mean and judge-mental, be kind it goes far she has a job to do.. Im reunited with my car & couldn't have done it without her🫶🏾🫶🏾🫶🏾",Customer Service & Communication,Agent Professionalism & Responsiveness,Helpful Support Experience
rvw-000456,google.com,Google Business Profile (ADESA San Diego),https://www.google.com/maps/reviews/data=!4m8!14m7!1m6!2m5!1sCi9DQUlRQUNvZENodHljRjlvT2xOWWJsZHVNM0JpWWtkTE1uSjRNV0ZwZFhsVk5IYxAB!2m1!1s0x0:0x6bb08db853473766!3m1!1s2@1:CAIQACodChtycF9oOlNYblduM3BiYkdLMnJ4MWFpdXlVNHc%7C%7C?hl=en,google_business_us_profile,carolen Cannon,2025-07-22,1,negative,This auction should close down their unprofessional can never get through when you call them and so many other things.,Customer Service & Communication,Agent Professionalism & Responsiveness,Rude/Unhelpful Support
rvw-000054,apps.apple.com,"Apple App Store (1660253652, us)",https://itunes.apple.com/us/review?id=1660253652&type=Purple%20Software&reviewId=12912883768,apple_us_store,ADESA stinks,2025-07-19,1,negative,Awful. Please fire whom ever developed this updated app!!!! I’m not sure how you could make it any worse.,Account / Access / Login,Password Reset & Login Troubleshooting,App Login Troubleshooting
rvw-000055,apps.apple.com,"Apple App Store (1660253652, us)",https://itunes.apple.com/us/review?id=1660253652&type=Purple%20Software&reviewId=12908636651,apple_us_store,Truthreviewsnow00,2025-07-18,3,negative,Finally! Sort by run number IN watchlist. Still slower than the old app and with random errors.. Thank you!!,Account / Access / Login,Password Reset & Login Troubleshooting,App Login Troubleshooting
rvw-000056,apps.apple.com,"Apple App Store (1660253652, us)",https://itunes.apple.com/us/review?id=1660253652&type=Purple%20Software&reviewId=12906899352,apple_us_store,No nickname 557,2025-07-18,1,negative,Disaster. In today’s world of technology this app is a joke for one of the largest auctions in the country. You guys have made zero improvements for the past 15 years,Account / Access / Login,Password Reset & Login Troubleshooting,App Login Troubleshooting
rvw-000457,google.com,Google Business Profile (ADESA Jacksonville),https://www.google.com/maps/reviews/data=!4m8!14m7!1m6!2m5!1sCi9DQUlRQUNvZENodHljRjlvT21OemVsUklNSGsxTFVKTlVFOVFZMnh2ZWxScVZVRRAB!2m1!1s0x0:0x75945523880f8c83!3m1!1s2@1:CAIQACodChtycF9oOmNzelRIMHk1LUJNUE9QY2xvelRqVUE%7C%7C?hl=en,google_business_us_profile,Eric Condrey,2025-07-16,1,negative,"left 2 voicemails, they never returned my calls. they close at 3pm except on Friday in which they close at 1pm. Thursday is auction day, whatever that means. they definetly dont have normal operating hours. they also lack basic courtesy on returning calls after leaving 2 separate voicemails on 2 different days.",Customer Service & Communication,Agent Professionalism & Responsiveness,Rude/Unhelpful Support
rvw-000458,google.com,Google Business Profile (ADESA Knoxville),https://www.google.com/maps/reviews/data=!4m8!14m7!1m6!2m5!1sCi9DQUlRQUNvZENodHljRjlvT25GRFRteDJRMmRQUW5OTFkzZ3djWGR1Wm1OSGFuYxAB!2m1!1s0x0:0xbe432126bb6ab401!3m1!1s2@1:CAIQACodChtycF9oOnFDTmx2Q2dPQnNLY3gwcXduZmNHanc%7C%7C?hl=en,google_business_us_profile,carport Enterprise,2025-07-16,1,negative,"unprofessional business at all , I’m sure the manger does not even know what customers service mean Worst experience ever i had Dealers be a wear from there policy",Customer Service & Communication,Agent Professionalism & Responsiveness,Rude/Unhelpful Support
rvw-000459,google.com,Google Business Profile (ADESA Las Vegas),https://www.google.com/maps/reviews/data=!4m8!14m7!1m6!2m5!1sCi9DQUlRQUNvZENodHljRjlvT2xKMU5HRkJNRVV0WjE5M1JGOUdaRWQyTjB0clgyYxAB!2m1!1s0x0:0x7cde5ccaa0c88aae!3m1!1s2@1:CAIQACodChtycF9oOlJ1NGFBMEUtZ193RF9GZEd2N0trX2c%7C%7C?hl=en,google_business_us_profile,Joe Yalich,2025-07-16,1,negative,"The staff at Adesa Las Vegas are great. This is a review for the new adesa clear platform. Be very careful and cautious buying on this platform. It’s all of Carvana’s vehicles and Carvana owns the auction. The condition reports, the grades are all Inflated. The arbitration process is 100% fixed and against you. If you have a problem, there’s nobody to talk to, Adesa will give you a generic email and tell you to kick rocks. Be extremely cautious if you decide to buy from Adesa Clear, I highly recommend purchasing elsewhere.",Customer Service & Communication,Agent Professionalism & Responsiveness,Rude/Unhelpful Support
rvw-000460,google.com,Google Business Profile (ADESA San Antonio),https://www.google.com/maps/reviews/data=!4m8!14m7!1m6!2m5!1sCi9DQUlRQUNvZENodHljRjlvT2tOVlQzQllSbWw1VGpFemNYSjJlRnBtWjNrNU5rRRAB!2m1!1s0x0:0xc0ff65b103a17103!3m1!1s2@1:CAIQACodChtycF9oOkNVT3BYRml5TjEzcXJ2eFpmZ3k5NkE%7C%7C?hl=en,google_business_us_profile,Jorge Gomez (CJ),2025-07-15,5,positive,The team here at ADESA are knowledgeable and understanding. Their accuracy and poise with all situations/customers are proof of professionalism at it's highest. They are a pleasure to work with in even the most stressful of accounts.,Customer Service & Communication,Agent Professionalism & Responsiveness,Helpful Support Experience
rvw-000461,google.com,Google Business Profile (ADESA Boston),https://www.google.com/maps/reviews/data=!4m8!14m7!1m6!2m5!1sCi9DQUlRQUNvZENodHljRjlvT2tOdGJXeENaRFJrYzNwbGIzUTNkbnAwY0MwMmExRRAB!2m1!1s0x0:0x159ea0564a37c95b!3m1!1s2@1:CAIQACodChtycF9oOkNtbWxCZDRkc3plb3Q3dnp0cC02a1E%7C%7C?hl=en,google_business_us_profile,Love me Love my dog,2025-07-14,1,negative,"I bought this Honda Pilot from Carvana via Adesa Clear platform. Soon, I learned the vehicle can't pass state inspection due to catalytic converter issues. It's a shame to see reputable companies like Adesa and Carvana are selling TRASH. Shame!!! P.S: Do not expect these people will accept returns from you mistake or not.","Lot Condition, Listing Status and related",Third-Party Inspection Authorization & Scheduling,Previewing/ Inspecting Vehicles
rvw-000462,google.com,Google Business Profile (ADESA Charlotte),https://www.google.com/maps/reviews/data=!4m8!14m7!1m6!2m5!1sCi9DQUlRQUNvZENodHljRjlvT2pFemIwRkpOWGRMVVU1dldrUkhjalp6Y1ZObmNWRRAB!2m1!1s0x0:0xf2323fccb522e151!3m1!1s2@1:CAIQACodChtycF9oOjEzb0FJNXdLUU5vWkRHcjZzcVNncVE%7C%7C?hl=en,google_business_us_profile,Squid game season2,2025-07-10,1,negative,This is ridiculous! No one ever answers the phone. How do you all run a business and no one can speak with a representative.,Customer Service & Communication,Agent Professionalism & Responsiveness,Rude/Unhelpful Support
rvw-000057,apps.apple.com,"Apple App Store (1660253652, us)",https://itunes.apple.com/us/review?id=1660253652&type=Purple%20Software&reviewId=12872617690,apple_us_store,Dragomyretskyi,2025-07-09,1,negative,"App complete trash. One star even not worth it. I did not bid on the vehicle even did not see that car, it showed on account that I purchased. Arbitration process no-one did not call ask what happened nothing just emailed canon be arbitrated. Not recommended adessa clear at all",Customer Service & Communication,Agent Professionalism & Responsiveness,Rude/Unhelpful Support
rvw-000058,apps.apple.com,"Apple App Store (1660253652, us)",https://itunes.apple.com/us/review?id=1660253652&type=Purple%20Software&reviewId=12867430178,apple_us_store,Malikab123,2025-07-08,1,negative,"update review. So I already left one review stating that the watchlist and vehicle locating is hard to deal with, but they have now added vehicle locating, which is great, but it doesn’t work in real time. For example it says the car is in Fleet storage and I find the car in lane. Very misleading now I don’t know what to trust whether the cars in lane or if it’s in Fleet storage who knows. Also, I want to organize my watchlist by run number. There should be no reason why I can’t do that. Please let us organize our watchlist by run number and lane.",Account / Access / Login,Password Reset & Login Troubleshooting,App Login Troubleshooting
rvw-000843,apps.apple.com,"Apple App Store (1660253652, us)",https://apps.apple.com/us/app/id1660253652?see-all=reviews&platform=iphone&reviewId=12867430178,apple_us_store,Malikab123,2025-07-08,1,negative,"update review. So I already left one review stating that the watchlist and vehicle locating is hard to deal with, but they have now added vehicle locating, which is great, but it doesn’t work in real time. For example it says the car is in Fleet storage and I find the car in lane. Very misleading now I don’t know what to trust whether the cars in lane or if it’s in Fleet storage who knows. Also, I want to organize my watchlist by run number. There should be no reason why I can’t do that. Please let us organize our watchlist by run number and lane",Account / Access / Login,Password Reset & Login Troubleshooting,App Login Troubleshooting
rvw-000059,trustpilot.com,Trustpilot (adesa.com),https://www.trustpilot.com/reviews/6867d32098915b3621966a66,trustpilot_us_slug,Ezezew Biru,2025-07-04,1,negative,"I'm suspicious. I have never purchased a car from this location or of this type. I still wanted to pay, but I got the title in my name without having purchased or paid for it. Still, I was informed that I have to pay $8,000 for a vehicle at an auction in Las Vegas, while I am in St. Louis, MO. I filed a dispute stating that I have never purchased any cars from this location or of this type of vehicle, yet they still want me to pay. I have now received a title in my name without having purchased or paid for the vehicle. and do not vehicle in my position.","Title, Ownership, POA and Documentation",Title Delivery & Status,Title Not Received
rvw-000463,google.com,Google Business Profile (ADESA Cincinnati/Dayton),https://www.google.com/maps/reviews/data=!4m8!14m7!1m6!2m5!1sCi9DQUlRQUNvZENodHljRjlvT25OcVpGSjFjMkkxZEdZeVNUUkxSbWxNUjJ4blQyYxAB!2m1!1s0x0:0x35280de626a14dbf!3m1!1s2@1:CAIQACodChtycF9oOnNqZFJ1c2I1dGYySTRLRmlMR2xnT2c%7C%7C?hl=en,google_business_us_profile,Reemon Youno,2025-07-03,5,positive,The best action with customer service,Customer Service & Communication,Agent Professionalism & Responsiveness,Helpful Support Experience
rvw-000060,apps.apple.com,"Apple App Store (1660253652, us)",https://itunes.apple.com/us/review?id=1660253652&type=Purple%20Software&reviewId=12844484226,apple_us_store,daniel4203,2025-07-02,1,negative,Horrible app. We need back the old app,Account / Access / Login,Password Reset & Login Troubleshooting,App Login Troubleshooting
rvw-000061,apps.apple.com,"Apple App Store (1660253652, us)",https://itunes.apple.com/us/review?id=1660253652&type=Purple%20Software&reviewId=12843625824,apple_us_store,Hammer1826,2025-07-02,1,negative,"Bring the old app back. This app is horrible, 0 stars! Let us use the old one!",Account / Access / Login,Password Reset & Login Troubleshooting,App Login Troubleshooting
rvw-000464,google.com,Google Business Profile (ADESA Los Angeles),https://www.google.com/maps/reviews/data=!4m8!14m7!1m6!2m5!1sCi9DQUlRQUNvZENodHljRjlvT2xOSlFUZFhOMFZVV0ZKdlQzQndOa1ZRV1RVMlZuYxAB!2m1!1s0x0:0x65b0cf8a3592e7e!3m1!1s2@1:CAIQACodChtycF9oOlNJQTdXN0VUWFJvT3BwNkVQWTU2Vnc%7C%7C?hl=en,google_business_us_profile,PLATINUM SALES,2025-06-28,1,negative,"I wish I can put zero star for this auction.. Absolutely unacceptable experience at Adesa Auction. Their level of disorganization is beyond belief for a company handling this much volume and money. Not only is the check-in process completely outdated and slow, but they also lost my car keys broke the windows glass .—something that should never happen at a professional auction. The staff seemed confused, unhelpful, and not concerned with resolving the issue quickly. It’s shocking that a company of this size is still operating like it’s the early 2000s. There’s no clear communication, no accountability, and zero sense of urgency. If you value your time or property, think twice before dealing with Adesa.",Customer Service & Communication,Agent Professionalism & Responsiveness,Rude/Unhelpful Support
rvw-000465,google.com,Google Business Profile (ADESA Houston),https://www.google.com/maps/reviews/data=!4m8!14m7!1m6!2m5!1sCi9DQUlRQUNvZENodHljRjlvT2pGd1JIQk1PRUZOYlU1M2MxVnpSM1p6WWtwMllXYxAB!2m1!1s0x0:0x6694235793d530dc!3m1!1s2@1:CAIQACodChtycF9oOjFwRHBMOEFNbU53c1VzR3ZzYkp2YWc%7C%7C?hl=en,google_business_us_profile,Jessica Greene,2025-06-27,1,negative,"Went here to pickup a truck ,my fiance and I do hotshot trucking . They are useless and lazy and don't know nothing","Vehicle Pickup, Delivery and Scheduling",Scheduled Pickup Status,Missed/ Delayed Pickup and Dispatch Window
rvw-000466,google.com,Google Business Profile (ADESA Reno),https://www.google.com/maps/reviews/data=!4m8!14m7!1m6!2m5!1sCi9DQUlRQUNvZENodHljRjlvT25wUWJYQm1Temh4TFZjNVFtUldTbXhMT1hwSU5VRRAB!2m1!1s0x0:0x31d7a969467cdd51!3m1!1s2@1:CAIQACodChtycF9oOnpQbXBmSzhxLVc5QmRWSmxLOXpINUE%7C%7C?hl=en,google_business_us_profile,Rich Hyer,2025-06-27,4,positive,Just your typical dealer wholesale auction every Wednesday,Membership / Licensing / Fees & Bidding Policies,"Bidding Process, Rules and Fees",How to Bid (First Time)
rvw-000467,google.com,Google Business Profile (Carvana/ADESA Portland),https://www.google.com/maps/reviews/data=!4m8!14m7!1m6!2m5!1sCi9DQUlRQUNvZENodHljRjlvT21SSGNsOVJiekkwZWtRMmVrNWtlV2hTUldWS2RsRRAB!2m1!1s0x0:0xc781b435f48e0e60!3m1!1s2@1:CAIQACodChtycF9oOmRHcl9RbzI0ekQ2ek5keWhSRWVKdlE%7C%7C?hl=en,google_business_us_profile,Emile Attar,2025-06-27,1,negative,"We have been local customer since 1990 A+all over the board. Manager Tom comes in he sells green light guarantee when the cars are not even inspected. First he sold me a Silverado with a bad transmission he wouldn't take it back. I had to take it to two different Chevy stores to prove transmission was bad. After 2 months I got my money back. He sold me a 2019 Mazda 3 Green light, engine had fire damage and I took it thru arbitration and it passed. If you want to buy lemons go to Adesa, this is how you'll be treated. Now they want to charge me storage fee and loss fees.",Customer Service & Communication,Agent Professionalism & Responsiveness,Rude/Unhelpful Support
rvw-000169,apps.apple.com,"Apple App Store (1660253652, us)",https://itunes.apple.com/us/review?id=1660253652&type=Purple%20Software&reviewId=12820150910,apple_us_store,Mxkidd38,2025-06-26,1,negative,"Totally bogus. The old app/interface was far superior. This new app lacks features, complicated and doesn’t even show options to view past sale reports.",Account / Access / Login,Password Reset & Login Troubleshooting,App Login Troubleshooting
rvw-000062,apps.apple.com,"Apple App Store (1660253652, us)",https://itunes.apple.com/us/review?id=1660253652&type=Purple%20Software&reviewId=12816056838,apple_us_store,Baraaaaaaaaaaaaaaaaa,2025-06-25,1,negative,Terrible. The worst new app ever,Account / Access / Login,Password Reset & Login Troubleshooting,App Login Troubleshooting
rvw-000063,apps.apple.com,"Apple App Store (1660253652, us)",https://itunes.apple.com/us/review?id=1660253652&type=Purple%20Software&reviewId=12812740760,apple_us_store,areliLT1,2025-06-24,1,negative,Terrible. Does not work. I can log in and nothing else. Nothing comes up.,Account / Access / Login,Password Reset & Login Troubleshooting,App Login Troubleshooting
rvw-000064,apps.apple.com,"Apple App Store (1660253652, us)",https://itunes.apple.com/us/review?id=1660253652&type=Purple%20Software&reviewId=12812208487,apple_us_store,Just4Tee,2025-06-24,5,positive,"Just4T. This new app is definitely inconspicuous. The interface is much more difficult to navigate than the older version. Like the other reviewer mentioned, it’s nearly impossible to track cars you’re watching and wish to bid on. More importantly basic dealer friendly options(I.e Gate passes) are almost impossible to find….you’ll typically have to call individual locations for something that ought to be relatively easy to see/get in-app.","Vehicle Pickup, Delivery and Scheduling",Pickup Order Management,Gate Pass Assistance
rvw-000065,apps.apple.com,"Apple App Store (1660253652, us)",https://itunes.apple.com/us/review?id=1660253652&type=Purple%20Software&reviewId=12811042687,apple_us_store,Poor App Adesa clear,2025-06-24,1,negative,Owner. The new App Adesa Clear Very poor service and the loosing customer buying inventory from Adesa bring back the old App,"Lot Condition, Listing Status and related",Listing Status,Selling/ Relisting vehicle or Parts purchase
rvw-000170,apps.apple.com,"Apple App Store (1660253652, us)",https://apps.apple.com/us/app/id1660253652?see-all=reviews&platform=iphone&reviewId=12812208487,apple_us_store,Just4Tee,2025-06-24,5,positive,"Just4T. This new app is definitely inconspicuous. The interface is much more difficult to navigate than the older version. Like the other reviewer mentioned, it’s nearly impossible to track cars you’re watching and wish to bid on. More importantly basic dealer friendly options(I.e Gate passes) are almost impossible to find….you’ll typically have to call individual locations for something that ought to be relatively easy to see/get in-app","Vehicle Pickup, Delivery and Scheduling",Pickup Order Management,Gate Pass Assistance
rvw-000066,apps.apple.com,"Apple App Store (1660253652, us)",https://itunes.apple.com/us/review?id=1660253652&type=Purple%20Software&reviewId=12810016188,apple_us_store,Motorsports2011,2025-06-23,1,negative,Old better. Cant look for specific unit nationwide like used too ( motorhome or ex: bmw only ) Please fix it its very helpful,Customer Service & Communication,Agent Professionalism & Responsiveness,Rude/Unhelpful Support
rvw-000067,apps.apple.com,"Apple App Store (1660253652, us)",https://itunes.apple.com/us/review?id=1660253652&type=Purple%20Software&reviewId=12809743833,apple_us_store,Mhed3389,2025-06-23,1,negative,Owner. The old app much better Who is the stupid come with this idea?,Account / Access / Login,Password Reset & Login Troubleshooting,App Login Troubleshooting
rvw-000068,apps.apple.com,"Apple App Store (1660253652, us)",https://itunes.apple.com/us/review?id=1660253652&type=Purple%20Software&reviewId=12809451533,apple_us_store,nozis_way,2025-06-23,1,negative,"ADESA MarketGuide. I don’t understand why they would take away the option to see how much cars have been sold for in the past. The Carvana value of cars are promoted, which means nothing to independent dealers. The old app would tell you how much cars sold for at every ADESA auction, that was very useful information when bidding on a car. This new app is horrible, they should’ve kept access to the old one until they were sure the ADESA clear app was up to par with ADESA marketplace. Too much to adjust to without any option of referring to the app we have already figured out how to use…",Account / Access / Login,Password Reset & Login Troubleshooting,App Login Troubleshooting
rvw-000069,apps.apple.com,"Apple App Store (1660253652, us)",https://itunes.apple.com/us/review?id=1660253652&type=Purple%20Software&reviewId=12808824102,apple_us_store,007JasonYanik,2025-06-23,1,negative,App not good. Dear developed app is not good this is ridiculous and has to be fixed as soon as possible we are i. 2025 lets have some movement,Account / Access / Login,Password Reset & Login Troubleshooting,App Login Troubleshooting
rvw-000070,apps.apple.com,"Apple App Store (1660253652, us)",https://itunes.apple.com/us/review?id=1660253652&type=Purple%20Software&reviewId=12802983407,apple_us_store,swusho,2025-06-21,1,negative,Old app was better. go back,Account / Access / Login,Password Reset & Login Troubleshooting,App Login Troubleshooting
rvw-000468,google.com,Google Business Profile (ADESA Houston),https://www.google.com/maps/reviews/data=!4m8!14m7!1m6!2m5!1sCi9DQUlRQUNvZENodHljRjlvT2pSdVJrSkdPVlV6ZFV0T1ZFTTNWWEZrYUMxWmFIYxAB!2m1!1s0x0:0x6694235793d530dc!3m1!1s2@1:CAIQACodChtycF9oOjRuRkJGOVUzdUtOVEM3VXFkaC1ZaHc%7C%7C?hl=en,google_business_us_profile,Jake Smookler,2025-06-20,3,positive,"Customer service at this location is good, but the replacement keys and FOBS they make on site need to be double checked. When I got my vehicle back, the key FOB they gave me wasn't cut correctly.",Customer Service & Communication,Agent Professionalism & Responsiveness,Helpful Support Experience
rvw-000469,google.com,Google Business Profile (ADESA Mercer),https://www.google.com/maps/reviews/data=!4m8!14m7!1m6!2m5!1sCi9DQUlRQUNvZENodHljRjlvT25vMWNVMU5Ua3RrZUhCeWMzTTBhbXhoTjJaQk0yYxAB!2m1!1s0x0:0x8ea38df8f0fd8db6!3m1!1s2@1:CAIQACodChtycF9oOno1cU1NTktkeHByc3M0amxhN2ZBM2c%7C%7C?hl=en,google_business_us_profile,Shane Nesbitt,2025-06-20,1,negative,First time there bought 5 cars 2 were green light cars upon delivery found bad transmission in one of them and they wouldn’t honor the Arbitration. Very disappointing!,"Vehicle Pickup, Delivery and Scheduling",Scheduled Pickup Status,Missed/ Delayed Pickup and Dispatch Window
rvw-000470,google.com,Google Business Profile (ADESA Nashville),https://www.google.com/maps/reviews/data=!4m8!14m7!1m6!2m5!1sCi9DQUlRQUNvZENodHljRjlvT2paSVlWQTJXbE0yY0dsNGNFaEJkVEpJUmxkd04xRRAB!2m1!1s0x0:0xd23aeb9d1365f256!3m1!1s2@1:CAIQACodChtycF9oOjZIYVA2WlM2cGl4cEhBdTJIRldwN1E%7C%7C?hl=en,google_business_us_profile,Ryan Hitchcock,2025-06-20,5,positive,I just sold my car to Carvana. Great experience. Very friendly Staff. I arrived at 1115 and left at 1130. Appt was 1130.,Customer Service & Communication,Agent Professionalism & Responsiveness,Helpful Support Experience
rvw-000471,google.com,Google Business Profile (ADESA Nashville),https://www.google.com/maps/reviews/data=!4m8!14m7!1m6!2m5!1sCi9DQUlRQUNvZENodHljRjlvT25BeE1HNTZiRlIxTFZZMkxWTnliRWRLZUVGU2NHYxAB!2m1!1s0x0:0xd23aeb9d1365f256!3m1!1s2@1:CAIQACodChtycF9oOnAxMG56bFR1LVY2LVNybEdKeEFScGc%7C%7C?hl=en,google_business_us_profile,Chris Crawford,2025-06-20,5,positive,"My Carvana drop off with Justin S was the least stressful thing I've done this week. Justin was friendly accommodating and pretty funny. The entire experience was enjoyable and only took a few minutes. The money was actually in my account before I fell asleep. As someone who worked in Customer Service for over 14 years including supervisory roles, employees like Justin are one in a million. Time for a raise.",Customer Service & Communication,Agent Professionalism & Responsiveness,Helpful Support Experience
rvw-000472,google.com,Google Business Profile (ADESA Orlando),https://www.google.com/maps/reviews/data=!4m8!14m7!1m6!2m5!1sCi9DQUlRQUNvZENodHljRjlvT20xQ1kwSlFZMVZwZDNWeFNsUXRjSFJqT1VkRmJrRRAB!2m1!1s0x0:0x2b5dc383485f1e3b!3m1!1s2@1:CAIQACodChtycF9oOm1CY0JQY1Vpd3VxSlQtcHRjOUdFbkE%7C%7C?hl=en,google_business_us_profile,Nuno Severino,2025-06-19,1,negative,"Make sure you take your gate pass because who ever works at the guard check doesn’t make an effort to look for it, too busy browsing on his on internet","Vehicle Pickup, Delivery and Scheduling",Pickup Order Management,Gate Pass Assistance
rvw-000071,apps.apple.com,"Apple App Store (1660253652, us)",https://itunes.apple.com/us/review?id=1660253652&type=Purple%20Software&reviewId=12794478653,apple_us_store,Dealer925,2025-06-19,1,negative,Worst app ever. Lost business over this app…,Account / Access / Login,Password Reset & Login Troubleshooting,App Login Troubleshooting
rvw-000473,google.com,Google Business Profile (ADESA Phoenix),https://www.google.com/maps/reviews/data=!4m8!14m7!1m6!2m5!1sCi9DQUlRQUNvZENodHljRjlvT25ZMVowOU5aRzFLY2xKMlNWTjBRekZuWm10U1VGRRAB!2m1!1s0x0:0x5e1b863ca8625930!3m1!1s2@1:CAIQACodChtycF9oOnY1Z09NZG1KclJ2SVN0QzFnZmtSUFE%7C%7C?hl=en,google_business_us_profile,Mario Marquez,2025-06-17,4,positive,"Their app is wonky sometimes it forsure needs an update, make sure to call ahead of time before you go if you don’t have a Gatepass, talk to security or the front office to find your Gatepass",Account / Access / Login,Password Reset & Login Troubleshooting,App Login Troubleshooting
rvw-000072,apps.apple.com,"Apple App Store (1660253652, us)",https://itunes.apple.com/us/review?id=1660253652&type=Purple%20Software&reviewId=12786923455,apple_us_store,Mhgembalski,2025-06-17,1,negative,This new app is terrible. Ridiculous,Account / Access / Login,Password Reset & Login Troubleshooting,App Login Troubleshooting
rvw-000073,play.google.com,Google Play (com.adesa.marketplace),https://play.google.com/store/apps/details?id=com.adesa.marketplace&hl=en&gl=us,google_play_us_store,Nick,2025-06-16,5,positive,return this app back for dealer block!!!,Account / Access / Login,Password Reset & Login Troubleshooting,App Login Troubleshooting
rvw-000074,apps.apple.com,"Apple App Store (1660253652, us)",https://itunes.apple.com/us/review?id=1660253652&type=Purple%20Software&reviewId=12783643698,apple_us_store,Kimchi7777,2025-06-16,1,negative,"Another victim of Minimalism. Bring back the old Adesa App. This app is everywhere, I don’t understand why you would get rid of the old app if all I needed was minor tweaks and it would’ve been fine.",Account / Access / Login,Password Reset & Login Troubleshooting,App Login Troubleshooting
rvw-000075,apps.apple.com,"Apple App Store (1660253652, us)",https://itunes.apple.com/us/review?id=1660253652&type=Purple%20Software&reviewId=12779423805,apple_us_store,Jack99$$$$,2025-06-15,1,negative,Terrible. Old app was much better. If it’s not broken don’t fix it.,Account / Access / Login,Password Reset & Login Troubleshooting,App Login Troubleshooting
rvw-000076,apps.apple.com,"Apple App Store (1660253652, us)",https://itunes.apple.com/us/review?id=1660253652&type=Purple%20Software&reviewId=12778100292,apple_us_store,SPStark09,2025-06-15,1,negative,The old app was way better. This app is the worse more difficult to manage and you can’t find the cars with this app there’s a lot things we loose the old app was way better,Account / Access / Login,Password Reset & Login Troubleshooting,App Login Troubleshooting
rvw-000221,birdeye.com,Birdeye (Birdeye),https://reviews.birdeye.com/adesa-cincinnati-dayton-149147997743249#review-3,birdeye_us_profile,Joan S.,2025-06-14,,positive,"I would rate Adesa Auto Body A + They were professional, pleasant and did an amazing job!",Customer Service & Communication,Agent Professionalism & Responsiveness,Helpful Support Experience
rvw-000077,apps.apple.com,"Apple App Store (1660253652, us)",https://itunes.apple.com/us/review?id=1660253652&type=Purple%20Software&reviewId=12775662955,apple_us_store,M7md987azzam,2025-06-14,1,negative,"GO BACK TO OLD APP!. Completely useless App, it doesn’t have anything!! You will lose more buyer with the new app, no watchlist no location finder, not enough sorting features makes it pain in a butt",Account / Access / Login,Password Reset & Login Troubleshooting,App Login Troubleshooting
rvw-000474,google.com,Google Business Profile (ADESA New Jersey),https://www.google.com/maps/reviews/data=!4m8!14m7!1m6!2m5!1sChZDSUhNMG9nS0VKV0gxcVBUOHJ1N1ZBEAE!2m1!1s0x0:0xd01acd06305ff6fb!3m1!1s2@1:CIHM0ogKEJWH1qPT8ru7VA%7C%7C?hl=en,google_business_us_profile,fritz pierre,2025-06-13,1,negative,"Wost experience ever we bought a car there when came to pickup the car we couldn't find it ,they move it to a different location.when we were finally find the vehicle the car was dead we can't take the vehicle home .just not acceptable .Be careful when doing business with this company.","Vehicle Pickup, Delivery and Scheduling",Scheduled Pickup Status,Missed/ Delayed Pickup and Dispatch Window
rvw-000475,google.com,Google Business Profile (ADESA New Jersey),https://www.google.com/maps/reviews/data=!4m8!14m7!1m6!2m5!1sCi9DQUlRQUNvZENodHljRjlvT2taWlMzaDRVMlp1VlZSRlNsRkpNRnBYWWxoVmMwRRAB!2m1!1s0x0:0xd01acd06305ff6fb!3m1!1s2@1:CAIQACodChtycF9oOkZZS3h4U2ZuVVRFSlFJMFpXYlhVc0E%7C%7C?hl=en,google_business_us_profile,gebrin elgerushi,2025-06-12,5,positive,Adesa has stepped it up in recent years. Competing heavily with manheim. Great arb process and transparent CRs. My rep Wilfredo Vady has been reachable anytime I call and actually gets things done. Wilfredo has made my experience in the last month extremely pleasant and has outperformed any rep I’ve had in any other auction,Membership / Licensing / Fees & Bidding Policies,"Bidding Process, Rules and Fees",How to Bid (First Time)
rvw-000078,apps.apple.com,"Apple App Store (1660253652, us)",https://itunes.apple.com/us/review?id=1660253652&type=Purple%20Software&reviewId=12767714022,apple_us_store,DBT77,2025-06-12,1,negative,Awful. I wish I could give it zero stars. By far the worst auction app ever!! The old app was bad but somehow they actually made one even worse.,Account / Access / Login,Password Reset & Login Troubleshooting,App Login Troubleshooting
rvw-000079,apps.apple.com,"Apple App Store (1660253652, us)",https://itunes.apple.com/us/review?id=1660253652&type=Purple%20Software&reviewId=12765389415,apple_us_store,Mclovin0019,2025-06-12,1,negative,Go back to the original app. This app is all messed up👎🏼👎🏼👎🏼👎🏼👎🏼👎🏼👎🏼👎🏼👎🏼👎🏼,Account / Access / Login,Password Reset & Login Troubleshooting,App Login Troubleshooting
rvw-000171,reddit.com,Reddit r/carflipping,https://www.reddit.com/r/carflipping/comments/1l8sn18/is_wholesaling_still_worth_it_southern_california/,mixed_source_ok,SpicyWiener_,2025-06-11,,positive,"Is wholesaling still worth it? (Southern California) Hi everybody, I'm looking to get into wholesaling cars on the side (and hopefully eventually leverage that into a full time gig if possible). I have family in the car business right (uncles own car dealerships) now and worked in the car business as a salesman for a couple years before I went to college. I know dealers have people who dedicate all their time to buying cars from auctions and I'm just wondering how people who only wholesale are actually getting dealers to buy their cars from them? Are there other avenues to sell cars that don't involve opening up a full blown dealership? Are there ways to arbitrage like buying a car from Mannheim/adesa and selling it at a public auction/copart? Or am I just better off trying to buy cars private party or from public auctions and sell them to the public? I don't have a dealer license yet. I was thinking of buying from brokers at first. Thanks in advance for any replies!",Membership / Licensing / Fees & Bidding Policies,Auction Eligibility & Licensing,Unable to Bid
rvw-000844,google.com,Google Business Profile (ADESA Salt Lake),https://www.google.com/maps/reviews/data=!4m8!14m7!1m6!2m5!1sChZDSUhNMG9nS0VKN2h2UDdSX3ZUckx3EAE!2m1!1s0x0:0x4f1eae3fc675601b!3m1!1s2@1:CIHM0ogKEJ7hvP7R_vTrLw%7C%7C?hl=en,google_business_us_profile,Justin Weekes,2025-06-11,1,negative,Worst Auction ever. I will never do business with them again!,Membership / Licensing / Fees & Bidding Policies,"Bidding Process, Rules and Fees",Fees
rvw-000080,apps.apple.com,"Apple App Store (1660253652, us)",https://itunes.apple.com/us/review?id=1660253652&type=Purple%20Software&reviewId=12763937708,apple_us_store,Игрок123987,2025-06-11,1,negative,"There is no normal sorting. The old app had the ability to conveniently sort by lines and numbers. Also, you can't find a car at a location here. I can't see my notes when I open the car and I need to open the notes tab separately. To see photos of damage, I need to scroll to the very end of the list.","Lot Condition, Listing Status and related",Lot Condition Reporting,Lot Damage
rvw-000081,apps.apple.com,"Apple App Store (1660253652, us)",https://itunes.apple.com/us/review?id=1660253652&type=Purple%20Software&reviewId=12758096933,apple_us_store,Johnny’s tow,2025-06-10,1,negative,Old app was better for in person auction. There should be option to use both apps,Account / Access / Login,Password Reset & Login Troubleshooting,App Login Troubleshooting
rvw-000082,apps.apple.com,"Apple App Store (1660253652, us)",https://itunes.apple.com/us/review?id=1660253652&type=Purple%20Software&reviewId=12754935205,apple_us_store,Cash4rvs,2025-06-09,1,negative,"Adesa clear. Terrible , Can not get into live sales , or search inventory of rvs or boats at any location . Great job at forcing buyers away .","Lot Condition, Listing Status and related",Listing Status,Selling/ Relisting vehicle or Parts purchase
rvw-000476,google.com,Google Business Profile (ADESA Houston),https://www.google.com/maps/reviews/data=!4m8!14m7!1m6!2m5!1sCi9DQUlRQUNvZENodHljRjlvT21neVFqVjViR2xxY20wemVWSkJPV0Y2U1V0Q1ZsRRAB!2m1!1s0x0:0x6694235793d530dc!3m1!1s2@1:CAIQACodChtycF9oOmgyQjV5bGlqcm0zeVJBOWF6SUtCVlE%7C%7C?hl=en,google_business_us_profile,Melissa Franklin,2025-06-07,5,positive,"ADESA Houston is the best dealer auction I’ve been to. The staff in every department are the most friendliest at any dealer auction. They get you out the gate with your purchase(s) in record time. They have a system from the time you get there until you leave, and that system runs perfectly!",Customer Service & Communication,Agent Professionalism & Responsiveness,Helpful Support Experience
rvw-000477,google.com,Google Business Profile (ADESA Birmingham),https://www.google.com/maps/reviews/data=!4m8!14m7!1m6!2m5!1sChZDSUhNMG9nS0VQSHZrX1dhaXZlOVhnEAE!2m1!1s0x0:0xf16f6e5c92888c0f!3m1!1s2@1:CIHM0ogKEPHvk_Waive9Xg%7C%7C?hl=en,google_business_us_profile,LIBERTY AUTO SALES,2025-06-06,1,negative,Watch out for auctioneer in Adesa Birmingham they very dishonest they trick you when you bet online. They trap you to add more like there is another in lane bitter when is none they just do that to keep you betting. And arbitration is with them. WATCH OUT AND DO NOT DO PROXY BET WITH THEM,Membership / Licensing / Fees & Bidding Policies,"Bidding Process, Rules and Fees",Fees
rvw-000478,google.com,Google Business Profile (ADESA Tampa),https://www.google.com/maps/reviews/data=!4m8!14m7!1m6!2m5!1sChdDSUhNMG9nS0VKVEx2WjdyMnBmUmd3RRAB!2m1!1s0x0:0x2d3addad274be2eb!3m1!1s2@1:CIHM0ogKEJTLvZ7r2pfRgwE%7C%7C?hl=en,google_business_us_profile,TowGoat Whitmore,2025-06-06,5,positive,This facility is dirty and not much pride held I. The staff besides the Guard Shack I can’t remember the lady name but she is the only reason I stick with this Auction she is amazing know’s the property in and out and never short with you that guard shack lady should be the trainer for the entire Auction 🤣,Customer Service & Communication,Agent Professionalism & Responsiveness,Helpful Support Experience
rvw-000845,google.com,Google Business Profile (ADESA Tampa),https://www.google.com/maps/reviews/data=!4m8!14m7!1m6!2m5!1sChdDSUhNMG9nS0VKVEx2WjdyMnBmUmd3RRAB!2m1!1s0x0:0x2d3addad274be2eb!3m1!1s2@1:CIHM0ogKEJTLvZ7r2pfRgwE%7C%7C?hl=en,google_business_us_profile,TowGoat,2025-06-06,5,positive,This facility is dirty and not much pride held I. The staff besides the Guard Shack I can’t remember the lady name but she is the only reason I stick with this Auction she is amazing know’s the property in and out and never short with you that guard shack lady should be the trainer for the entire Auction 🤣,Customer Service & Communication,Agent Professionalism & Responsiveness,Helpful Support Experience
rvw-000083,apps.apple.com,"Apple App Store (1660253652, us)",https://itunes.apple.com/us/review?id=1660253652&type=Purple%20Software&reviewId=12743857501,apple_us_store,g89221,2025-06-06,1,negative,"Terrible. Old app was way better. Lack of features, pushes Adesa clear, much harder to find in lane inventory","Lot Condition, Listing Status and related",Listing Status,Selling/ Relisting vehicle or Parts purchase
rvw-000084,apps.apple.com,"Apple App Store (1660253652, us)",https://itunes.apple.com/us/review?id=1660253652&type=Purple%20Software&reviewId=12743359277,apple_us_store,Deno778,2025-06-06,1,negative,Bad. This app is terrible I probably won’t even use ADESA anymore this app is so bad,Account / Access / Login,Password Reset & Login Troubleshooting,App Login Troubleshooting
rvw-000085,apps.apple.com,"Apple App Store (1660253652, us)",https://itunes.apple.com/us/review?id=1660253652&type=Purple%20Software&reviewId=12742623451,apple_us_store,Don Pubert,2025-06-06,1,negative,"TERRIBLE APP. “If it ain’t broke don’t fix it” would apply here. The old app was light years better than this one, it was accessible, simple, and easy. This app is a sorry excuse for a company as big as ADESA. Were you bored so you just decided to ruin an app? What was the point?!",Account / Access / Login,Password Reset & Login Troubleshooting,App Login Troubleshooting
rvw-000172,apps.apple.com,"Apple App Store (1660253652, us)",https://apps.apple.com/us/app/id1660253652?see-all=reviews&platform=iphone&reviewId=12741250263,apple_us_store,2bad4me,2025-06-06,1,negative,Great way to lose some more buyers. In todays world of various platforms to purchase vehicles you would think Adesa would make it as easy as possible to search vehicles at each sale. You flip the switch to a new platform without giving us an option and allow us to voice our complaints and issues prior to switching it over. Instead you force a switch on June 2nd and make us try and figure it out. Can’t wait to see how well that works out for you. I now have to search each lane individually on new app and the picture is smaller then my Grandmas 1960 Polaroid would take. Ridiculous and disappointing guys !!!!,Account / Access / Login,Password Reset & Login Troubleshooting,App Login Troubleshooting
rvw-000086,apps.apple.com,"Apple App Store (1660253652, us)",https://itunes.apple.com/us/review?id=1660253652&type=Purple%20Software&reviewId=12741250263,apple_us_store,2bad4me,2025-06-05,1,negative,Great way to lose some more buyers. In todays world of various platforms to purchase vehicles you would think Adesa would make it as easy as possible to search vehicles at each sale. You flip the switch to a new platform without giving us an option and allow us to voice our complaints and issues prior to switching it over. Instead you force a switch on June 2nd and make us try and figure it out. Can’t wait to see how well that works out for you. I now have to search each lane individually on new app and the picture is smaller then my Grandmas 1960 Polaroid would take. Ridiculous and disappointing guys !!!!,Account / Access / Login,Password Reset & Login Troubleshooting,App Login Troubleshooting
rvw-000087,apps.apple.com,"Apple App Store (1660253652, us)",https://itunes.apple.com/us/review?id=1660253652&type=Purple%20Software&reviewId=12740582592,apple_us_store,k2trail,2025-06-05,1,negative,Terrible App. Now that I am forced to use the Adesa Clear app I don’t think I will be able to continue doing business with Adesa.,Account / Access / Login,Password Reset & Login Troubleshooting,App Login Troubleshooting
rvw-000088,apps.apple.com,"Apple App Store (1660253652, us)",https://itunes.apple.com/us/review?id=1660253652&type=Purple%20Software&reviewId=12739481486,apple_us_store,alexshmit1,2025-06-05,1,negative,"WE NEED OLD APP BACK. In this app possible to see only ADESA clear vehicles, not possible to check regular ADESA vehicles running through simulcast. They removed good old app, now it’s not possible to bid online through phone, now we must do it through desktop version on computer. Horrible!!!",Account / Access / Login,Password Reset & Login Troubleshooting,App Login Troubleshooting
rvw-000089,apps.apple.com,"Apple App Store (1660253652, us)",https://itunes.apple.com/us/review?id=1660253652&type=Purple%20Software&reviewId=12738330761,apple_us_store,uncle boogie,2025-06-05,1,negative,WTFF!. King Kar what in the Flying $&@# are you guys thinking??? Seriously??? The solution is in the name “Adesa Clear” Clear/delete/terminate/abort/retreat/ remove/release/ END THIS ENTIRE ADESA CLEAR HOT TRASH app and return to the perfectly fine previous app and check to make sure whoever’s idea this was is tested for crack use weekly. Thanks in advance.,Account / Access / Login,Password Reset & Login Troubleshooting,App Login Troubleshooting
rvw-000090,apps.apple.com,"Apple App Store (1660253652, us)",https://itunes.apple.com/us/review?id=1660253652&type=Purple%20Software&reviewId=12737553958,apple_us_store,400Frank,2025-06-04,1,negative,"This app is garbage. This app is extremely confusing I literally cannot figure this thing out The old app was way better, easier for us dealers to work with. You guys should definitely go back to the other app I can’t even see the run list for Thursday’s sale",Account / Access / Login,Password Reset & Login Troubleshooting,App Login Troubleshooting
rvw-000091,apps.apple.com,"Apple App Store (903860668, us)",https://itunes.apple.com/us/review?id=903860668&type=Purple%20Software&reviewId=12735811229,apple_us_store,Carman7700,2025-06-04,5,positive,I am seeing all bad reviews fro the new app. Please don’t take this one away. Everyone is complaining how awful the new app is. I want to kept this old one because everyone says it’s better. Why did you make a new adesa clear app and it be worse than this app? I don’t understand. I’ve been with adesa since 1989.,Account / Access / Login,Password Reset & Login Troubleshooting,App Login Troubleshooting
rvw-000173,apps.apple.com,"Apple App Store (903860668, us)",https://apps.apple.com/us/app/id903860668?see-all=reviews&platform=iphone&reviewId=12735811229,apple_us_store,Carman7700,2025-06-04,5,positive,I am seeing all bad reviews fro the new app. Please don’t take this one away. Everyone is complaining how awful the new app is. I want to kept this old one because everyone says it’s better. Why did you make a new adesa clear app and it be worse than this app? I don’t understand. I’ve been with adesa since 1989,Account / Access / Login,Password Reset & Login Troubleshooting,App Login Troubleshooting
rvw-000092,apps.apple.com,"Apple App Store (1660253652, us)",https://itunes.apple.com/us/review?id=1660253652&type=Purple%20Software&reviewId=12729875937,apple_us_store,MRLalo,2025-06-02,1,negative,Needs a lot of work. This app needs a lot of work and it’s far away from the old version. Sorting by lane or make and model is not even available as of today just to name a few of the things this app needs.,Account / Access / Login,Password Reset & Login Troubleshooting,App Login Troubleshooting
rvw-000479,google.com,Google Business Profile (ADESA Phoenix),https://www.google.com/maps/reviews/data=!4m8!14m7!1m6!2m5!1sChZDSUhNMG9nS0VKYUNnSUNfbFAyTEtBEAE!2m1!1s0x0:0x5e1b863ca8625930!3m1!1s2@1:CIHM0ogKEJaCgIC_lP2LKA%7C%7C?hl=en,google_business_us_profile,Cynthia “Cyndi” Jensen,2025-06-01,4,positive,It was very informative on area n location . ADESA is Chandler's car auction .,Membership / Licensing / Fees & Bidding Policies,"Bidding Process, Rules and Fees",How to Bid (First Time)
rvw-000480,google.com,Google Business Profile (ADESA Dallas),https://www.google.com/maps/reviews/data=!4m8!14m7!1m6!2m5!1sChdDSUhNMG9nS0VLN3h5Wldra19DRnVRRRAB!2m1!1s0x0:0x6a47ae2265c7925d!3m1!1s2@1:CIHM0ogKEK7xyZWkk_CFuQE%7C%7C?hl=en,google_business_us_profile,Justin Bohall,2025-05-30,5,positive,Best auction I've been to so far.,Membership / Licensing / Fees & Bidding Policies,"Bidding Process, Rules and Fees",How to Bid (First Time)
rvw-000093,apps.apple.com,"Apple App Store (1660253652, us)",https://itunes.apple.com/us/review?id=1660253652&type=Purple%20Software&reviewId=12709763814,apple_us_store,Trx Hellcat,2025-05-28,1,negative,"Pure GARBINO. Go back to the old one if you’re not going to make it better? Cant view my watch list like before i have to go and individually hit every lane just to see the units I’m interested in. Cant wait to see about bidding with this , you guys need a better product owner to get this app together i have one to recommend if needed. Fix or you will lose alot of dealers to other auction houses if you haven’t already.",Account / Access / Login,Password Reset & Login Troubleshooting,App Login Troubleshooting
rvw-000094,apps.apple.com,"Apple App Store (1660253652, us)",https://itunes.apple.com/us/review?id=1660253652&type=Purple%20Software&reviewId=12708581155,apple_us_store,Not right info,2025-05-28,1,negative,Inaccurate info. I bided on a car to buy and the app says that the info provided is accurate but when I look at the vehicle in person there was lots of different problems that was not listed,"Lot Condition, Listing Status and related",Listing Status,Selling/ Relisting vehicle or Parts purchase
rvw-000095,apps.apple.com,"Apple App Store (1660253652, us)",https://itunes.apple.com/us/review?id=1660253652&type=Purple%20Software&reviewId=12704949016,apple_us_store,pay more attention,2025-05-27,1,negative,If it’s not broken don’t fix it!. We have been using the same app for as long as I can remember? Why change it now ? It work perfectly fine on our end and has great features.,Account / Access / Login,Password Reset & Login Troubleshooting,App Login Troubleshooting
rvw-000096,apps.apple.com,"Apple App Store (1660253652, us)",https://itunes.apple.com/us/review?id=1660253652&type=Purple%20Software&reviewId=12698221540,apple_us_store,dzlddy,2025-05-25,1,negative,"This app is BUNS. This app is straight dogwater, no organization, pitiful app to go to from the old app. Not to mention, non app specific issues, but there are some shady tactics at adesa where you can be high bidder at live auction yet they somehow sell unit to a lower bidder than you.. Make it make sense, shady auctioneers at adesa, Jacksonville specifically.",Account / Access / Login,Password Reset & Login Troubleshooting,App Login Troubleshooting
rvw-000097,apps.apple.com,"Apple App Store (903860668, us)",https://itunes.apple.com/us/review?id=903860668&type=Purple%20Software&reviewId=12690844635,apple_us_store,RealMatiFox,2025-05-23,5,positive,Needs MMR. It could be perfect 5 stars if the app has MMR like Manheim app,Account / Access / Login,Password Reset & Login Troubleshooting,App Login Troubleshooting
rvw-000098,apps.apple.com,"Apple App Store (1660253652, us)",https://itunes.apple.com/us/review?id=1660253652&type=Purple%20Software&reviewId=12676089165,apple_us_store,ahmadsow,2025-05-19,1,negative,"Not way they are switching to this app. Horrible they are discontinuing the other app and this app is just frustrating, I can’t even look by lane number",Account / Access / Login,Password Reset & Login Troubleshooting,App Login Troubleshooting
rvw-000481,google.com,Google Business Profile (ADESA Concord),https://www.google.com/maps/reviews/data=!4m8!14m7!1m6!2m5!1sChdDSUhNMG9nS0VQVGJxN3JRcmZQbHdRRRAB!2m1!1s0x0:0x657d5707422ca21!3m1!1s2@1:CIHM0ogKEPTbq7rQrfPlwQE%7C%7C?hl=en,google_business_us_profile,Kani,2025-05-16,5,positive,Chris from arbitration really very professional. He answered my calls and gave me information about my car. I believe that employees like Chris will make a great contribution to his company at adresa. Thank you again Chris,Customer Service & Communication,Agent Professionalism & Responsiveness,Helpful Support Experience
rvw-000482,google.com,Google Business Profile (ADESA Long Island),https://www.google.com/maps/reviews/data=!4m8!14m7!1m6!2m5!1sChdDSUhNMG9nS0VQemlqYnZONmMtZDlnRRAB!2m1!1s0x0:0xca83be42a09d5522!3m1!1s2@1:CIHM0ogKEPzijbvN6c-d9gE%7C%7C?hl=en,google_business_us_profile,Stephen Uygar Gumus,2025-05-15,5,positive,Top Adesa location on northeast America. Manager MR.CASTLE & GM MR.NİXON is really helpfull. Everyone in this place is friendly is nice. From office workers to sales guys… Bought thousands of cars over the years and i highly reccomend this place. Good to do Business with them.,Customer Service & Communication,Agent Professionalism & Responsiveness,Helpful Support Experience
rvw-000483,google.com,Google Business Profile (ADESA Syracuse),https://www.google.com/maps/reviews/data=!4m8!14m7!1m6!2m5!1sChdDSUhNMG9nS0VLNzZ6NW5iaHJxdDBnRRAB!2m1!1s0x0:0x1dbcb81ab39fdeec!3m1!1s2@1:CIHM0ogKEK76z5nbhrqt0gE%7C%7C?hl=en,google_business_us_profile,Peter Charles,2025-05-13,4,positive,Used car auction is very busy and fast paced.,Membership / Licensing / Fees & Bidding Policies,"Bidding Process, Rules and Fees",How to Bid (First Time)
rvw-000484,google.com,Google Business Profile (ADESA Sacramento),https://www.google.com/maps/reviews/data=!4m8!14m7!1m6!2m5!1sChZDSUhNMG9nS0VOeUh5TW5qdFotQmRREAE!2m1!1s0x0:0x6faa40eb8e88ad45!3m1!1s2@1:CIHM0ogKENyHyMnjtZ-BdQ%7C%7C?hl=en,google_business_us_profile,Bella' Rivers,2025-05-10,5,positive,Great place good customer service and great inventory something new all the time good/bad/ok,Customer Service & Communication,Agent Professionalism & Responsiveness,Helpful Support Experience
rvw-000846,google.com,Google Business Profile (ADESA Chicago),https://www.google.com/maps/reviews/data=!4m8!14m7!1m6!2m5!1sChZDSUhNMG9nS0VJQ2IyLVhka3BIUGRREAE!2m1!1s0x0:0x29cf546c41c2f6ff!3m1!1s2@1:CIHM0ogKEICb2-XdkpHPdQ%7C%7C?hl=en,google_business_us_profile,Shaheer Muhammad,2025-05-06,1,negative,0 stars. Poor customer service. Charging storage fees without informing on a car that was supposed to be ran at the auction. Will never do business with this facility ever again. Nerry is highly unprofessional and super rude.,Customer Service & Communication,Agent Professionalism & Responsiveness,Rude/Unhelpful Support
rvw-000485,google.com,Google Business Profile (ADESA Austin),https://www.google.com/maps/reviews/data=!4m8!14m7!1m6!2m5!1sChdDSUhNMG9nS0VJQ0FnTUNZdWZxLXhnRRAB!2m1!1s0x0:0xc700487a78e37d52!3m1!1s2@1:CIHM0ogKEICAgMCYufq-xgE%7C%7C?hl=en,google_business_us_profile,Sarah A.,2025-05-05,1,negative,Giving 1 star review as well because the towing guy hit on me and asked me for my number while he was picking up my vehicle. I've been calling since last week and no one answers the phone or returns your voicemail ;( .. Please I just have questions. My phone call would only take 3 minutes.,Customer Service & Communication,Agent Professionalism & Responsiveness,Rude/Unhelpful Support
rvw-000486,google.com,Google Business Profile (ADESA Phoenix),https://www.google.com/maps/reviews/data=!4m8!14m7!1m6!2m5!1sChdDSUhNMG9nS0VJQ0FnTUNZNHFlYnBRRRAB!2m1!1s0x0:0x5e1b863ca8625930!3m1!1s2@1:CIHM0ogKEICAgMCY4qebpQE%7C%7C?hl=en,google_business_us_profile,MICHAEL BEAVER,2025-05-02,1,negative,"As a transporter, I hate coming to this auction. Most of the cars either have electrical or mechanical issues and almost every time I end up not picking up the car I've come to get because it will not start or move. There is rarely any help and they close early on Fridays. This place is worse than IAA.","Vehicle Pickup, Delivery and Scheduling",Scheduled Pickup Status,Missed/ Delayed Pickup and Dispatch Window
rvw-000201,birdeye.com,Birdeye (Birdeye),https://reviews.birdeye.com/adesa-cincinnati-dayton-149147997743249#review-3,birdeye_us_profile,Joan S.,2025-05-02,,positive,"I would rate Adesa Auto Body A + They were professional, pleasant and did an amazing job!",Customer Service & Communication,Agent Professionalism & Responsiveness,Helpful Support Experience
rvw-000847,apps.apple.com,"Apple App Store (1660253652, us)",https://apps.apple.com/us/app/id1660253652?see-all=reviews&platform=iphone&reviewId=12609013121,apple_us_store,mckaw71,2025-05-02,1,negative,"Dei at its finest. The app is just as bad as the website. Pics got smaller. Can’t see em on my phone unless I click on it. Hard to find the run numbers. Just to find out where the run lists are takes time. Got all this room in the menu, put in a short cut for run lists. No more marketbook or sales history apparently. That’s neat. Can’t go through the run lists after the sale to see sold prices or what sold/didnt sell. Make pics big, run numbers big, year and mileage big, and auto grade big. Make it look like you tried I guess",Account / Access / Login,Password Reset & Login Troubleshooting,App Login Troubleshooting
rvw-000099,apps.apple.com,"Apple App Store (1660253652, us)",https://itunes.apple.com/us/review?id=1660253652&type=Purple%20Software&reviewId=12609013121,apple_us_store,mckaw71,2025-05-01,1,negative,"Dei at its finest. The app is just as bad as the website. Pics got smaller. Can’t see em on my phone unless I click on it. Hard to find the run numbers. Just to find out where the run lists are takes time. Got all this room in the menu, put in a short cut for run lists. No more marketbook or sales history apparently. That’s neat. Can’t go through the run lists after the sale to see sold prices or what sold/didnt sell. Make pics big, run numbers big, year and mileage big, and auto grade big. Make it look like you tried I guess",Account / Access / Login,Password Reset & Login Troubleshooting,App Login Troubleshooting
rvw-000100,apps.apple.com,"Apple App Store (903860668, us)",https://itunes.apple.com/us/review?id=903860668&type=Purple%20Software&reviewId=12606364986,apple_us_store,uncle boogie,2025-05-01,5,positive,"Mobile app smoothnes. Not sure why but the adesa mobile app just cruises through all tabs of the app and into simulcast mode smoother than a 2001 Lincoln town car on the highway compared to the multi misfiring manheim app that delays,and sometimes freezes freezes while bidding(lost a couple bids thank you) as if lits using dialup technology! Surprised it doesn’t come with the traditional fax machine transmitting noise. Great job adesa mobile app👍🏽","Vehicle Pickup, Delivery and Scheduling",Tow and Storage Charges,Tow and Storage Fees
rvw-000487,google.com,Google Business Profile (ADESA Boston),https://www.google.com/maps/reviews/data=!4m8!14m7!1m6!2m5!1sChdDSUhNMG9nS0VJQ0FnTUNZeVAtVjh3RRAB!2m1!1s0x0:0x159ea0564a37c95b!3m1!1s2@1:CIHM0ogKEICAgMCYyP-V8wE%7C%7C?hl=en,google_business_us_profile,Dmitry Harbacheuski,2025-04-30,1,negative,STAY WITH MANHEIM 700 $ FEE AND NO SERVICE,Membership / Licensing / Fees & Bidding Policies,"Bidding Process, Rules and Fees",Fees
rvw-000101,apps.apple.com,"Apple App Store (903860668, us)",https://itunes.apple.com/us/review?id=903860668&type=Purple%20Software&reviewId=12604085148,apple_us_store,Kvucc,2025-04-30,2,negative,Transport fees. I check ACH transportation fee. Then you send me a bill and also ACH me. Need to get the bugs out,Membership / Licensing / Fees & Bidding Policies,"Bidding Process, Rules and Fees",Fees
rvw-000488,google.com,Google Business Profile (ADESA Mercer),https://www.google.com/maps/reviews/data=!4m8!14m7!1m6!2m5!1sChdDSUhNMG9nS0VJQ0FnTURvLTVHNDdnRRAB!2m1!1s0x0:0x8ea38df8f0fd8db6!3m1!1s2@1:CIHM0ogKEICAgMDo-5G47gE%7C%7C?hl=en,google_business_us_profile,David Graham,2025-04-29,5,positive,Staff is great...fees are high but they are everywhere,Customer Service & Communication,Agent Professionalism & Responsiveness,Helpful Support Experience
rvw-000174,reddit.com,Reddit r/regina,https://www.reddit.com/r/regina/comments/1k9mhxn/adesa_private_guys/,mixed_source_ok,Top-Shoulder-1086,2025-04-28,,negative,"ADESA private guys? Hello. Wife needs a new (to her) vehicle, and just wondering if anyone knows of a private contact who can purchase from an ADESA auction here. I was given the name of a buyer in Saskatoon years ago, who would send you info on the vehicles and then purchase them for a nominal fee. But again that was years ago. Just wondering if anyone has a contact who could do that here that I could touch base with.",Customer Service & Communication,Agent Professionalism & Responsiveness,Rude/Unhelpful Support
rvw-000222,reddit.com,Reddit r/regina,https://www.reddit.com/r/regina/comments/1k9mhxn/adesa_private_guys/,mixed_source_ok,Top-Shoulder-1086,2025-04-28,,negative,"ADESA private guys? Hello. Wife needs a new (to her) vehicle, and just wondering if anyone knows of a private contact who can purchase from an ADESA auction here. I was given the name of a buyer in Saskatoon years ago, who would send you info on the vehicles and then purchase them for a nominal fee. But again that was years ago. Just wondering if anyone has a contact who could so that here that I could touch base with.",Customer Service & Communication,Agent Professionalism & Responsiveness,Rude/Unhelpful Support
rvw-000489,google.com,Google Business Profile (ADESA Tampa),https://www.google.com/maps/reviews/data=!4m8!14m7!1m6!2m5!1sChZDSUhNMG9nS0VJQ0FnTURveThPMUNnEAE!2m1!1s0x0:0x2d3addad274be2eb!3m1!1s2@1:CIHM0ogKEICAgMDoy8O1Cg%7C%7C?hl=en,google_business_us_profile,Pedro Alarcon,2025-04-28,5,positive,Good place for licensed dealers to purchase quality vehicles from.,Membership / Licensing / Fees & Bidding Policies,"Bidding Process, Rules and Fees",How to Bid (First Time)
rvw-000490,google.com,Google Business Profile (ADESA Jacksonville),https://www.google.com/maps/reviews/data=!4m8!14m7!1m6!2m5!1sChdDSUhNMG9nS0VJQ0FnTURvOWM3VzRRRRAB!2m1!1s0x0:0x75945523880f8c83!3m1!1s2@1:CIHM0ogKEICAgMDo9c7W4QE%7C%7C?hl=en,google_business_us_profile,Zaragwa Interface,2025-04-27,4,positive,Interesting experience at ADESA Jacksonville. Very organized auto auction. I like the idea of the run way where you can put some load on the acceleration and braking of any car that’s running in the lot.,Account / Access / Login,Password Reset & Login Troubleshooting,App Login Troubleshooting
rvw-000491,google.com,Google Business Profile (ADESA St. Louis),https://www.google.com/maps/reviews/data=!4m8!14m7!1m6!2m5!1sChZDSUhNMG9nS0VJQ0FnTURvamN5c1ZnEAE!2m1!1s0x0:0x711708aed841f53!3m1!1s2@1:CIHM0ogKEICAgMDojcysVg%7C%7C?hl=en,google_business_us_profile,Joe Standford,2025-04-27,1,negative,Worst auto auction company in the business,Membership / Licensing / Fees & Bidding Policies,"Bidding Process, Rules and Fees",Fees
rvw-000175,birdeye.com,Birdeye (Birdeye),https://reviews.birdeye.com/adesa-cincinnati-dayton-149147997743249#review-3,birdeye_us_profile,Joan S.,2025-04-26,,positive,"I would rate Adesa Auto Body A + They were professional, pleasant and did an amazing job!",Customer Service & Communication,Agent Professionalism & Responsiveness,Helpful Support Experience
rvw-000492,google.com,Google Business Profile (ADESA Los Angeles),https://www.google.com/maps/reviews/data=!4m8!14m7!1m6!2m5!1sChZDSUhNMG9nS0VJQ0FnTURvN3FQZFlBEAE!2m1!1s0x0:0x65b0cf8a3592e7e!3m1!1s2@1:CIHM0ogKEICAgMDo7qPdYA%7C%7C?hl=en,google_business_us_profile,Gerardo Molina,2025-04-25,5,positive,"Everytime I go here there’s a worker named Lorenzo, Coolest most helpful worker there. He needs a raise",Customer Service & Communication,Agent Professionalism & Responsiveness,Helpful Support Experience
rvw-000202,play.google.com,Google Play (com.adesa.marketplace),https://play.google.com/store/apps/details?id=com.adesa.marketplace&hl=en&gl=us,google_play_us_store,Roland Royce,2025-04-24,1,negative,fees fees everywhere and TOO HIGH FEES!,Membership / Licensing / Fees & Bidding Policies,"Bidding Process, Rules and Fees",Fees
rvw-000102,play.google.com,Google Play (com.adesa.marketplace),https://play.google.com/store/apps/details?id=com.adesa.marketplace&hl=en&gl=us,google_play_us_store,Roland Royce,2025-04-23,1,negative,fees fees everywhere and TOO HIGH FEES!,Membership / Licensing / Fees & Bidding Policies,"Bidding Process, Rules and Fees",Fees
rvw-000103,play.google.com,Google Play (com.adesa.marketplace),https://play.google.com/store/apps/details?id=com.adesa.marketplace&hl=en&gl=us,google_play_us_store,Derrick Mckeehan,2025-04-23,5,positive,"Newer version has less bugs, works better a must for a Adesa buyer!",Account / Access / Login,Password Reset & Login Troubleshooting,App Login Troubleshooting
rvw-000104,apps.apple.com,"Apple App Store (903860668, us)",https://itunes.apple.com/us/review?id=903860668&type=Purple%20Software&reviewId=12573979331,apple_us_store,Elliottshams,2025-04-22,1,negative,add notifications for IOS. App is okay but to be more competitive they need to provide the notifications of the watchlist being on the auction block,Account / Access / Login,Password Reset & Login Troubleshooting,App Login Troubleshooting
rvw-000493,google.com,Google Business Profile (ADESA Flint),https://www.google.com/maps/reviews/data=!4m8!14m7!1m6!2m5!1sChdDSUhNMG9nS0VJQ0FnTUNvNjdpQl9RRRAB!2m1!1s0x0:0xc67e3588b4be2a48!3m1!1s2@1:CIHM0ogKEICAgMCo67iB_QE%7C%7C?hl=en,google_business_us_profile,Fouad El,2025-04-20,1,negative,"Hello Dealers, be aware of this Adesa Flint, they are rude, and they will not stand by their cars, no one knows what they're doing, their inspection is all BS, don't waste your $$$ on PSI, especially if the car has a structural issue, it will pass there.",Customer Service & Communication,Agent Professionalism & Responsiveness,Rude/Unhelpful Support
rvw-000494,google.com,Google Business Profile (ADESA Little Rock),https://www.google.com/maps/reviews/data=!4m8!14m7!1m6!2m5!1sChZDSUhNMG9nS0VJQ0FnTUNvczVLdFRBEAE!2m1!1s0x0:0xcec0b47c0d486762!3m1!1s2@1:CIHM0ogKEICAgMCos5KtTA%7C%7C?hl=en,google_business_us_profile,Jamie Couch,2025-04-19,5,positive,Got in picked up trailer and left very good directions to where it was at and lady at front was awesome took my paperwork and got me on the road very problem free,"Vehicle Pickup, Delivery and Scheduling",Scheduled Pickup Status,Pickup Hours and Cutoff
rvw-000495,google.com,Google Business Profile (ADESA Sacramento),https://www.google.com/maps/reviews/data=!4m8!14m7!1m6!2m5!1sChZDSUhNMG9nS0VJQ0FnTUNvb2ZpQ0RREAE!2m1!1s0x0:0x6faa40eb8e88ad45!3m1!1s2@1:CIHM0ogKEICAgMCoofiCDQ%7C%7C?hl=en,google_business_us_profile,Edward,2025-04-17,5,positive,ADESA Sacramento is great especially the staff they all work very hard and are friendly they go above and beyond at times to satisfy it’s customers I mean management on down Linda in titles works very hard and is proficient. Kevin in arbitration is very fair. Admin should be proud of themselves and their team. 💪🏼💪🏼💪🏼,Customer Service & Communication,Agent Professionalism & Responsiveness,Helpful Support Experience
rvw-000105,birdeye.com,Birdeye (Birdeye),https://reviews.birdeye.com/adesa-cincinnati-dayton-149147997743249#review-3,birdeye_us_profile,Joan S.,2025-04-17,,positive,"I would rate Adesa Auto Body A + They were professional, pleasant and did an amazing job!",Customer Service & Communication,Agent Professionalism & Responsiveness,Helpful Support Experience
rvw-000496,google.com,Google Business Profile (ADESA Cincinnati/Dayton),https://www.google.com/maps/reviews/data=!4m8!14m7!1m6!2m5!1sChZDSUhNMG9nS0VJQ0FnTUNvNG9HOE1BEAE!2m1!1s0x0:0x35280de626a14dbf!3m1!1s2@1:CIHM0ogKEICAgMCo4oG8MA%7C%7C?hl=en,google_business_us_profile,Brandon Dumford,2025-04-15,1,negative,Auctioneer stated it ran and drove and convinced me to bid higher on a 15 Chevy sonic went out to the car and the engine was blown. The assistant manager told me even though the auctioneer said that on camera he couldn’t do anything for me they kept my $500 deposit. I still have the key for the car so good luck trying to sell it now with no key.,Customer Service & Communication,Agent Professionalism & Responsiveness,Rude/Unhelpful Support
rvw-000848,google.com,Google Business Profile (ADESA Chicago),https://www.google.com/maps/reviews/data=!4m8!14m7!1m6!2m5!1sChdDSUhNMG9nS0VJQ0FnTURJcXZLRGt3RRAB!2m1!1s0x0:0x29cf546c41c2f6ff!3m1!1s2@1:CIHM0ogKEICAgMDIqvKDkwE%7C%7C?hl=en,google_business_us_profile,Michelle Punke,2025-04-08,5,positive,Very nice man I spoke with..and he's taken great care of my Dodge journey...making sure It's safe returns back to manitowoc WI...Not very happy however with Chrysler capital!!! And how seriously they ripping people off..charging high interest!! I given them so far 28 thousand dollars for a used car off a lot on January 19th 2022!!! 6 thousand dollars down and 475 dollars a month!! Add it up!! They took my car!! Told me my car and personal belongings was in manitowoc!!! Yesterday we called Chrysler capital up..for release they then told us my car was down in Chicago!! Not at all happy or pleased with Chrysler capital!!!!,"Lot Condition, Listing Status and related",Personal belongings/ items,Removal / Retrieval of items left in vehicle
rvw-000497,google.com,Google Business Profile (ADESA Indianapolis),https://www.google.com/maps/reviews/data=!4m8!14m7!1m6!2m5!1sChdDSUhNMG9nS0VJQ0FnTUNJcThMcjRBRRAB!2m1!1s0x0:0xc49440319567678d!3m1!1s2@1:CIHM0ogKEICAgMCIq8Lr4AE%7C%7C?hl=en,google_business_us_profile,Denise Swinson,2025-04-04,5,positive,Bought vehicle from auction. Great day!,Membership / Licensing / Fees & Bidding Policies,"Bidding Process, Rules and Fees",How to Bid (First Time)
rvw-000176,reddit.com,Reddit r/carflipping,https://www.reddit.com/r/carflipping/comments/1jq4yqw/buying_from_auctions_like_adesa/,mixed_source_ok,Intrepid-Produce-570,2025-04-03,,positive,"Buying from auctions like ADESA Hey all I’ve been buying and selling cars for a bit now all off of facebook,craigslist etc Im In bradenton-sarasota area in Florida would like to start buying vehicles from auctions. I heard not so many good things about auctions like copart so I wanted to buy from different auctions like maybe ADESA, which there is one near me, anybody know if there are any brokers like autobidmaster that can let you buy there? I dont know if autobidmaster will let you or not. But adesa seems like its different from copart you cant even see their cars if you dont have an account with access. Also have enough savings to probably get a dealers license and maybe get a very small office/shop to start so that is another possibility, but need some guidance as to what is enough to get started with a dealers license. Appreciate any possible help",Membership / Licensing / Fees & Bidding Policies,"Bidding Process, Rules and Fees",How to Bid (First Time)
rvw-000498,google.com,Google Business Profile (ADESA Washington D.C.),https://www.google.com/maps/reviews/data=!4m8!14m7!1m6!2m5!1sChZDSUhNMG9nS0VJQ0FnTUNJamFEa0hnEAE!2m1!1s0x0:0xdad802a3b6c7ae8a!3m1!1s2@1:CIHM0ogKEICAgMCIjaDkHg%7C%7C?hl=en,google_business_us_profile,63 Auto Inc,2025-04-03,1,negative,"i am dealing with adesa for over 10 years, recenlty notice staff is very rude, when ever i call they argue and make you feel like you are stupid and know nothing, customer service was very good when John was GM",Customer Service & Communication,Agent Professionalism & Responsiveness,Rude/Unhelpful Support
rvw-000106,apps.apple.com,"Apple App Store (903860668, us)",https://itunes.apple.com/us/review?id=903860668&type=Purple%20Software&reviewId=12501161305,apple_us_store,Ban19852503,2025-04-03,5,positive,Kee affordable. Perfect sale and customer service,Customer Service & Communication,Agent Professionalism & Responsiveness,Helpful Support Experience
rvw-000499,google.com,Google Business Profile (ADESA New Jersey),https://www.google.com/maps/reviews/data=!4m8!14m7!1m6!2m5!1sChdDSUhNMG9nS0VJQ0FnTUNJcXRXMTBnRRAB!2m1!1s0x0:0xd01acd06305ff6fb!3m1!1s2@1:CIHM0ogKEICAgMCIqtW10gE%7C%7C?hl=en,google_business_us_profile,Larry Edward,2025-04-01,1,negative,This auction’s joke Don’t waste your time there,Membership / Licensing / Fees & Bidding Policies,"Bidding Process, Rules and Fees",Fees
rvw-000849,google.com,Google Business Profile (ADESA Chicago),https://www.google.com/maps/reviews/data=!4m8!14m7!1m6!2m5!1sChZDSUhNMG9nS0VJQ0FnTUNJOW9IU1V3EAE!2m1!1s0x0:0x29cf546c41c2f6ff!3m1!1s2@1:CIHM0ogKEICAgMCI9oHSUw%7C%7C?hl=en,google_business_us_profile,Naveed Karim,2025-04-01,5,positive,"Nerry is always incredibly helpful! His professionalism, kindness, and willingness to go the extra mile make every interaction a pleasure. Whether it’s answering questions, providing support, or offering expert advice, Nerry consistently delivers outstanding service. Highly recommend!",Customer Service & Communication,Agent Professionalism & Responsiveness,Helpful Support Experience
rvw-000850,google.com,Google Business Profile (ADESA Chicago),https://www.google.com/maps/reviews/data=!4m8!14m7!1m6!2m5!1sChdDSUhNMG9nS0VJQ0FnTUNJOXQ2b2d3RRAB!2m1!1s0x0:0x29cf546c41c2f6ff!3m1!1s2@1:CIHM0ogKEICAgMCI9t6ogwE%7C%7C?hl=en,google_business_us_profile,Jasmin Delanovic,2025-04-01,5,positive,"I have been buying cars from Adesa for over six years. It’s a great auction and great management. There are a lot of vehicles to choose from, CR is accurate, and Neri and Luis are super knowledgeable and helpful with anything that you need. Thank you, Adesa and the Adesa team, for making my buying experience easy and smooth.",Customer Service & Communication,Agent Professionalism & Responsiveness,Helpful Support Experience
rvw-000851,google.com,Google Business Profile (ADESA Chicago),https://www.google.com/maps/reviews/data=!4m8!14m7!1m6!2m5!1sChZDSUhNMG9nS0VJQ0FnTUNJOXBhZkd3EAE!2m1!1s0x0:0x29cf546c41c2f6ff!3m1!1s2@1:CIHM0ogKEICAgMCI9pafGw%7C%7C?hl=en,google_business_us_profile,Mazhar Bhatti,2025-04-01,5,positive,"Very good customer service, Nerry is the best there , very respectfull and helpfull for any issues .",Customer Service & Communication,Agent Professionalism & Responsiveness,Helpful Support Experience
rvw-000235,trustpilot.com,Trustpilot (adesa.com),https://www.trustpilot.com/reviews/6867d32098915b3621966a66,trustpilot_us_slug,Trustpilot user,2025-03-31,,negative,"I'm suspicious. I have never purchased a car from this location or of this type. I still wanted to pay, but I got the title in my name without having purchased or paid for it. Still, I was informed that I have to pay $8,000 for a vehicle at an auction in Las Vegas, while I am in St. Louis, MO. I filed a dispute stating that I have never purchased any cars from this location or of this type of vehicle, yet they still want me to pay. I have now received a title in my name without having purchased or paid for the vehicle. and do not vehicle in my position.","Title, Ownership, POA and Documentation",Title Delivery & Status,Title Not Received
rvw-000500,google.com,Google Business Profile (ADESA Atlanta),https://www.google.com/maps/reviews/data=!4m8!14m7!1m6!2m5!1sChZDSUhNMG9nS0VJQ0FnTUNJOHVDVlJ3EAE!2m1!1s0x0:0x8ca5797c8ce4da57!3m1!1s2@1:CIHM0ogKEICAgMCI8uCVRw%7C%7C?hl=en,google_business_us_profile,Peter Zahel,2025-03-31,1,negative,"I am a dealer. We purchased a cheap vehicle for one of our employees daughter. The car had a 4.5 rating which means nearly perfect. I personally picked it up just couple days later. The car had 3 large dents (10 - 12"") with paint damage, lots of poor paintwork, and the worst...transmission completely shot. Car didn't even make it 200 feet out of the gate. Condition report was a big scam, covering big seller. Since the car was listed AS-IS, we have ended up with a fat $3,700 bill for repairs and towing. On the top of it, the auction wouldn't release the title with received payment, and held the title nearly 3 weeks before mailing, charging us another $50 for overnight FedEx. I specifically requested just a first class mailing ($20). GM was contacted via email. She didn't even bothered to reply. Adesa Atlanta is nothing else but money scam, liars and cheaters .",Customer Service & Communication,Communication Follow-up & Escalation,No Callback / Unresolved Case
rvw-000501,google.com,Google Business Profile (Adesa Brasher's),https://www.google.com/maps/reviews/data=!4m8!14m7!1m6!2m5!1sChdDSUhNMG9nS0VJQ0FnTUR3N3AtVHJBRRAB!2m1!1s0x0:0x465b81eaadc807dc!3m1!1s2@1:CIHM0ogKEICAgMDw7p-TrAE%7C%7C?hl=en,google_business_us_profile,Mark Oliver Aquino,2025-03-26,1,negative,Terrible customer phone service. I was asking about my car and the person on the other line had no idea on what I was talking about. I was asking for help and he decided to tell me to ask my financial banker for support and hung up. Very unprofessional.,Customer Service & Communication,Agent Professionalism & Responsiveness,Rude/Unhelpful Support
rvw-000502,google.com,Google Business Profile (ADESA Los Angeles),https://www.google.com/maps/reviews/data=!4m8!14m7!1m6!2m5!1sChdDSUhNMG9nS0VJQ0FnTUR3d29DSHVRRRAB!2m1!1s0x0:0x65b0cf8a3592e7e!3m1!1s2@1:CIHM0ogKEICAgMDwwoCHuQE%7C%7C?hl=en,google_business_us_profile,jonas,2025-03-24,1,negative,"This place is a dirty business! They came repo my car, and didn't let me even take out my personal items out. After paying off my past due debt, it took me more than three weeks to get in any contact with someone from the auction place to let them know what's going on with the process on getting my car back. And still no response after leaving multiple voice messages and emails. I literally had to beg my car bank loaner to get the information for me. They are trying everything they can to delay the process on getting back your car for they can sell it! Shady place, be aware!",Customer Service & Communication,Support Access & Response Time,Delayed Email/Phone Response
rvw-000503,google.com,Google Business Profile (ADESA Golden Gate),https://www.google.com/maps/reviews/data=!4m8!14m7!1m6!2m5!1sChdDSUhNMG9nS0VJQ0FnTUR3Nk4tY2xnRRAB!2m1!1s0x0:0x1314b726513d9a91!3m1!1s2@1:CIHM0ogKEICAgMDw6N-clgE%7C%7C?hl=en,google_business_us_profile,alex vail,2025-03-23,5,positive,High fees but great cars,Membership / Licensing / Fees & Bidding Policies,"Bidding Process, Rules and Fees",Fees
rvw-000107,apps.apple.com,"Apple App Store (903860668, us)",https://itunes.apple.com/us/review?id=903860668&type=Purple%20Software&reviewId=12448144406,apple_us_store,chivosssssss,2025-03-21,5,positive,Good app excelente. Muy buena app,Account / Access / Login,Password Reset & Login Troubleshooting,App Login Troubleshooting
rvw-000177,reddit.com,Reddit r/techsupport,https://www.reddit.com/r/techsupport/comments/1jdy7cq/help_i_have_an_important_auction_on_adesacom/,mixed_source_ok,Mysterious_Sea_6564,2025-03-18,,positive,Help I have an important auction on adesa.com tommarow and need to get this issue fixed asap! I changed our internet router to a newer xfinity box and internet works great but I’m not able to open adesa.com for some wierd reason?!the website opens fine but when I click the login it says “403 Forbidden”. Does anyone have any idea what to do? When I ran it on my hotspot it opened and logged in just fine.,Account / Access / Login,Password Reset & Login Troubleshooting,App Login Troubleshooting
rvw-000504,google.com,Google Business Profile (ADESA Pittsburgh),https://www.google.com/maps/reviews/data=!4m8!14m7!1m6!2m5!1sChdDSUhNMG9nS0VJQ0FnTURRaDZEN253RRAB!2m1!1s0x0:0x50aee71ecf3394d9!3m1!1s2@1:CIHM0ogKEICAgMDQh6D7nwE%7C%7C?hl=en,google_business_us_profile,Anar Salmanov,2025-03-14,1,negative,"I went there to transfer the title, drove 50 miles (over an hour), and was told that no one was available at the PennDOT office. I asked about it, pointing out that it was only 1 PM and they officially work until 3 PM. The front desk informed me that the PennDOT employee had left due to a home emergency. I just don’t understand—is this a personal business where employees can leave whenever they want, or is it a serious workplace where someone is available to cover in case of emergencies? Honestly, I’m very disappointed.",Customer Service & Communication,Agent Professionalism & Responsiveness,Rude/Unhelpful Support
rvw-000505,google.com,Google Business Profile (ADESA Phoenix),https://www.google.com/maps/reviews/data=!4m8!14m7!1m6!2m5!1sChdDSUhNMG9nS0VJQ0FnTURRZ19iYl9nRRAB!2m1!1s0x0:0x5e1b863ca8625930!3m1!1s2@1:CIHM0ogKEICAgMDQg_bb_gE%7C%7C?hl=en,google_business_us_profile,Mike,2025-03-13,3,negative,How are us transporters supposed to access the potty potty if the chain is locked on the gate??? And how about getting rid of the green abandoned green car hauler sitting in the transport lot for 2 yrs with parts all over the place bc people stripped it down?,"Vehicle Pickup, Delivery and Scheduling",Scheduled Pickup Status,Missed/ Delayed Pickup and Dispatch Window
rvw-000506,google.com,Google Business Profile (ADESA Birmingham),https://www.google.com/maps/reviews/data=!4m8!14m7!1m6!2m5!1sChdDSUhNMG9nS0VJQ0FnTURRbGNfaTN3RRAB!2m1!1s0x0:0xf16f6e5c92888c0f!3m1!1s2@1:CIHM0ogKEICAgMDQlc_i3wE%7C%7C?hl=en,google_business_us_profile,Mohammad Salah Karassi,2025-03-12,5,positive,"I hadn’t been to Adesa in a few months and my first time back went a little better than expected. I was bidding on a vehicle shown on the TV and the auctioneer mistakenly sold me the wrong car. I went through arbitration and Amy up front also helped with the process. They reviewed the footage, were understanding, and withdrew the sale. Looking forward to do more business in the near future.",Membership / Licensing / Fees & Bidding Policies,"Bidding Process, Rules and Fees",How to Bid (First Time)
rvw-000852,google.com,Google Business Profile (ADESA Chicago),https://www.google.com/maps/reviews/data=!4m8!14m7!1m6!2m5!1sChZDSUhNMG9nS0VJQ0FnTURRMWZIcURREAE!2m1!1s0x0:0x29cf546c41c2f6ff!3m1!1s2@1:CIHM0ogKEICAgMDQ1fHqDQ%7C%7C?hl=en,google_business_us_profile,Riley Odean,2025-03-12,5,positive,Staff is 2nd to none! Always good inventory & staff is always ready & willing to help. Extra friendly as well which is this business I cannot say the same about the other auctions here in Chicago. I cannot say one single negative thing about ADESA in Hoffman Estates. Keep up the great work ya’ll.,Customer Service & Communication,Agent Professionalism & Responsiveness,Helpful Support Experience
rvw-000507,google.com,Google Business Profile (ADESA Tampa),https://www.google.com/maps/reviews/data=!4m8!14m7!1m6!2m5!1sChZDSUhNMG9nS0VJQ0FnTURRd1lubUZnEAE!2m1!1s0x0:0x2d3addad274be2eb!3m1!1s2@1:CIHM0ogKEICAgMDQwYnmFg%7C%7C?hl=en,google_business_us_profile,Peter Zahel,2025-03-11,1,negative,"As a dealer it's extremely frustrating not being able to get a hold of anyone for 2 days, to check on a ""if bid"" status. Numerous messages left, no call back. When someone finally picked up, I was put on a 15 min hold and Noone bothered to get back to my call. While buy fees going up in a rapid rare, service received is declining.",Customer Service & Communication,Support Access & Response Time,Long Hold Time / Hard to Reach Support
rvw-000508,google.com,Google Business Profile (ADESA Los Angeles),https://www.google.com/maps/reviews/data=!4m8!14m7!1m6!2m5!1sChdDSUhNMG9nS0VJQ0FnTUNRM1pyU3JRRRAB!2m1!1s0x0:0x65b0cf8a3592e7e!3m1!1s2@1:CIHM0ogKEICAgMCQ3ZrSrQE%7C%7C?hl=en,google_business_us_profile,Patricia Gomez,2025-03-06,5,positive,This is a great auction with plenty of cars for cheap!,Membership / Licensing / Fees & Bidding Policies,"Bidding Process, Rules and Fees",How to Bid (First Time)
rvw-000509,google.com,Google Business Profile (ADESA Golden Gate),https://www.google.com/maps/reviews/data=!4m8!14m7!1m6!2m5!1sChZDSUhNMG9nS0VJQ0FnTUNRcHFQRmVnEAE!2m1!1s0x0:0x1314b726513d9a91!3m1!1s2@1:CIHM0ogKEICAgMCQpqPFeg%7C%7C?hl=en,google_business_us_profile,Michelle Heyer-Gonzales,2025-03-04,5,positive,Adesa is a excellent place for dealers to purchase used vehicles..& they have friendly staff,Customer Service & Communication,Agent Professionalism & Responsiveness,Helpful Support Experience
rvw-000510,google.com,Google Business Profile (ADESA Lexington),https://www.google.com/maps/reviews/data=!4m8!14m7!1m6!2m5!1sChZDSUhNMG9nS0VJQ0FnTUNReXEtOWF3EAE!2m1!1s0x0:0x4fc12f9761b60e12!3m1!1s2@1:CIHM0ogKEICAgMCQyq-9aw%7C%7C?hl=en,google_business_us_profile,Micah Cavender,2025-03-03,1,negative,beware of undisclosed hail damage units. When you arb a car for valid hail damage-they will throw the book at you and give zero help! BUYER BEWARE!!!,"Lot Condition, Listing Status and related",Lot Condition Reporting,Lot Damage
rvw-000511,google.com,Google Business Profile (ADESA Syracuse),https://www.google.com/maps/reviews/data=!4m8!14m7!1m6!2m5!1sChdDSUhNMG9nS0VJQ0FnTUNRMm9URzNRRRAB!2m1!1s0x0:0x1dbcb81ab39fdeec!3m1!1s2@1:CIHM0ogKEICAgMCQ2oTG3QE%7C%7C?hl=en,google_business_us_profile,BNL Motors,2025-03-03,1,negative,Worst auction ever. Purchased a vehicle. Title is absent over 80 days. And none of the auction employees take responsibility for it. I cant each the arbitration team . Irresponsible team. Never deal with them,Customer Service & Communication,Agent Professionalism & Responsiveness,Rude/Unhelpful Support
rvw-000512,google.com,Google Business Profile (ADESA Tulsa),https://www.google.com/maps/reviews/data=!4m8!14m7!1m6!2m5!1sChZDSUhNMG9nS0VJQ0FnTUNRNnVpUUxnEAE!2m1!1s0x0:0x6c9bb805581f5c8d!3m1!1s2@1:CIHM0ogKEICAgMCQ6uiQLg%7C%7C?hl=en,google_business_us_profile,Aarash Ghajar,2025-03-03,1,negative,"Teresa is very unprofessional and not as knowledgeable as she should be for a receptionist. She will just tell you what you want to hear to get you off of the phone, with no actual answers or information to what you inquired about. Please train your employees to enjoy & DO their job!!",Customer Service & Communication,Agent Professionalism & Responsiveness,Rude/Unhelpful Support
rvw-000513,google.com,Google Business Profile (ADESA Tulsa),https://www.google.com/maps/reviews/data=!4m8!14m7!1m6!2m5!1sChdDSUhNMG9nS0VJQ0FnTURnbTktUDdBRRAB!2m1!1s0x0:0x6c9bb805581f5c8d!3m1!1s2@1:CIHM0ogKEICAgMDgm9-P7AE%7C%7C?hl=en,google_business_us_profile,Alyssa Davis,2025-02-27,1,negative,Customer service is non existent here. What is the point of making an appointment if all they are going to do is make you wait an hour to get service. Would never recommend this place EVER!,Customer Service & Communication,Agent Professionalism & Responsiveness,Rude/Unhelpful Support
rvw-000514,google.com,Google Business Profile (ADESA Washington D.C.),https://www.google.com/maps/reviews/data=!4m8!14m7!1m6!2m5!1sChdDSUhNMG9nS0VJQ0FnTURnbV9haTN3RRAB!2m1!1s0x0:0xdad802a3b6c7ae8a!3m1!1s2@1:CIHM0ogKEICAgMDgm_ai3wE%7C%7C?hl=en,google_business_us_profile,Wes McKeehan,2025-02-27,1,negative,"The gentlemen I spoke with in their arbitration department was rude, and when I asked what address to return the car too instantly became offensive asking if I wanted to return the car in New York (I'm a TN dealer). When I asked for his supervisor, I was then placed on eternal hold. At the time of writing this, the on hold time has now been over 10 minutes. I will update this review with the total time if anyone ever responds. If you have any questions, you can also hear the entire phone conversation recorded on my Facebook Page, and all other social media platforms",Customer Service & Communication,Support Access & Response Time,Long Hold Time / Hard to Reach Support
rvw-000515,google.com,Google Business Profile (ADESA Colorado Springs),https://www.google.com/maps/reviews/data=!4m8!14m7!1m6!2m5!1sChdDSUhNMG9nS0VJQ0FnTURnMllmUzF3RRAB!2m1!1s0x0:0x3763243d9222434b!3m1!1s2@1:CIHM0ogKEICAgMDg2YfS1wE%7C%7C?hl=en,google_business_us_profile,DJ/Don Heinz,2025-02-25,5,positive,"Very efficient, friendly staff. We were in and out in no time! Thanks for a little ""sugar"" on a sour situation!",Customer Service & Communication,Agent Professionalism & Responsiveness,Helpful Support Experience
rvw-000516,google.com,Google Business Profile (ADESA Kansas City),https://www.google.com/maps/reviews/data=!4m8!14m7!1m6!2m5!1sChZDSUhNMG9nS0VJQ0FnTURnOGFuWkR3EAE!2m1!1s0x0:0x7ff69944521dfa9c!3m1!1s2@1:CIHM0ogKEICAgMDg8anZDw%7C%7C?hl=en,google_business_us_profile,AMERICAN AUTO EXPORT LLC,2025-02-25,1,negative,Wish I can give them 0 star instead of 1 our dealership purchase almost 5 cars a week but not anymore I Called them this morning at 9.10 am for title status the lady on the phone was so rude she refused to tell me her name and her supervisor name and she hang off call on me this is not how you guys handle customer service very disappointed,Customer Service & Communication,Agent Professionalism & Responsiveness,Rude/Unhelpful Support
rvw-000517,google.com,Google Business Profile (ADESA Los Angeles),https://www.google.com/maps/reviews/data=!4m8!14m7!1m6!2m5!1sChdDSUhNMG9nS0VJQ0FnTUNneElYbjRBRRAB!2m1!1s0x0:0x65b0cf8a3592e7e!3m1!1s2@1:CIHM0ogKEICAgMCgxIXn4AE%7C%7C?hl=en,google_business_us_profile,Oleksandr Flix,2025-02-14,1,negative,Worst service in my life Worst place to have deal with They don’t solve your problems even if it’s their false They not responsible for everything Cars are in bad sheip You can wait title more then 6 months,"Title, Ownership, POA and Documentation",Title Delivery & Status,Title Not Received
rvw-000518,google.com,Google Business Profile (ADESA Las Vegas),https://www.google.com/maps/reviews/data=!4m8!14m7!1m6!2m5!1sChZDSUhNMG9nS0VJQ0FnTURBNkxpZVBBEAE!2m1!1s0x0:0x7cde5ccaa0c88aae!3m1!1s2@1:CIHM0ogKEICAgMDA6LiePA%7C%7C?hl=en,google_business_us_profile,Jesse West,2025-02-06,5,positive,We haul travel trailers to them and the guys at the gate are always friendly and helpful.,Customer Service & Communication,Agent Professionalism & Responsiveness,Helpful Support Experience
rvw-000178,reddit.com,Reddit r/Quantisnow,https://www.reddit.com/r/Quantisnow/comments/1ihh5eo/adesa_expands_new_online_wholesale_auction_product/,mixed_source_ok,Quantisnow,2025-02-04,,positive,ADESA Expands New Online Wholesale Auction Product,Membership / Licensing / Fees & Bidding Policies,"Bidding Process, Rules and Fees",How to Bid (First Time)
rvw-000519,google.com,Google Business Profile (ADESA Los Angeles),https://www.google.com/maps/reviews/data=!4m8!14m7!1m6!2m5!1sChdDSUhNMG9nS0VJQ0FnTUNBeTViSTlBRRAB!2m1!1s0x0:0x65b0cf8a3592e7e!3m1!1s2@1:CIHM0ogKEICAgMCAy5bI9AE%7C%7C?hl=en,google_business_us_profile,Amany Sahion,2025-02-04,5,positive,"Great experience, great customer service, nice people welcoming and helping you",Customer Service & Communication,Agent Professionalism & Responsiveness,Helpful Support Experience
rvw-000853,google.com,Google Business Profile (ADESA Salt Lake),https://www.google.com/maps/reviews/data=!4m8!14m7!1m6!2m5!1sChZDSUhNMG9nS0VJQ0FnTUNBc1pTYWJnEAE!2m1!1s0x0:0x4f1eae3fc675601b!3m1!1s2@1:CIHM0ogKEICAgMCAsZSabg%7C%7C?hl=en,google_business_us_profile,DIAMOND AUTOMOTIVE,2025-02-01,1,negative,"This company is a terrible place to purchase vehicles from. If you happen to run into an issue they will hide behind ""the fine print"" BEWARE Dealing with Arbitration with these Agents is a complete nightmare. Take your business/money elsewhere.",Customer Service & Communication,Agent Professionalism & Responsiveness,Rude/Unhelpful Support
rvw-000520,google.com,Google Business Profile (ADESA Syracuse),https://www.google.com/maps/reviews/data=!4m8!14m7!1m6!2m5!1sChdDSUhNMG9nS0VJQ0FnTUNBNXVIRW9BRRAB!2m1!1s0x0:0x1dbcb81ab39fdeec!3m1!1s2@1:CIHM0ogKEICAgMCA5uHEoAE%7C%7C?hl=en,google_business_us_profile,ashton Reid,2025-01-31,5,positive,Everytime I’ve been here Tammy is always very kind and the most helpful person I’ve met there she goes above and beyond to make sure you get what your looking for!,Customer Service & Communication,Agent Professionalism & Responsiveness,Helpful Support Experience
rvw-000521,google.com,Google Business Profile (ADESA Charlotte),https://www.google.com/maps/reviews/data=!4m8!14m7!1m6!2m5!1sChZDSUhNMG9nS0VJQ0FnTUNBeXRua2NREAE!2m1!1s0x0:0xf2323fccb522e151!3m1!1s2@1:CIHM0ogKEICAgMCAytnkcQ%7C%7C?hl=en,google_business_us_profile,kevin f,2025-01-30,5,positive,"Hello all friends, I would like if someone can give me information on how to buy a car in this auction, yes, you must have a permit or just a license, thank you very much.",Membership / Licensing / Fees & Bidding Policies,"Bidding Process, Rules and Fees",How to Bid (First Time)
rvw-000522,google.com,Google Business Profile (ADESA Los Angeles),https://www.google.com/maps/reviews/data=!4m8!14m7!1m6!2m5!1sChdDSUhNMG9nS0VJQ0FnTUNBeXN1SG9nRRAB!2m1!1s0x0:0x65b0cf8a3592e7e!3m1!1s2@1:CIHM0ogKEICAgMCAysuHogE%7C%7C?hl=en,google_business_us_profile,salvador hernandez,2025-01-30,1,negative,"These people have no home training. They're are rude! they suspiciously make you wait days for your car to be returned. I got my car returned to me damaged and was rushed when doing inspection. They made a new key with a bad cut cause now I have to force the key Adesa made out the ignition on top of paying to reprogram my old keys and dealing with other damages. They especially got super annoyed when I wanted to read carefully through the release forms , some people have disabilities so I'd be carefully trying to make slick comments.",Customer Service & Communication,Agent Professionalism & Responsiveness,Rude/Unhelpful Support
rvw-000523,google.com,Google Business Profile (ADESA Phoenix),https://www.google.com/maps/reviews/data=!4m8!14m7!1m6!2m5!1sChdDSUhNMG9nS0VJQ0FnTUNBM0pHODZnRRAB!2m1!1s0x0:0x5e1b863ca8625930!3m1!1s2@1:CIHM0ogKEICAgMCA3JG86gE%7C%7C?hl=en,google_business_us_profile,Robert McClure,2025-01-30,4,positive,"Really nice, helpful lady who helped me secure my fleet vehicle.",Customer Service & Communication,Case Resolution Quality,Issue Resolved
rvw-000524,google.com,Google Business Profile (ADESA Colorado Springs),https://www.google.com/maps/reviews/data=!4m8!14m7!1m6!2m5!1sChZDSUhNMG9nS0VJQ0FnTUNBc1BXU0p3EAE!2m1!1s0x0:0x3763243d9222434b!3m1!1s2@1:CIHM0ogKEICAgMCAsPWSJw%7C%7C?hl=en,google_business_us_profile,fabian salido,2025-01-29,4,positive,Dealers only auction. Better than Mannheim,Membership / Licensing / Fees & Bidding Policies,"Bidding Process, Rules and Fees",How to Bid (First Time)
rvw-000108,play.google.com,Google Play (com.adesa.marketplace),https://play.google.com/store/apps/details?id=com.adesa.marketplace&hl=en&gl=us,google_play_us_store,Mr Make It Happen,2025-01-26,5,positive,"great app, better auction than Manheim",Account / Access / Login,Password Reset & Login Troubleshooting,App Login Troubleshooting
rvw-000179,reddit.com,Reddit r/Reno,https://www.reddit.com/r/Reno/comments/1i8jb0p/zane_investigations_or_adesa/,mixed_source_ok,Ok_Photograph9373,2025-01-24,,positive,"Zane investigations or adesa Sorry for the grammar and punctuation in advance. Hello recently had my car repoed.. recovered it today. I was told Zane had my personal items then they told me they were moved with the car, upon arriving at adesa to pick up my car, there was no personal items and no plates.. adesa assured me they don’t take plates off cars and they don’t handle personal property. I contacted Zane and they’re swearing that they don’t have my items and they have vanished just wondering what I should do or how I should handle the situation?",Customer Service & Communication,Agent Professionalism & Responsiveness,Helpful Support Experience
rvw-000525,google.com,Google Business Profile (ADESA Boise),https://www.google.com/maps/reviews/data=!4m8!14m7!1m6!2m5!1sChZDSUhNMG9nS0VJQ0FnSURfOHZ1TGVBEAE!2m1!1s0x0:0x2b11e609fd0594ed!3m1!1s2@1:CIHM0ogKEICAgID_8vuLeA%7C%7C?hl=en,google_business_us_profile,Wesley Williams,2025-01-23,5,positive,"Got a good little car to daily here for a good price, if you are mechanically inclined and have other vehicles this can be a good place to find vehicles, but don't expect everything from these auctions to last or work right every time. Staff is very friendly and helpful would recommend this facility.",Customer Service & Communication,Agent Professionalism & Responsiveness,Helpful Support Experience
rvw-000109,trustpilot.com,Trustpilot (adesa.com),https://www.trustpilot.com/reviews/678fec9583acd94818fec8d6,trustpilot_us_slug,customer,2025-01-21,1,negative,"I have purchased numerous of cars…. I have purchased numerous of cars online from ADESA clear. They supposed to have a link description of the damages and problems with the car as well as what works. I have purchased cars that they said was in running condition and had few codes which wasn't major. upon paying for the cars, I have run into cars with bad transmissions, some where the sound doesn't work and some, had engines wasn't any good. So, when you do arbitration on the cars that has severe issue that wasn't described they won't honor the mistake of the member of their origination slackness and tells you basically you have to fix the issue yourself. That totally bad business knowing that, if a dealer is purchasing cars at an offsite that no one is allowed on the see or check the car out the information on the car needs to be accurate. These people are rip offs and need to pay for taking folks hard earn money. I paid $7k for a Hyundai Genesis that has a bad head unit that wasn't described in the damages description, and was told by ADESA clear they don't cover the entertainment system. Hyundai dealer said is going to cost $2300 to fix. SMH this extremely bad business Carvana.","Lot Condition, Listing Status and related",Lot Condition Reporting,Lot Damage
rvw-000526,google.com,Google Business Profile (ADESA Dallas),https://www.google.com/maps/reviews/data=!4m8!14m7!1m6!2m5!1sChdDSUhNMG9nS0VJQ0FnSUNfel9xRnhnRRAB!2m1!1s0x0:0x6a47ae2265c7925d!3m1!1s2@1:CIHM0ogKEICAgIC_z_qFxgE%7C%7C?hl=en,google_business_us_profile,lakeway executive,2025-01-20,4,positive,Very well organized Auction,Membership / Licensing / Fees & Bidding Policies,"Bidding Process, Rules and Fees",How to Bid (First Time)
rvw-000854,google.com,Google Business Profile (ADESA Salt Lake),https://www.google.com/maps/reviews/data=!4m8!14m7!1m6!2m5!1sChdDSUhNMG9nS0VJQ0FnSUNfOGN2NHJRRRAB!2m1!1s0x0:0x4f1eae3fc675601b!3m1!1s2@1:CIHM0ogKEICAgIC_8cv4rQE%7C%7C?hl=en,google_business_us_profile,Madison Bennett,2025-01-17,1,negative,"I went with my friend to help her get her belongings from her car. They gave us a trash bag of not even half of her belongings. They tried to give her someone else’s wagon & were unable to locate my friend’s wagon. They don’t take pictures of the middle console or glove box, so they can’t be liable for missing items. Chris the manager gave horrible customer service. After waiting at Adesa for over an hour he told us they only take as many pictures as they have to and he doesn’t know where the missing items are. They promised to call back with an update on the missing items. They never did! This is a horrible company! They do not care about helping people! They only care about $$$$$$$$",Customer Service & Communication,Communication Follow-up & Escalation,No Callback / Unresolved Case
rvw-000527,google.com,Google Business Profile (ADESA Boston),https://www.google.com/maps/reviews/data=!4m8!14m7!1m6!2m5!1sChdDSUhNMG9nS0VJQ0FnSUNfX3NyR3d3RRAB!2m1!1s0x0:0x159ea0564a37c95b!3m1!1s2@1:CIHM0ogKEICAgIC__srGwwE%7C%7C?hl=en,google_business_us_profile,Ryan Erhardt,2025-01-16,2,negative,Staff are friendly and courteous on the phone. I've been waiting 3 days for the release of my vehicle. Follow up is non-existent.,Customer Service & Communication,Communication Follow-up & Escalation,No Callback / Unresolved Case
rvw-000236,trustpilot.com,Trustpilot (adesa.com),https://www.trustpilot.com/reviews/678fec9583acd94818fec8d6,trustpilot_us_slug,Trustpilot user,2025-01-15,,negative,"I have purchased numerous of cars…. I have purchased numerous of cars online from ADESA clear. They supposed to have a link description of the damages and problems with the car as well as what works. I have purchased cars that they said was in running condition and had few codes which wasn't major. upon paying for the cars, I have run into cars with bad transmissions, some where the sound doesn't work and some, had engines wasn't any good. So, when you do arbitration on the cars that has severe issue that wasn't described they won't honor the mistake of the member of their origination slackness and tells you basically you have to fix the issue yourself. That totally bad business knowing that, if a dealer is purchasing cars at an offsite that no one is allowed on the see or check the car out the information on the car needs to be accurate. These people are rip offs and need to pay for taking folks hard earn money. I paid $7k for a Hyundai Genesis that has a bad head unit that wasn't described in the damages description, and was told by ADESA clear they don't cover the entertainment system. Hyundai dealer said is going to cost $2300 to fix. SMH this extremely bad business Carvana.","Lot Condition, Listing Status and related",Lot Condition Reporting,Lot Damage
rvw-000855,google.com,Google Business Profile (ADESA Salt Lake),https://www.google.com/maps/reviews/data=!4m8!14m7!1m6!2m5!1sChZDSUhNMG9nS0VJQ0FnSUNfaUx2V1JREAE!2m1!1s0x0:0x4f1eae3fc675601b!3m1!1s2@1:CIHM0ogKEICAgIC_iLvWRQ%7C%7C?hl=en,google_business_us_profile,J Goodgood,2025-01-12,1,negative,"They knew my vehicle that was for auction had my personal document inside like my passport, social security number card and airport security badges. They shipped it to Las Vegas anyways. Everytime I called they gave me the turn around.",Account / Access / Login,Document Upload & Verification,Upload Troubleshooting
rvw-000528,google.com,Google Business Profile (ADESA New Jersey),https://www.google.com/maps/reviews/data=!4m8!14m7!1m6!2m5!1sChdDSUhNMG9nS0VJQ0FnSURmcGZUbG1RRRAB!2m1!1s0x0:0xd01acd06305ff6fb!3m1!1s2@1:CIHM0ogKEICAgIDfpfTlmQE%7C%7C?hl=en,google_business_us_profile,Andrew,2025-01-08,1,negative,mina ibrahim he does not deserve to be a general manager over there the worst service ever I bought a car since December 26th and I paid for it online supposed to hold that release date for 5 days past 10 days I didn't get it a gate pass for my vehicle tor elease I call over 25 times and I left three voice messages to the general manager Vicky from front desk she told me she got a gate pass for me and as in the driver there's no gate pass was issued and the general manager MINA he didn't even want to call me back the worst management the worst service,Customer Service & Communication,Agent Professionalism & Responsiveness,Rude/Unhelpful Support
rvw-000529,google.com,Google Business Profile (ADESA Washington D.C.),https://www.google.com/maps/reviews/data=!4m8!14m7!1m6!2m5!1sChdDSUhNMG9nS0VJQ0FnSURmNWJmYXhRRRAB!2m1!1s0x0:0xdad802a3b6c7ae8a!3m1!1s2@1:CIHM0ogKEICAgIDf5bfaxQE%7C%7C?hl=en,google_business_us_profile,Freddie A,2025-01-08,1,negative,horrible service !!! They are Rude !!! And also most of the cars you buy from here are title absent !!! And you have to wait up to 5-6 months to get titles !!! Stay away from here !!! this is specifically Adesa DC location !!!,Customer Service & Communication,Agent Professionalism & Responsiveness,Rude/Unhelpful Support
rvw-000530,google.com,Google Business Profile (ADESA Long Island),https://www.google.com/maps/reviews/data=!4m8!14m7!1m6!2m5!1sChZDSUhNMG9nS0VJQ0FnSURmbnA2c0RnEAE!2m1!1s0x0:0xca83be42a09d5522!3m1!1s2@1:CIHM0ogKEICAgIDfnp6sDg%7C%7C?hl=en,google_business_us_profile,Giselle Melendez,2025-01-06,1,negative,This auction is horrible! They don't have good communication and then they don't abide by their policies!,Customer Service & Communication,Agent Professionalism & Responsiveness,Rude/Unhelpful Support
rvw-000856,google.com,Google Business Profile (ADESA Chicago),https://www.google.com/maps/reviews/data=!4m8!14m7!1m6!2m5!1sChdDSUhNMG9nS0VJQ0FnSURmenEydnFBRRAB!2m1!1s0x0:0x29cf546c41c2f6ff!3m1!1s2@1:CIHM0ogKEICAgIDfzq2vqAE%7C%7C?hl=en,google_business_us_profile,"Premium Auto Sales, Inc",2025-01-06,1,negative,"Purchased a set of Jet Skies with trailer. Paid for them same day, no issues. 3 Days later Auction adds 2 separate transactions for $1 each for each of the jet skies and a week later a late fee of $180 to each of the $1 sales. The following week my dealership is Unauthorized to buy while they are trying to resolve this. Late fee removed, yet because of the $2 balance, we cannot purchase anywhere else. Take your business to Manheim or anywhere else. This is ridiculous, it should not take weeks to sort out a $2 transaction and involve auction managers and Adesa corporate.",Customer Service & Communication,Agent Professionalism & Responsiveness,Rude/Unhelpful Support
rvw-000531,google.com,Google Business Profile (ADESA Cincinnati/Dayton),https://www.google.com/maps/reviews/data=!4m8!14m7!1m6!2m5!1sChZDSUhNMG9nS0VJQ0FnSURmbkp1WUt3EAE!2m1!1s0x0:0x35280de626a14dbf!3m1!1s2@1:CIHM0ogKEICAgIDfnJuYKw%7C%7C?hl=en,google_business_us_profile,Rocko Parcgeezy,2025-01-04,1,negative,"The public camper and motorsport “auction”is a joke. The public can only bid on the crappy ones, and if they don’t get a price that they want then they don’t sell. Then there’s “bidders” online and who knows who these people are? Then when you think you have the high bid, there is a mysterious man in the sky that says nope, it’s gonna be a little bit higher. They had three Harley-Davidson‘s for sale and not one sold because nobody would bid it up high enough to a price that they wanted. Do not waste your time. Oh, and they charge you $20 to get in and do not tell you about the 10% that they add to the price after you “win”.",Membership / Licensing / Fees & Bidding Policies,"Bidding Process, Rules and Fees",Fees
rvw-000532,google.com,Google Business Profile (ADESA Seattle),https://www.google.com/maps/reviews/data=!4m8!14m7!1m6!2m5!1sChdDSUhNMG9nS0VJQ0FnSURmNUliZDF3RRAB!2m1!1s0x0:0xf4e30d6e013958b9!3m1!1s2@1:CIHM0ogKEICAgIDf5Ibd1wE%7C%7C?hl=en,google_business_us_profile,J Carlos Santuario,2025-01-04,4,positive,Great car storage venue where I drop & pick up orders to be delivered all around Northwest,"Vehicle Pickup, Delivery and Scheduling",Scheduled Pickup Status,Schedule/ Reschedule Pickup
rvw-000533,google.com,Google Business Profile (ADESA New Jersey),https://www.google.com/maps/reviews/data=!4m8!14m7!1m6!2m5!1sChZDSUhNMG9nS0VJQ0FnSURmNk5haGVnEAE!2m1!1s0x0:0xd01acd06305ff6fb!3m1!1s2@1:CIHM0ogKEICAgIDf6Naheg%7C%7C?hl=en,google_business_us_profile,Roman Volosevych,2025-01-03,1,negative,"The stupidest management of all the Odessa auctions is over here. They created the most complicated and absolutely useless way to pick up the vehicle and placed at the counter the person who care the less and has a goal to make as less moves and even say as less words as possible. So you wouldn't have any verbal instruction almost at all as they already printed out all over the places. You have to fill out the stupidest form including your mom's maden name and whta is your favorite color, then send the email and patiently and silently wait for ""The Security Representative"" to print it out for you. And don't ask how to find a car, as there is no QR code printed out in the room, because if you'll ask - you'll get a portion of rude speach about how stupid you are and how dare you are to disturb ""Them"", as they already printed out everything and even marked the location code of the vehicle (wich include around 200-500 vehicles) where you can start looking the car instead of bothering them. And if you will be still brave enought to tell that GPS will be way more accurate - you'll get another portion of explanation how stupid you are, as GPS not always accurate and can lead you to the wrong place, and by searching through the whole lot - you'll definitely find the car. If not at the first try - than at the second or third you should be good. So it still more reliable than some stupid GPS, I guess. By the way from my experience - 95% of the car will be found by the GPS in a seconds, once you'll get to the place. But who cares? They are professionals here, not you...",Customer Service & Communication,Agent Professionalism & Responsiveness,Rude/Unhelpful Support
rvw-000857,google.com,Google Business Profile (ADESA Salt Lake),https://www.google.com/maps/reviews/data=!4m8!14m7!1m6!2m5!1sChdDSUhNMG9nS0VJQ0FnSUNmbzdEbXFnRRAB!2m1!1s0x0:0x4f1eae3fc675601b!3m1!1s2@1:CIHM0ogKEICAgICfo7DmqgE%7C%7C?hl=en,google_business_us_profile,tim davis,2025-01-01,1,negative,If you buy here from out of state or town and think you can trust buying green light you are very mistaken… they are never wrong and even if you have issues the answer is sorry can’t help you … if you don’t have to buy for your lot then stay away from here,"Vehicle Pickup, Delivery and Scheduling",Tow and Storage Charges,Tow and Storage Fees
rvw-000534,google.com,Google Business Profile (ADESA Phoenix),https://www.google.com/maps/reviews/data=!4m8!14m7!1m6!2m5!1sChdDSUhNMG9nS0VJQ0FnSUNmcWRmR3dBRRAB!2m1!1s0x0:0x5e1b863ca8625930!3m1!1s2@1:CIHM0ogKEICAgICfqdfGwAE%7C%7C?hl=en,google_business_us_profile,George Crank,2024-12-30,4,positive,Picked up a vehicle. Easy in & out. Great costumer service,Membership / Licensing / Fees & Bidding Policies,"Bidding Process, Rules and Fees",Fees
rvw-000535,google.com,Google Business Profile (ADESA Flint),https://www.google.com/maps/reviews/data=!4m8!14m7!1m6!2m5!1sChZDSUhNMG9nS0VJQ0FnSUR2eDk2Skh3EAE!2m1!1s0x0:0xc67e3588b4be2a48!3m1!1s2@1:CIHM0ogKEICAgIDvx96JHw%7C%7C?hl=en,google_business_us_profile,Cody Smith,2024-12-24,1,negative,My camper was dropped off here after I surrendered it.. wanted my items out and they said the trailer was empty... which it absolutely was not. I'm entitled to my stuff and they stole it. I will be making a police report.,"Title, Ownership, POA and Documentation",Title Delivery & Status,Title Not Received
rvw-000203,play.google.com,Google Play (com.adesa.marketplace),https://play.google.com/store/apps/details?id=com.adesa.marketplace&hl=en&gl=us,google_play_us_store,Dark Wolf,2024-12-20,1,negative,You guys messed up the app it won't load and constantly crashes,Account / Access / Login,Password Reset & Login Troubleshooting,App Login Troubleshooting
rvw-000110,play.google.com,Google Play (com.adesa.marketplace),https://play.google.com/store/apps/details?id=com.adesa.marketplace&hl=en&gl=us,google_play_us_store,Dark Wolf,2024-12-19,1,negative,You guys messed up the app it won't load and constantly crashes,Account / Access / Login,Password Reset & Login Troubleshooting,App Login Troubleshooting
rvw-000536,google.com,Google Business Profile (ADESA New Jersey),https://www.google.com/maps/reviews/data=!4m8!14m7!1m6!2m5!1sChdDSUhNMG9nS0VJQ0FnSUR2Mm9DM3dnRRAB!2m1!1s0x0:0xd01acd06305ff6fb!3m1!1s2@1:CIHM0ogKEICAgIDv2oC3wgE%7C%7C?hl=en,google_business_us_profile,john fernandes,2024-12-19,1,negative,Waiting months to receive a title going on 90 days and not a single person can answer as to what is going on and how I can get a title the representatives are so rude and obnoxious its disgusting how this auction is handling titles and must be addressed,Customer Service & Communication,Agent Professionalism & Responsiveness,Rude/Unhelpful Support
rvw-000537,google.com,Google Business Profile (ADESA Los Angeles),https://www.google.com/maps/reviews/data=!4m8!14m7!1m6!2m5!1sChZDSUhNMG9nS0VJQ0FnSUR2MUxLTklREAE!2m1!1s0x0:0x65b0cf8a3592e7e!3m1!1s2@1:CIHM0ogKEICAgIDv1LKNIQ%7C%7C?hl=en,google_business_us_profile,Bobby Dzyubenko,2024-12-18,1,negative,"We just put Adesa Los Angeles on our ""Do Not Buy From"" list for all 22 of our locations. They are refusing to release our vehicles until THEY receive titles from the sellers even though we have already paid for these cars. This has to be the worst run operation i have seen in all my years in the business.","Title, Ownership, POA and Documentation",Title Delivery & Status,Title Not Received
rvw-000538,google.com,Google Business Profile (ADESA Des Moines),https://www.google.com/maps/reviews/data=!4m8!14m7!1m6!2m5!1sChdDSUhNMG9nS0VJQ0FnSUN2LUxHTjRRRRAB!2m1!1s0x0:0xe62c0bc75de04bd1!3m1!1s2@1:CIHM0ogKEICAgICv-LGN4QE%7C%7C?hl=en,google_business_us_profile,Ron Nelson,2024-12-08,5,positive,Good auction and good people!,Membership / Licensing / Fees & Bidding Policies,"Bidding Process, Rules and Fees",How to Bid (First Time)
rvw-000539,google.com,Google Business Profile (ADESA Nashville),https://www.google.com/maps/reviews/data=!4m8!14m7!1m6!2m5!1sChdDSUhNMG9nS0VJQ0FnSURQeTV6UHdnRRAB!2m1!1s0x0:0xd23aeb9d1365f256!3m1!1s2@1:CIHM0ogKEICAgIDPy5zPwgE%7C%7C?hl=en,google_business_us_profile,Shabir,2024-12-05,5,positive,"Easy process and excellent customer service. Highly recommend!""",Customer Service & Communication,Agent Professionalism & Responsiveness,Helpful Support Experience
rvw-000540,google.com,Google Business Profile (ADESA San Antonio),https://www.google.com/maps/reviews/data=!4m8!14m7!1m6!2m5!1sChZDSUhNMG9nS0VJQ0FnSURQdmZuSVl3EAE!2m1!1s0x0:0xc0ff65b103a17103!3m1!1s2@1:CIHM0ogKEICAgIDPvfnIYw%7C%7C?hl=en,google_business_us_profile,Robert McClure,2024-12-05,4,positive,I have used their facility twice and I'm very impressed by their procedures and their staff.,Customer Service & Communication,Agent Professionalism & Responsiveness,Helpful Support Experience
rvw-000111,apps.apple.com,"Apple App Store (903860668, us)",https://itunes.apple.com/us/review?id=903860668&type=Purple%20Software&reviewId=12030076801,apple_us_store,qhashimi21,2024-12-05,1,negative,Fix your app. Ever since it merged with Adesa clear we keep getting logged out. Have to log back in everytime we want to use the app,Account / Access / Login,Password Reset & Login Troubleshooting,App Login Troubleshooting
rvw-000541,google.com,Google Business Profile (ADESA Phoenix),https://www.google.com/maps/reviews/data=!4m8!14m7!1m6!2m5!1sChdDSUhNMG9nS0VJQ0FnSURQalllVWxRRRAB!2m1!1s0x0:0x5e1b863ca8625930!3m1!1s2@1:CIHM0ogKEICAgIDPjYeUlQE%7C%7C?hl=en,google_business_us_profile,Abbra Reed,2024-12-04,4,positive,ADESA PHX is a pretty good auction. We have bought hundreds of units out of here. Do be aware of the buyer fees. Any bids over $19k be prepared to tack on an additional $1k in buyer fees alone. We average about $800 in buyers fees each unit not including PSI. Their arbitration takes some time but never had any problems getting out of a vehicle that might had transmission issue but noy disclosed. Overall bid with confidence here just be aware of additional fees.,Membership / Licensing / Fees & Bidding Policies,"Bidding Process, Rules and Fees",Fees
rvw-000542,google.com,Google Business Profile (ADESA Atlanta),https://www.google.com/maps/reviews/data=!4m8!14m7!1m6!2m5!1sChZDSUhNMG9nS0VJQ0FnSURQd2NhNWNBEAE!2m1!1s0x0:0x8ca5797c8ce4da57!3m1!1s2@1:CIHM0ogKEICAgIDPwca5cA%7C%7C?hl=en,google_business_us_profile,DaShawn Robinson,2024-12-03,5,positive,I came to this auction on yesterday (12-1-24) to get a car that was on the inop lane. Battery was dead from a bad alternator so I needed a jump box or a battery to get it to my trailer. The staff was nice to let me use their jump box and even to get it up on the trailer.,Customer Service & Communication,Agent Professionalism & Responsiveness,Helpful Support Experience
rvw-000543,google.com,Google Business Profile (ADESA Jacksonville),https://www.google.com/maps/reviews/data=!4m8!14m7!1m6!2m5!1sChZDSUhNMG9nS0VJQ0FnSURQNmRETWJREAE!2m1!1s0x0:0x75945523880f8c83!3m1!1s2@1:CIHM0ogKEICAgIDP6dDMbQ%7C%7C?hl=en,google_business_us_profile,CARLOS GUZMAN,2024-12-03,1,negative,"Adesa is the Auction with the higher Buy Fees, they also start charging storage fees after 6 days, and they are crazy high. They charged us $65 for 12 days. Please try to stay away from this Auction. Their customer service also is useless.",Customer Service & Communication,Agent Professionalism & Responsiveness,Rude/Unhelpful Support
rvw-000544,google.com,Google Business Profile (ADESA Houston),https://www.google.com/maps/reviews/data=!4m8!14m7!1m6!2m5!1sChdDSUhNMG9nS0VJQ0FnSURQanJLUXFRRRAB!2m1!1s0x0:0x6694235793d530dc!3m1!1s2@1:CIHM0ogKEICAgIDPjrKQqQE%7C%7C?hl=en,google_business_us_profile,Mc Ct,2024-12-02,5,positive,"Great customer service great deals, Spanish speakers are always welcome",Customer Service & Communication,Agent Professionalism & Responsiveness,Helpful Support Experience
rvw-000545,google.com,Google Business Profile (ADESA Nashville),https://www.google.com/maps/reviews/data=!4m8!14m7!1m6!2m5!1sChZDSUhNMG9nS0VJQ0FnSURQM29YcEFREAE!2m1!1s0x0:0xd23aeb9d1365f256!3m1!1s2@1:CIHM0ogKEICAgIDP3oXpAQ%7C%7C?hl=en,google_business_us_profile,MARIO,2024-12-02,5,positive,Been dealing with Adesa Auctions since 2013. This facility has one of the best managers Ive worked with. I called for info on an older vehicle and the sales manager answered and gave me an up close and personal walk around and drive inspection. Definitely buying with this kind of personal and accurate assessment. Kemper needs a raise.,Customer Service & Communication,Agent Professionalism & Responsiveness,Helpful Support Experience
rvw-000546,google.com,Google Business Profile (ADESA Orlando),https://www.google.com/maps/reviews/data=!4m8!14m7!1m6!2m5!1sChdDSUhNMG9nS0VJQ0FnSURQdXJmOHZBRRAB!2m1!1s0x0:0x2b5dc383485f1e3b!3m1!1s2@1:CIHM0ogKEICAgIDPurf8vAE%7C%7C?hl=en,google_business_us_profile,Kim Catalano,2024-12-01,1,negative,The inept title dept doesn't help dealers get titles. It took 4 months to get titles with barely any help from office manager. They don't like small dealers!! I,Customer Service & Communication,Agent Professionalism & Responsiveness,Rude/Unhelpful Support
rvw-000112,apps.apple.com,"Apple App Store (903860668, us)",https://itunes.apple.com/us/review?id=903860668&type=Purple%20Software&reviewId=11997948758,apple_us_store,Jersey Blades,2024-11-27,1,negative,Keep logging me out. Since the merge with Adesa clear the app keeps logging me out. It’s annoying to enter credentials to log in every single time,Account / Access / Login,Password Reset & Login Troubleshooting,App Login Troubleshooting
rvw-000547,google.com,Google Business Profile (ADESA Orlando),https://www.google.com/maps/reviews/data=!4m8!14m7!1m6!2m5!1sChZDSUhNMG9nS0VJQ0FnSUNQOVp6MUdBEAE!2m1!1s0x0:0x2b5dc383485f1e3b!3m1!1s2@1:CIHM0ogKEICAgICP9Zz1GA%7C%7C?hl=en,google_business_us_profile,werner perez,2024-11-26,1,negative,"I purchased 2 green light cars at the time of pickup them up both cars have bad transmission, i arbitrated both and their answer was that one can they arbitrated a bad radiator that repair is less 800 so wont be arbitrated and the second one the car was running as red light but tvs at the line showed green light they show the video with out the tv showing in the video, dont bother buying. Green lights in this auction they will find the way to dont arbitrate the cars","Vehicle Pickup, Delivery and Scheduling",Scheduled Pickup Status,Missed/ Delayed Pickup and Dispatch Window
rvw-000548,google.com,Google Business Profile (ADESA Houston),https://www.google.com/maps/reviews/data=!4m8!14m7!1m6!2m5!1sChdDSUhNMG9nS0VJQ0FnSUNQcE9mVWt3RRAB!2m1!1s0x0:0x6694235793d530dc!3m1!1s2@1:CIHM0ogKEICAgICPpOfUkwE%7C%7C?hl=en,google_business_us_profile,bachi shubladze,2024-11-21,1,negative,"I'm a driver,who was trying to Pick up from adesa auction car for delivery,they give me a wrong car location, waisted my time and they are looking for car,""LOOKING FOR CAR ""OO ITS SO FANY car auction cant find car,well everythings happening but you would better to control management on thise location,its too low.or change stuff who is mixing their personal like or dislikes at work.",Customer Service & Communication,Agent Professionalism & Responsiveness,Rude/Unhelpful Support
rvw-000180,reddit.com,Reddit r/icbc,https://www.reddit.com/r/icbc/comments/1gw2ag0/my_buddy_crashed_how_do_i_get_his_parts/,mixed_source_ok,SSBUplayer,2024-11-20,,negative,"My buddy crashed, how do i get his parts One of my close friends just got into a crash and his car is like 95% going to be totalled. He has the exact transmission I’ve been looking for. Once icbc totals it out is there any way to be the first to have a crack at it? Its totalled due to quarter panel damage so should I just watch adesa auctions. Any insight helps as I really know little about car insurance and its intricacies, Thanks!","Lot Condition, Listing Status and related",Lot Condition Reporting,Lot Damage
rvw-000113,apps.apple.com,"Apple App Store (1660253652, us)",https://itunes.apple.com/us/review?id=1660253652&type=Purple%20Software&reviewId=11965035259,apple_us_store,Bowilley,2024-11-18,1,negative,Horrible site. I cannot navigate to the area and auction that I want to search. This app needs a lot of fixing before it is usable!,Account / Access / Login,Password Reset & Login Troubleshooting,App Login Troubleshooting
rvw-000549,google.com,Google Business Profile (ADESA Indianapolis),https://www.google.com/maps/reviews/data=!4m8!14m7!1m6!2m5!1sChRDSUhNMG9nS0VJQ0FnSUMzdy0xNRAB!2m1!1s0x0:0xc49440319567678d!3m1!1s2@1:CIHM0ogKEICAgIC3w-15%7C%7C?hl=en,google_business_us_profile,Keith Schreurs,2024-11-08,4,positive,"Second time here picking up cars, staff I dealt with very helpful and courteous.",Customer Service & Communication,Agent Professionalism & Responsiveness,Helpful Support Experience
rvw-000550,google.com,Google Business Profile (ADESA Los Angeles),https://www.google.com/maps/reviews/data=!4m8!14m7!1m6!2m5!1sChdDSUhNMG9nS0VJQ0FnSUMzazhIMW9RRRAB!2m1!1s0x0:0x65b0cf8a3592e7e!3m1!1s2@1:CIHM0ogKEICAgIC3k8H1oQE%7C%7C?hl=en,google_business_us_profile,Drew Perez,2024-11-08,1,negative,I have been reaching out to get my car back and they are not answering. This is really frustrating. I understand they might be busy but I think they need to have a better system to keep us updated or at least let us know that they have received our voice messages. I hope someone from the company can correct this and help,Account / Access / Login,Password Reset & Login Troubleshooting,App Login Troubleshooting
rvw-000551,google.com,Google Business Profile (ADESA Washington D.C.),https://www.google.com/maps/reviews/data=!4m8!14m7!1m6!2m5!1sChdDSUhNMG9nS0VJQ0FnSUMzNDVHTDVRRRAB!2m1!1s0x0:0xdad802a3b6c7ae8a!3m1!1s2@1:CIHM0ogKEICAgIC345GL5QE%7C%7C?hl=en,google_business_us_profile,Agustin Leon,2024-11-08,1,negative,I have 3 days calling to make a payment! No one pickup the phone !!! Please this is crazy ..,"Vehicle Pickup, Delivery and Scheduling",Scheduled Pickup Status,Missed/ Delayed Pickup and Dispatch Window
rvw-000552,google.com,Google Business Profile (ADESA Boston),https://www.google.com/maps/reviews/data=!4m8!14m7!1m6!2m5!1sChdDSUhNMG9nS0VJQ0FnSUMzOWZqbDBBRRAB!2m1!1s0x0:0x159ea0564a37c95b!3m1!1s2@1:CIHM0ogKEICAgIC39fjl0AE%7C%7C?hl=en,google_business_us_profile,Luis Paniagua,2024-11-07,5,positive,The staff at this location from the guys at the gate to the yard people driving around are super friendly and eager to help.,Customer Service & Communication,Agent Professionalism & Responsiveness,Helpful Support Experience
rvw-000553,google.com,Google Business Profile (Adesa Brasher's),https://www.google.com/maps/reviews/data=!4m8!14m7!1m6!2m5!1sChZDSUhNMG9nS0VJQ0FnSUMzcnM2R1p3EAE!2m1!1s0x0:0x465b81eaadc807dc!3m1!1s2@1:CIHM0ogKEICAgIC3rs6GZw%7C%7C?hl=en,google_business_us_profile,Moe Raji,2024-11-05,1,negative,Don't believe the Crs or green light none of that matters here. Bought a 4.1 with valve cover leaking into spark plugs and apparently that isn't enough to arb for as well as leaks all over and more undisclosed damage . Horrible place to do business they are no help. Better off buying a car from the junk yard.,"Lot Condition, Listing Status and related",Lot Condition Reporting,Lot Damage
rvw-000114,apps.apple.com,"Apple App Store (903860668, us)",https://itunes.apple.com/us/review?id=903860668&type=Purple%20Software&reviewId=11912153045,apple_us_store,All star 12345678910,2024-11-04,1,negative,Ruined the app. Ruined the app with the Adesa Clear login. Constantly signed out. Tired of having to be redirected just to sign it. Annoying extra steps,Account / Access / Login,Password Reset & Login Troubleshooting,App Login Troubleshooting
rvw-000554,google.com,Google Business Profile (ADESA Concord),https://www.google.com/maps/reviews/data=!4m8!14m7!1m6!2m5!1sChdDSUhNMG9nS0VJQ0FnSUMzNU9qRzNnRRAB!2m1!1s0x0:0x657d5707422ca21!3m1!1s2@1:CIHM0ogKEICAgIC35OjG3gE%7C%7C?hl=en,google_business_us_profile,Reemon Youno,2024-11-03,1,negative,Too poor communication trying to speak with GM for over a week and had no response. Office manager she like not to help and not to listen to buyer her way or no way.,Customer Service & Communication,Support Access & Response Time,Delayed Email/Phone Response
rvw-000555,google.com,Google Business Profile (Adesa auto auction),https://www.google.com/maps/reviews/data=!4m8!14m7!1m6!2m5!1sChZDSUhNMG9nS0VJQ0FnSUMzdVByRWZBEAE!2m1!1s0x0:0xaa6eaa18c8f6c8b7!3m1!1s2@1:CIHM0ogKEICAgIC3uPrEfA%7C%7C?hl=en,google_business_us_profile,Dominick Young,2024-11-02,5,positive,Easy to buy cars customer service is great and they provide a shuttle service to find the cars you buy or need to transport,Customer Service & Communication,Agent Professionalism & Responsiveness,Helpful Support Experience
rvw-000556,google.com,Google Business Profile (ADESA Indianapolis),https://www.google.com/maps/reviews/data=!4m8!14m7!1m6!2m5!1sChdDSUhNMG9nS0VJQ0FnSURYMDVLajJ3RRAB!2m1!1s0x0:0xc49440319567678d!3m1!1s2@1:CIHM0ogKEICAgIDX05Kj2wE%7C%7C?hl=en,google_business_us_profile,Lynn Covington,2024-10-30,5,positive,"There is no other way to buy a car than the Carvana way. Get your choice of car, financing, delivery, and insurance all in one ( ok two steps) This was the easiest car purchase I’ve ever made. WTG Carvana!","Vehicle Pickup, Delivery and Scheduling",Scheduled Pickup Status,Schedule/ Reschedule Pickup
rvw-000557,google.com,Google Business Profile (ADESA Las Vegas),https://www.google.com/maps/reviews/data=!4m8!14m7!1m6!2m5!1sChZDSUhNMG9nS0VJQ0FnSURYcGZidURnEAE!2m1!1s0x0:0x7cde5ccaa0c88aae!3m1!1s2@1:CIHM0ogKEICAgIDXpfbuDg%7C%7C?hl=en,google_business_us_profile,banna playz -.-,2024-10-29,1,negative,"I have never dealt with a company that is so unprofessional, blatant liars and disorganized. If ever given the choice do yourself a favor and go somewhere else.",Customer Service & Communication,Agent Professionalism & Responsiveness,Rude/Unhelpful Support
rvw-000115,apps.apple.com,"Apple App Store (1660253652, us)",https://itunes.apple.com/us/review?id=1660253652&type=Purple%20Software&reviewId=11890224449,apple_us_store,Hunternorth,2024-10-29,1,negative,Horrible. Can’t even look at auctions or buy.,Membership / Licensing / Fees & Bidding Policies,"Bidding Process, Rules and Fees",Fees
rvw-000558,google.com,Google Business Profile (ADESA Orlando),https://www.google.com/maps/reviews/data=!4m8!14m7!1m6!2m5!1sChdDSUhNMG9nS0VJQ0FnSURYeWZMVTFBRRAB!2m1!1s0x0:0x2b5dc383485f1e3b!3m1!1s2@1:CIHM0ogKEICAgIDXyfLU1AE%7C%7C?hl=en,google_business_us_profile,Joe B,2024-10-28,1,negative,THIS AUCTION WILL FRAUD YOU TO PROTECT SELLERS!! ARIBITRATION WONT HELP YOU !! STAY AWAY FROM TESLA CARS FROM TESLA THEY HIDE EVERYTHING AND SELL GREEN LIGHT EVEN THOUGH THEYRE MESSED UP,Membership / Licensing / Fees & Bidding Policies,"Bidding Process, Rules and Fees",Fees
rvw-000116,apps.apple.com,"Apple App Store (903860668, us)",https://itunes.apple.com/us/review?id=903860668&type=Purple%20Software&reviewId=11886359630,apple_us_store,Rabb45,2024-10-28,5,positive,"Luvin this App. Nice design, with smooth, easy browsing.",Account / Access / Login,Password Reset & Login Troubleshooting,App Login Troubleshooting
rvw-000559,google.com,Google Business Profile (ADESA Houston),https://www.google.com/maps/reviews/data=!4m8!14m7!1m6!2m5!1sChdDSUhNMG9nS0VJQ0FnSURYMU1xQW1RRRAB!2m1!1s0x0:0x6694235793d530dc!3m1!1s2@1:CIHM0ogKEICAgIDX1MqAmQE%7C%7C?hl=en,google_business_us_profile,Blaeize ayodele,2024-10-24,1,negative,"I got a 2009 ford escape ((B10354) for close to 4,000 greenlight only for it to arrive with serious oil drip. Been trying to call arbitration no response. When i call “make a payment” the call get picked almost immediately but no one to pick calls in arbitration. Painful part this leak wasn’t mentioned anywhere on the listing so at least you know what you are getting into. There is no way the dealer who sold this vehicle wouldn’t have known Car came with fresh oil change",Customer Service & Communication,Support Access & Response Time,Delayed Email/Phone Response
rvw-000117,apps.apple.com,"Apple App Store (1660253652, us)",https://itunes.apple.com/us/review?id=1660253652&type=Purple%20Software&reviewId=11871633678,apple_us_store,Joe motors,2024-10-24,1,negative,Worst app ever. This app is not working it’s need a lot of improvement otherwise they should go to the old one,Account / Access / Login,Password Reset & Login Troubleshooting,App Login Troubleshooting
rvw-000560,google.com,Google Business Profile (ADESA Cincinnati/Dayton),https://www.google.com/maps/reviews/data=!4m8!14m7!1m6!2m5!1sChdDSUhNMG9nS0VJQ0FnSURYNlB5WTN3RRAB!2m1!1s0x0:0x35280de626a14dbf!3m1!1s2@1:CIHM0ogKEICAgIDX6PyY3wE%7C%7C?hl=en,google_business_us_profile,Whitney Allen,2024-10-23,1,negative,"Terrible company , they stole all my stuff out of my vehicle and had the nerve to give me my wallet back, they damaged my vehicle & everything","Lot Condition, Listing Status and related",Lot Condition Reporting,Lot Damage
rvw-000118,play.google.com,Google Play (com.adesa.marketplace),https://play.google.com/store/apps/details?id=com.adesa.marketplace&hl=en&gl=us,google_play_us_store,Philippe Bastardo,2024-10-22,1,negative,"SEPTEMBER 24 THE APP CRASH EVERY TIME I USED, EVERYTIME I USED I HAVE TO LOG IN AGAIN, SEND ME A CODE AND CRASH AGAIN",Account / Access / Login,Password Reset & Login Troubleshooting,App Login Troubleshooting
rvw-000561,google.com,Google Business Profile (ADESA Charlotte),https://www.google.com/maps/reviews/data=!4m8!14m7!1m6!2m5!1sChdDSUhNMG9nS0VJQ0FnSURYZ00tSXhBRRAB!2m1!1s0x0:0xf2323fccb522e151!3m1!1s2@1:CIHM0ogKEICAgIDXgM-IxAE%7C%7C?hl=en,google_business_us_profile,Jazmine Similton,2024-10-22,1,negative,Slow service very rude lady came in and took another customer whom came after me so I asked that customer in front of her if I was here before him he said I was and she still took him before me but they say you need to make appointment this company doesn’t do good business,Customer Service & Communication,Agent Professionalism & Responsiveness,Rude/Unhelpful Support
rvw-000562,google.com,Google Business Profile (ADESA Kansas City),https://www.google.com/maps/reviews/data=!4m8!14m7!1m6!2m5!1sChZDSUhNMG9nS0VJQ0FnSUNYOTZmR1RBEAE!2m1!1s0x0:0x7ff69944521dfa9c!3m1!1s2@1:CIHM0ogKEICAgICX96fGTA%7C%7C?hl=en,google_business_us_profile,Thomas Cunningham,2024-10-21,5,positive,"Excellent Auction it is always a pleasure to come here and find a good deal on a nice used car. I’ve been buying from a desk in Belton, Missouri for about 10 years now and I hope to continue to be able to partner with them.",Membership / Licensing / Fees & Bidding Policies,"Bidding Process, Rules and Fees",How to Bid (First Time)
rvw-000563,google.com,Google Business Profile (ADESA Los Angeles),https://www.google.com/maps/reviews/data=!4m8!14m7!1m6!2m5!1sChZDSUhNMG9nS0VJQ0FnSUNYLTVIVExnEAE!2m1!1s0x0:0x65b0cf8a3592e7e!3m1!1s2@1:CIHM0ogKEICAgICX-5HTLg%7C%7C?hl=en,google_business_us_profile,Jessica Duran,2024-10-21,1,negative,I am trying to get my car back and they dont answer the phone. I had to call anither department and the lady even said they never answered. Customer service is bad how do they even allow a place like this to be open? They really need to improve their service.,Customer Service & Communication,Agent Professionalism & Responsiveness,Rude/Unhelpful Support
rvw-000564,google.com,Google Business Profile (ADESA Dallas),https://www.google.com/maps/reviews/data=!4m8!14m7!1m6!2m5!1sChZDSUhNMG9nS0VJQ0FnSUNYMGVEdVNREAE!2m1!1s0x0:0x6a47ae2265c7925d!3m1!1s2@1:CIHM0ogKEICAgICX0eDuSQ%7C%7C?hl=en,google_business_us_profile,Moe Money,2024-10-17,1,negative,"Richard puts you on hold forever, they are rude and transfer you to other departments and you never get anything resolved, This auction needs to get their shit together.",Customer Service & Communication,Support Access & Response Time,Long Hold Time / Hard to Reach Support
rvw-000565,google.com,Google Business Profile (ADESA Little Rock),https://www.google.com/maps/reviews/data=!4m8!14m7!1m6!2m5!1sChdDSUhNMG9nS0VJQ0FnSUNYcHFDcjB3RRAB!2m1!1s0x0:0xcec0b47c0d486762!3m1!1s2@1:CIHM0ogKEICAgICXpqCr0wE%7C%7C?hl=en,google_business_us_profile,Catherine Chapin,2024-10-16,5,positive,"Very efficient, great customer service, Big Thumbs up to Kelvin who is always a big help!",Customer Service & Communication,Agent Professionalism & Responsiveness,Helpful Support Experience
rvw-000566,google.com,Google Business Profile (ADESA New Jersey),https://www.google.com/maps/reviews/data=!4m8!14m7!1m6!2m5!1sChZDSUhNMG9nS0VJQ0FnSUNYcnZIRENBEAE!2m1!1s0x0:0xd01acd06305ff6fb!3m1!1s2@1:CIHM0ogKEICAgICXrvHDCA%7C%7C?hl=en,google_business_us_profile,Sam,2024-10-16,1,negative,Junkyard management better than this place from the stinky security room to the manger,Customer Service & Communication,Agent Professionalism & Responsiveness,Rude/Unhelpful Support
rvw-000858,google.com,Google Business Profile (ADESA Buffalo),https://www.google.com/maps/reviews/data=!4m8!14m7!1m6!2m5!1sChZDSUhNMG9nS0VJQ0FnSUNYLXNDNWZnEAE!2m1!1s0x0:0x2a69f89a5a930aec!3m1!1s2@1:CIHM0ogKEICAgICX-sC5fg%7C%7C?hl=en,google_business_us_profile,Reemon Youno,2024-10-15,1,negative,The auction will be closing soon Due to how been managed manger and the worker need to get more tanning how to do the work.,Membership / Licensing / Fees & Bidding Policies,"Bidding Process, Rules and Fees",Fees
rvw-000567,google.com,Google Business Profile (ADESA Los Angeles),https://www.google.com/maps/reviews/data=!4m8!14m7!1m6!2m5!1sChZDSUhNMG9nS0VJQ0FnSURueDd2SFJBEAE!2m1!1s0x0:0x65b0cf8a3592e7e!3m1!1s2@1:CIHM0ogKEICAgIDnx7vHRA%7C%7C?hl=en,google_business_us_profile,BlackPantherSRT4,2024-10-10,1,negative,Terrible place everyone is rude they don’t answer phone nor give you call backs still put your car thru the whole auction process even when you have release for pick up no one in the office know anything can’t speak to any supervisor managers or anyone they don’t have direct lines to talk to anyone just a terrible predatory business that if your car is here be prepared to wait up to 2 weeks to be able to get it back and 2-3 days to get a call back,Customer Service & Communication,Communication Follow-up & Escalation,No Callback / Unresolved Case
rvw-000119,apps.apple.com,"Apple App Store (1660253652, us)",https://itunes.apple.com/us/review?id=1660253652&type=Purple%20Software&reviewId=11820324068,apple_us_store,Dandtauto,2024-10-10,1,negative,They logged me off every time. Very bad this app is not working right Worst app ever they need to do something with this or else no one can buy online,Account / Access / Login,Password Reset & Login Troubleshooting,App Login Troubleshooting
rvw-000568,google.com,Google Business Profile (ADESA Indianapolis),https://www.google.com/maps/reviews/data=!4m8!14m7!1m6!2m5!1sChZDSUhNMG9nS0VJQ0FnSURuemZicURREAE!2m1!1s0x0:0xc49440319567678d!3m1!1s2@1:CIHM0ogKEICAgIDnzfbqDQ%7C%7C?hl=en,google_business_us_profile,Trenton Thompson,2024-10-08,5,positive,I have been going to auctions for over 20 years and this place hands down has some of the nicest employees...,Membership / Licensing / Fees & Bidding Policies,"Bidding Process, Rules and Fees",How to Bid (First Time)
rvw-000181,reddit.com,Reddit r/askcarsales,https://www.reddit.com/r/askcarsales/comments/1ftnetd/buyback_tradein_from_the_auction/,mixed_source_ok,bjchicago,2024-10-01,,positive,"Buyback trade-in from the auction? I've been searching for a while trying to find these answers but most posts are trying to talk people out of purchasing from an auction. I worked in dealerships throughout high school and beyond and know how it goes, with no interest in purchasing just any vehicle from an auction. I'll leave that to the wholesalers and dealers. Here's the thing, though... I just traded my car on a new one and decided I'd like it back. The car had a pretty good dent on the driver's door from a hit-and-run in a parking lot (I was the victim, not the perpetrator lol) and another ding along a trunk crease, so it's not going to be the most desirable car on the auction lot. I'd like to see if I might be able to buy it for a certain price. I know what auction it will be sent to this week (Adesa in Tampa). I have a used car dealer in mind to approach, but wanted to get your suggestions on two things: 1.) What's a fair percentage or flat-rate for making the purchase? The only car I care about is the one I just traded-in, so it should be straightforward, but also want to make it worth their while. 2.) Is putting the max bid + dealer fee into escrow until the auction is won/lost the best bet? TIA",Membership / Licensing / Fees & Bidding Policies,"Bidding Process, Rules and Fees",Fees
rvw-000569,google.com,Google Business Profile (ADESA Knoxville),https://www.google.com/maps/reviews/data=!4m8!14m7!1m6!2m5!1sChZDSUhNMG9nS0VJQ0FnSUNueC0tMFJnEAE!2m1!1s0x0:0xbe432126bb6ab401!3m1!1s2@1:CIHM0ogKEICAgICnx--0Rg%7C%7C?hl=en,google_business_us_profile,Christopher Lowe,2024-09-30,1,negative,"I stopped at this sale on vacation, I had been there years ago. I am a franchise dealer and bought a 4.8 cr on green light, I was told by seller it was off front line.When i picked up it had motor noise and they said no arb.It was a shady wholesaler of course.I spoke to manager and this gonna be a real shocker,they can't do anything. That ended my business with Adesa for good.Those cars they run are rough so be careful buying there.Karma always catches up and Adesa don't care",Customer Service & Communication,Agent Professionalism & Responsiveness,Rude/Unhelpful Support
rvw-000570,google.com,Google Business Profile (ADESA Colorado Springs),https://www.google.com/maps/reviews/data=!4m8!14m7!1m6!2m5!1sChZDSUhNMG9nS0VJQ0FnSUNud3J5cE5nEAE!2m1!1s0x0:0x3763243d9222434b!3m1!1s2@1:CIHM0ogKEICAgICnwrypNg%7C%7C?hl=en,google_business_us_profile,Michael Long,2024-09-24,1,negative,Great location! They add cars to your flooring 4 months after they called and told you that it didn’t pass psi. Then the GM wasn’t willing to do anything but not charge me a seller fee to run it through the auction. The car has sat there for 4 months in hale storms and who knows what parts have been taken off the car. Thank you Adesa for your great customer service! Really good company since they were bought out!,Customer Service & Communication,Agent Professionalism & Responsiveness,Rude/Unhelpful Support
rvw-000859,google.com,Google Business Profile (ADESA Salt Lake),https://www.google.com/maps/reviews/data=!4m8!14m7!1m6!2m5!1sChdDSUhNMG9nS0VJQ0FnSUNudlAtWWhBRRAB!2m1!1s0x0:0x4f1eae3fc675601b!3m1!1s2@1:CIHM0ogKEICAgICnvP-YhAE%7C%7C?hl=en,google_business_us_profile,Michael Long,2024-09-24,1,negative,"First of all, I love all of the five star reviews from their staff members. I wonder if they require you to do that when you are hired 😂 If you want to have your vehicles vandalized on their lot or if you want to buy solid green light vehicles that have major problems with no announcements that they won’t arbitrate when you are well within the given time period and then charge you to certify it green light but actually don’t certify the car because they know it’s got major issues but don’t tell you it’s not certified LOL and last but not least if you want to have them not sell your vehicles when you told them to and then tell you if you want decent run numbers then you’ll price your vehicles where THEY want you to and then to not have their GM stand behind anything at all then this is a great place to work with. DISHONEST!",Customer Service & Communication,Agent Professionalism & Responsiveness,Rude/Unhelpful Support
rvw-000571,google.com,Google Business Profile (ADESA Cincinnati/Dayton),https://www.google.com/maps/reviews/data=!4m8!14m7!1m6!2m5!1sChdDSUhNMG9nS0VJQ0FnSURIajh5eTlBRRAB!2m1!1s0x0:0x35280de626a14dbf!3m1!1s2@1:CIHM0ogKEICAgIDHj8yy9AE%7C%7C?hl=en,google_business_us_profile,Willie Ashley,2024-09-21,5,positive,Some of the best deals in town and out of town! I truly recommend 110%,"Vehicle Pickup, Delivery and Scheduling",Tow and Storage Charges,Tow and Storage Fees
rvw-000572,google.com,Google Business Profile (ADESA Dallas),https://www.google.com/maps/reviews/data=!4m8!14m7!1m6!2m5!1sChZDSUhNMG9nS0VJQ0FnSUNuc0tEV1VnEAE!2m1!1s0x0:0x6a47ae2265c7925d!3m1!1s2@1:CIHM0ogKEICAgICnsKDWUg%7C%7C?hl=en,google_business_us_profile,Melissa Rose,2024-09-21,4,positive,Only when working with Jeremiah I hope I'm spelling it right he is very helpful kind and friendly to deal with I enjoy everytime coming here when he's at work because he helps make the process smooth easy and fast.. I would post a pic so you know who I'm talking about but don't have one yet... See you soon Jeremiah!!!,Customer Service & Communication,Agent Professionalism & Responsiveness,Helpful Support Experience
rvw-000573,google.com,Google Business Profile (ADESA Birmingham),https://www.google.com/maps/reviews/data=!4m8!14m7!1m6!2m5!1sChdDSUhNMG9nS0VJQ0FnSURIMC1uRHpBRRAB!2m1!1s0x0:0xf16f6e5c92888c0f!3m1!1s2@1:CIHM0ogKEICAgIDH0-nDzAE%7C%7C?hl=en,google_business_us_profile,Michael Berry,2024-09-19,5,positive,Very helpful staff. I'm a transportation hauler & they make hauling vehicles for my customers easier. Their system to find the cars I haul from their auction is easy to use & it makes my job faster & easier. I just wish they'd let you pick up vehicles 24/7,Customer Service & Communication,Agent Professionalism & Responsiveness,Helpful Support Experience
rvw-000574,google.com,Google Business Profile (ADESA Pittsburgh),https://www.google.com/maps/reviews/data=!4m8!14m7!1m6!2m5!1sChZDSUhNMG9nS0VJQ0FnSURIaGNDSkJnEAE!2m1!1s0x0:0x50aee71ecf3394d9!3m1!1s2@1:CIHM0ogKEICAgIDHhcCJBg%7C%7C?hl=en,google_business_us_profile,Ruslan Litvak,2024-09-18,5,positive,Great for Pickup cars outside of business hours!!! Good people will meet you and let you go!!! The gate is open 24/7,"Vehicle Pickup, Delivery and Scheduling",Scheduled Pickup Status,Schedule/ Reschedule Pickup
rvw-000575,google.com,Google Business Profile (Adesa Brasher's),https://www.google.com/maps/reviews/data=!4m8!14m7!1m6!2m5!1sChZDSUhNMG9nS0VJQ0FnSURINHZYOUxnEAE!2m1!1s0x0:0x465b81eaadc807dc!3m1!1s2@1:CIHM0ogKEICAgIDH4vX9Lg%7C%7C?hl=en,google_business_us_profile,Todd Vinson,2024-09-14,1,negative,"Bought a car in September. Go to look at it and come to find out the car has severe problems that were written on the side of the car window dated July. Lazy staff and release workers couldn’t care less, called 4 or five times they all go to voicemail or call you back at inconvenient times. Fraudulent and shady how am I supposed to file arbitration if no one answers the phone. Stay away",Customer Service & Communication,Agent Professionalism & Responsiveness,Rude/Unhelpful Support
rvw-000576,google.com,Google Business Profile (ADESA Kansas City),https://www.google.com/maps/reviews/data=!4m8!14m7!1m6!2m5!1sChdDSUhNMG9nS0VJQ0FnSURId0pHZXV3RRAB!2m1!1s0x0:0x7ff69944521dfa9c!3m1!1s2@1:CIHM0ogKEICAgIDHwJGeuwE%7C%7C?hl=en,google_business_us_profile,Cynthia Gonzales,2024-09-11,1,negative,"UNFAIR DISCRIMINATION , went to the auction and was denied entry since I wasn’t able to log in the mobile pass so I provided the auction access card but the MANAGER had a nasty attitude and said I could only enter using the mobile pass but she was letting other people in that also had access cards . When I asked her why they were allowed entry with the cards and not me she said that she made the rules there, what she needs to do is review her rules because I know treating people that way is unfair and not right !",Customer Service & Communication,Agent Professionalism & Responsiveness,Rude/Unhelpful Support
rvw-000577,google.com,Google Business Profile (ADESA Little Rock),https://www.google.com/maps/reviews/data=!4m8!14m7!1m6!2m5!1sChdDSUhNMG9nS0VJQ0FnSURIa0luMzdRRRAB!2m1!1s0x0:0xcec0b47c0d486762!3m1!1s2@1:CIHM0ogKEICAgIDHkIn37QE%7C%7C?hl=en,google_business_us_profile,RAMAZAN YILMAZ,2024-09-11,1,negative,"Today’s is September 11 / 2024 I was here to picup my vehicle it’s 6.30 security is so rude to me and they didn’t give my vehicles, he said it’s to dark outside ! two of them, lazy garbage..!!!!",Customer Service & Communication,Agent Professionalism & Responsiveness,Rude/Unhelpful Support
rvw-000578,google.com,Google Business Profile (ADESA Nashville),https://www.google.com/maps/reviews/data=!4m8!14m7!1m6!2m5!1sChZDSUhNMG9nS0VJQ0FnSUNIdjktTGFBEAE!2m1!1s0x0:0xd23aeb9d1365f256!3m1!1s2@1:CIHM0ogKEICAgICHv9-LaA%7C%7C?hl=en,google_business_us_profile,Tresebabe,2024-09-10,4,positive,Gave someone a ride here to get a car. It's a nice big clean place and the workers are friendly and knowledgeable. It's like an upscaled dmv. They do car auctions but not to the public.,Membership / Licensing / Fees & Bidding Policies,"Bidding Process, Rules and Fees",How to Bid (First Time)
rvw-000120,apps.apple.com,"Apple App Store (903860668, us)",https://itunes.apple.com/us/review?id=903860668&type=Purple%20Software&reviewId=11708880095,apple_us_store,Sk1176,2024-09-10,1,negative,"This app was so good until they did the switch over. I am so frustrated with this app over the last few months since the login has been nothing but a nightmare. I used to always be logged in and easily join auctions, now i have to login every single time you open the app and get a code on the same phone even after clicking on the save device for 30 days, these updates are such a downgrade from the app it used to be months ago. PLEASE FIX THIS",Account / Access / Login,Password Reset & Login Troubleshooting,App Login Troubleshooting
rvw-000579,google.com,Google Business Profile (ADESA New Jersey),https://www.google.com/maps/reviews/data=!4m8!14m7!1m6!2m5!1sChZDSUhNMG9nS0VJQ0FnSUNIaGI2dVVREAE!2m1!1s0x0:0xd01acd06305ff6fb!3m1!1s2@1:CIHM0ogKEICAgICHhb6uUQ%7C%7C?hl=en,google_business_us_profile,Stephen Whitaker,2024-09-06,1,negative,"This auction is terrible for an auto transporter. Horrible management. Horrible security. They go out of their way to leave cars on and running when they park them to run them clean out of gas and kill the battery. Make sure if your a transporter you have a good jump box and at least a couple gallons of gas for these baffoons. Also unless you have a car puller, well I hope you like walking. Horrible place.",Customer Service & Communication,Agent Professionalism & Responsiveness,Rude/Unhelpful Support
rvw-000580,google.com,Google Business Profile (ADESA Atlanta),https://www.google.com/maps/reviews/data=!4m8!14m7!1m6!2m5!1sChdDSUhNMG9nS0VJQ0FnSUNIbG9QVXBBRRAB!2m1!1s0x0:0x8ca5797c8ce4da57!3m1!1s2@1:CIHM0ogKEICAgICHloPUpAE%7C%7C?hl=en,google_business_us_profile,Gary Wall,2024-09-04,1,negative,"Please be cautious when purchasing from this place. They use deceptive wording in their announcements, making it difficult for customers to arbitrate, sometimes using initials that only they understand. Their manager, Lisa, is the main one promoting this dishonest practice. It’s no wonder they are losing customers, and even their employees are leaving.",Customer Service & Communication,Agent Professionalism & Responsiveness,Rude/Unhelpful Support
rvw-000581,google.com,Google Business Profile (ADESA Los Angeles),https://www.google.com/maps/reviews/data=!4m8!14m7!1m6!2m5!1sChZDSUhNMG9nS0VJQ0FnSUNIbHFyd0pBEAE!2m1!1s0x0:0x65b0cf8a3592e7e!3m1!1s2@1:CIHM0ogKEICAgICHlqrwJA%7C%7C?hl=en,google_business_us_profile,Mohammad,2024-09-04,1,negative,"THE WORST auction in the country. I have spent MILLIONS of dollars here over the last 10 years. Had a car catch on fire once inside the auction, and they said it was my driver's fault. Bought a vehicle with a cracked roof and they said they can't help me. This whole auction is a joke. DO not try to arbitrate anything here. Do not buy. Just avoid this place. The don't care about customer's loyalty. They constantly make up new rules and regulations and have ZERO proof.",Membership / Licensing / Fees & Bidding Policies,"Bidding Process, Rules and Fees",Fees
rvw-000582,google.com,Google Business Profile (ADESA Los Angeles),https://www.google.com/maps/reviews/data=!4m8!14m7!1m6!2m5!1sChdDSUhNMG9nS0VJQ0FnSUNIeXZtM193RRAB!2m1!1s0x0:0x65b0cf8a3592e7e!3m1!1s2@1:CIHM0ogKEICAgICHyvm3_wE%7C%7C?hl=en,google_business_us_profile,Jacob Loretto,2024-09-03,1,negative,WORST ARB DEPT IN THE NATION. CALLS NEVER GET PICKED UP. CAR HAS BEEN IN ARB 4 MONTHS AND NO INFO ONE DAY I SEE IT CHARGED AND STILL NO INFO !,Membership / Licensing / Fees & Bidding Policies,"Bidding Process, Rules and Fees",Fees
rvw-000583,google.com,Google Business Profile (ADESA Cincinnati/Dayton),https://www.google.com/maps/reviews/data=!4m8!14m7!1m6!2m5!1sChZDSUhNMG9nS0VJQ0FnSUQ3NzZlYlRREAE!2m1!1s0x0:0x35280de626a14dbf!3m1!1s2@1:CIHM0ogKEICAgID776ebTQ%7C%7C?hl=en,google_business_us_profile,john rawlins,2024-08-30,1,negative,"I'd give the place 0 stars if I could ""Mohammed Hage"" the parking supervisor! 🤣😭🤣 What a joke sir you make $17.40 a hour and have the title of ""parking lot supervisor"" how comical you are🦸🏻","Title, Ownership, POA and Documentation",Title Delivery & Status,Title Not Received
rvw-000584,google.com,Google Business Profile (ADESA Atlanta),https://www.google.com/maps/reviews/data=!4m8!14m7!1m6!2m5!1sChdDSUhNMG9nS0VJQ0FnSUQ3dDlPaWh3RRAB!2m1!1s0x0:0x8ca5797c8ce4da57!3m1!1s2@1:CIHM0ogKEICAgID7t9OihwE%7C%7C?hl=en,google_business_us_profile,5 Point Transportation LLC,2024-08-29,1,negative,"I am a vehicle transporter and today 08/29/2024 I was at this auction for two inoperable pickup vehicles. Once inside with my trailer, I tried to talk to the gentleman in charge of moving the inoperable vehicles to make the pickup easier and he simply ignored me and continued on his way, leaving me alone, so I had to push these vehicles with my hands and then be able to use the winch that I have on my trailer. This gentleman was driving a black Ford F-450 Towing Truck. Really a bad experience at this auction.","Vehicle Pickup, Delivery and Scheduling",Tow and Storage Charges,Tow and Storage Fees
rvw-000585,google.com,Google Business Profile (ADESA Washington D.C.),https://www.google.com/maps/reviews/data=!4m8!14m7!1m6!2m5!1sChZDSUhNMG9nS0VJQ0FnSUQ3ODU3S09BEAE!2m1!1s0x0:0xdad802a3b6c7ae8a!3m1!1s2@1:CIHM0ogKEICAgID7857KOA%7C%7C?hl=en,google_business_us_profile,M & M AUTO SALES,2024-08-28,1,negative,Good luck to get help here customer service will figure out to transfer you to another person that will never answer the phone 3 days in row could not get help,Customer Service & Communication,Agent Professionalism & Responsiveness,Rude/Unhelpful Support
rvw-000586,google.com,Google Business Profile (ADESA New Jersey),https://www.google.com/maps/reviews/data=!4m8!14m7!1m6!2m5!1sChZDSUhNMG9nS0VJQ0FnSUQ3Z19YdkhnEAE!2m1!1s0x0:0xd01acd06305ff6fb!3m1!1s2@1:CIHM0ogKEICAgID7g_XvHg%7C%7C?hl=en,google_business_us_profile,Anatolia,2024-08-27,4,positive,"It is OK to buy car from this auction site, just be careful, some dealer bring their junk cars and bring their own bidder in order to manipulate you bid…to sad.",Membership / Licensing / Fees & Bidding Policies,"Bidding Process, Rules and Fees",How to Bid (First Time)
rvw-000587,google.com,Google Business Profile (ADESA Dallas),https://www.google.com/maps/reviews/data=!4m8!14m7!1m6!2m5!1sChZDSUhNMG9nS0VJQ0FnSUQ3MmZ5c05nEAE!2m1!1s0x0:0x6a47ae2265c7925d!3m1!1s2@1:CIHM0ogKEICAgID72fysNg%7C%7C?hl=en,google_business_us_profile,Pro Manna Enterprices,2024-08-26,5,positive,"I believe in their system from previous years .: But now a days it needs inventory update, strength an adjustment from above management to see it work better!",Customer Service & Communication,Agent Professionalism & Responsiveness,Helpful Support Experience
rvw-000588,google.com,Google Business Profile (ADESA Los Angeles),https://www.google.com/maps/reviews/data=!4m8!14m7!1m6!2m5!1sChZDSUhNMG9nS0VJQ0FnSUQ3NHQyV0NREAE!2m1!1s0x0:0x65b0cf8a3592e7e!3m1!1s2@1:CIHM0ogKEICAgID74t2WCQ%7C%7C?hl=en,google_business_us_profile,Daniel Fenske,2024-08-22,5,positive,A good auction with good service,Membership / Licensing / Fees & Bidding Policies,"Bidding Process, Rules and Fees",How to Bid (First Time)
rvw-000589,google.com,Google Business Profile (ADESA Boston),https://www.google.com/maps/reviews/data=!4m8!14m7!1m6!2m5!1sChdDSUhNMG9nS0VJQ0FnSUQ3MUlYWmxnRRAB!2m1!1s0x0:0x159ea0564a37c95b!3m1!1s2@1:CIHM0ogKEICAgID71IXZlgE%7C%7C?hl=en,google_business_us_profile,Comfy Chris,2024-08-21,4,positive,"Located in Framingham, great for a productive early spring transport pickup. At this New England Adesa auto auction, I acquired two vehicles: a Subaru in reliable condition and a Toyota Hybrid requiring some mechanical work. I am grateful for efficient transaction process I experienced off and onsite here. Although the location is a bit of a drive from the Boston Logan airport, its accessibility is manageable for any business traveler. I appreciate the professional customer service provided online, at the gate and over the phone.",Customer Service & Communication,Agent Professionalism & Responsiveness,Helpful Support Experience
rvw-000590,google.com,Google Business Profile (ADESA Tampa),https://www.google.com/maps/reviews/data=!4m8!14m7!1m6!2m5!1sChdDSUhNMG9nS0VJQ0FnSUQ3eEliRy1BRRAB!2m1!1s0x0:0x2d3addad274be2eb!3m1!1s2@1:CIHM0ogKEICAgID7xIbG-AE%7C%7C?hl=en,google_business_us_profile,Carlos Rod,2024-08-21,1,negative,The security guard at the he should be fire from his job bad Temper/bad actitud/bad customer service/ I showed up at the auction about 6 pm asking for my gatepass no only he didn't have them he never tried to call the office or his boss..I tried to spend the night at parking lot after 1 hour of waiting he made me leave the property threaten to call the police..all I wanna it was my gatepass,Customer Service & Communication,Agent Professionalism & Responsiveness,Rude/Unhelpful Support
rvw-000591,google.com,Google Business Profile (ADESA Concord),https://www.google.com/maps/reviews/data=!4m8!14m7!1m6!2m5!1sChdDSUhNMG9nS0VJQ0FnSUM3OUtmbXdBRRAB!2m1!1s0x0:0x657d5707422ca21!3m1!1s2@1:CIHM0ogKEICAgIC79KfmwAE%7C%7C?hl=en,google_business_us_profile,Décius Billy,2024-08-13,1,negative,"I buy one cars, today make 3 weeks I wait title this car is not came.","Title, Ownership, POA and Documentation",Title Delivery & Status,Title Not Received
rvw-000592,google.com,Google Business Profile (ADESA Washington D.C.),https://www.google.com/maps/reviews/data=!4m8!14m7!1m6!2m5!1sChZDSUhNMG9nS0VJQ0FnSUM3bkllUlZnEAE!2m1!1s0x0:0xdad802a3b6c7ae8a!3m1!1s2@1:CIHM0ogKEICAgIC7nIeRVg%7C%7C?hl=en,google_business_us_profile,Matt Auker,2024-08-13,5,positive,In and out quick to pickup a vehicle. Works for me!,"Vehicle Pickup, Delivery and Scheduling",Scheduled Pickup Status,Schedule/ Reschedule Pickup
rvw-000593,google.com,Google Business Profile (ADESA Golden Gate),https://www.google.com/maps/reviews/data=!4m8!14m7!1m6!2m5!1sChZDSUhNMG9nS0VJQ0FnSURiazZlSlV3EAE!2m1!1s0x0:0x1314b726513d9a91!3m1!1s2@1:CIHM0ogKEICAgIDbk6eJUw%7C%7C?hl=en,google_business_us_profile,Artak Harutyunyan,2024-08-09,1,negative,Poor customer service rude security staff and they just care about their fees not about customers or dealers they should understand that we are paying those fees that they can receive their paychecks sucks GM Jeff who is not professional,Customer Service & Communication,Agent Professionalism & Responsiveness,Rude/Unhelpful Support
rvw-000594,google.com,Google Business Profile (ADESA Golden Gate),https://www.google.com/maps/reviews/data=!4m8!14m7!1m6!2m5!1sChdDSUhNMG9nS0VJQ0FnSURibzZIT3l3RRAB!2m1!1s0x0:0x1314b726513d9a91!3m1!1s2@1:CIHM0ogKEICAgIDbo6HOywE%7C%7C?hl=en,google_business_us_profile,Speed One Locksmit,2024-08-08,1,negative,"Poor customer service thy care just about money unprofessional educated staff if could give them 0 they deserve even worst grade, I bought car that listed for sale and in the pictures you can see that car has key but when I went there for pick up the car no key and key is cost 2000$ at the dealership and GM Jeff promised me that he will call me back tomorrow for solving the problem but never called and I left 3 messages voicemail and email no answer",Customer Service & Communication,Support Access & Response Time,Long Hold Time / Hard to Reach Support
rvw-000595,google.com,Google Business Profile (ADESA Indianapolis),https://www.google.com/maps/reviews/data=!4m8!14m7!1m6!2m5!1sChZDSUhNMG9nS0VJQ0FnSURiNDZTamR3EAE!2m1!1s0x0:0xc49440319567678d!3m1!1s2@1:CIHM0ogKEICAgIDb46Sjdw%7C%7C?hl=en,google_business_us_profile,Honest Reviewer,2024-08-08,2,negative,Unfortunate events landed us here. (Husband had a massive stroke ) So our Vehicle was repoed and taken here (2 hours from our location) we set up an appointment to gather our personal belongings. I noticed everything was rummaged through ( feminine products thrown all over the vehicle) and some high dollar items were missing. After I got my belongings I told them what high dollar items were missing and they responded well I have to go look at the photos …. Ok go look at them. 25 mins later they come walking out with MY BELONGINGS!!!! They had my vehicle for 5 days and I had 31 days to collect my personal belongings they had zero right to go though all of my belongings and take what they wanted out of it. Until my 31 days was up they shouldn’t be touching anyone’s personal belongings just bc someone in that office wanted them. IF I didn’t claim my stuff in the 31 days then I would understand. But only 5 DAYS !? So if you ever have the unfortunate event that your vehicle gets repoed in the middle of moving like we did make sure you speak up about missing items bc employees go though EVERYTHING AND TAKE WHAT THEY WANT UNTIL YOU SHOW UP AND BUST THEM OUT ON STEALING.,Customer Service & Communication,Communication Follow-up & Escalation,No Callback / Unresolved Case
rvw-000596,google.com,Google Business Profile (Adesa Shreveport),https://www.google.com/maps/reviews/data=!4m8!14m7!1m6!2m5!1sChZDSUhNMG9nS0VJQ0FnSURiZzg3a0xBEAE!2m1!1s0x0:0x9fbc8be5108290bc!3m1!1s2@1:CIHM0ogKEICAgIDbg87kLA%7C%7C?hl=en,google_business_us_profile,Sanbreyel Milton,2024-08-08,1,negative,"Very disrespectful and inconsiderate I paid for my car 821.00 total in full and still waiting on my car despite your situation they only operate 3 outta 7 days a week this is one of many jobs that's wasting our tax money and time they get your vehicle and give you less then 3 days to pay it all in full and takes a week to release your vehicle and from the mouth of the supervisor 6 appointments a day is consider full and book just a sad case of an unorganized business and if you short staff why not let customers come and pickup their own possessions with a valid driver license matching name of car owner it make sense to me that will save time and money but this world Shreveport period is a sad disgrace this is a prime example why females shouldn't be in charge I WOULD NOT RECOMMEND ADESA for nothing and on top of it all the environment is dangerous and dirty beyond dirty trifling and lazy 7 days make a week and Adesa you only available 3 days Mondays, Tuesdays & Thursdays SAD apply yourselves AINT NO EXCUSES I wasn't trying to give yall 1 star but that's the only way I can send warning to the public and post my experience with yall trash company",Customer Service & Communication,Case Resolution Quality,Issue Not Resolved
rvw-000597,google.com,Google Business Profile (ADESA Los Angeles),https://www.google.com/maps/reviews/data=!4m8!14m7!1m6!2m5!1sChZDSUhNMG9nS0VJQ0FnSURicHM3VGZnEAE!2m1!1s0x0:0x65b0cf8a3592e7e!3m1!1s2@1:CIHM0ogKEICAgIDbps7Tfg%7C%7C?hl=en,google_business_us_profile,Becca Castillo,2024-08-04,1,negative,Had a bad encounter with the night security Name Jennifer I went up to the gate and I told her in spanish that if I could put my car in ..reason i told her in spanish cause she looks straight up Mexican but She came to me yelling and told me to speak English where in America I told her I do speak english but she started to yell at me like crazy I feel disrespected I had to call the manager and told her to leave I told him what happened and he said she was already fired for the same reason she had alot of complaints.,Customer Service & Communication,Agent Professionalism & Responsiveness,Rude/Unhelpful Support
rvw-000598,google.com,Google Business Profile (ADESA Dallas),https://www.google.com/maps/reviews/data=!4m8!14m7!1m6!2m5!1sChZDSUhNMG9nS0VJQ0FnSURiek1ha0hnEAE!2m1!1s0x0:0x6a47ae2265c7925d!3m1!1s2@1:CIHM0ogKEICAgIDbzMakHg%7C%7C?hl=en,google_business_us_profile,Garrett Oneal,2024-08-02,4,positive,Okay place. Fast-ish process never been? delivering? Pull into the lot right before the no trucks sign park. off load your vehicle. drive it into the left fork to the tan building it says CHECK IN in black letters Compared to manheim this place is great.,Account / Access / Login,Password Reset & Login Troubleshooting,App Login Troubleshooting
rvw-000269,birdeye.com,Birdeye (Birdeye),https://reviews.birdeye.com/adesa-cincinnati-dayton-149147997743249#review-3,birdeye_us_profile,Joan S.,2024-08-02,,positive,"I would rate Adesa Auto Body A + They were professional, pleasant and did an amazing job!",Customer Service & Communication,Agent Professionalism & Responsiveness,Helpful Support Experience
rvw-000599,google.com,Google Business Profile (ADESA Raleigh),https://www.google.com/maps/reviews/data=!4m8!14m7!1m6!2m5!1sChdDSUhNMG9nS0VJQ0FnSURiaUlQdXJnRRAB!2m1!1s0x0:0xd66dd4b29022f5b8!3m1!1s2@1:CIHM0ogKEICAgIDbiIPurgE%7C%7C?hl=en,google_business_us_profile,Jose Feliciano,2024-08-01,5,positive,Very nice location. Not a huge yard. Very well organized. The staff was extremely helpful. Parking is a little limited. If you get there and it's busy be patient. The staff keeps it moving there. Thank you for all the help.,Customer Service & Communication,Agent Professionalism & Responsiveness,Helpful Support Experience
rvw-000860,google.com,Google Business Profile (ADESA Chicago),https://www.google.com/maps/reviews/data=!4m8!14m7!1m6!2m5!1sChZDSUhNMG9nS0VJQ0FnSUNicDQyZmFBEAE!2m1!1s0x0:0x29cf546c41c2f6ff!3m1!1s2@1:CIHM0ogKEICAgICbp42faA%7C%7C?hl=en,google_business_us_profile,CARS CITY,2024-07-30,1,negative,ADESA CHICAGO SUPPORT ARE RUDE FROM THE SUPPORT DESK TO THE TITLE DESK ON THE PHONE AND MAYBE IN PERSON ALSO ! THEY LOST MY TITLE AT THE AUCTION AND THEY FOUND IT A MONTH LATER AND SEND IT !! THEY ORDER A DUPLICATE AND THEY ASK ME TO PAY FOR IT $200 I NEVER SEEN ANY AUCTION LIKE THAT IN MY 18 YESRS IN CAR BUSINESS!! THAY DONT EVEN DESERVE 1 STARS..,Customer Service & Communication,Agent Professionalism & Responsiveness,Rude/Unhelpful Support
rvw-000600,google.com,Google Business Profile (ADESA Orlando),https://www.google.com/maps/reviews/data=!4m8!14m7!1m6!2m5!1sChdDSUhNMG9nS0VJQ0FnSUNibWN6cXh3RRAB!2m1!1s0x0:0x2b5dc383485f1e3b!3m1!1s2@1:CIHM0ogKEICAgICbmczqxwE%7C%7C?hl=en,google_business_us_profile,Dana Benson,2024-07-28,1,negative,My vehicle was damaged during transport by them. I’ve been trying to get it fixed and made right for two months now. No voluntary updates. I have to hunt them down and even then I get the run around. It definitely feels like they’re just hoping that enough time passes and it’s not something that they have to fix even though they are 110% responsible And I have photographic proof showing that,"Lot Condition, Listing Status and related",Lot Condition Reporting,Lot Damage
rvw-000121,apps.apple.com,"Apple App Store (903860668, us)",https://itunes.apple.com/us/review?id=903860668&type=Purple%20Software&reviewId=11541105895,apple_us_store,Andy knows,2024-07-27,5,positive,Owner. All the time new app sign out automatically,Account / Access / Login,Password Reset & Login Troubleshooting,App Login Troubleshooting
rvw-000601,google.com,Google Business Profile (ADESA Lexington),https://www.google.com/maps/reviews/data=!4m8!14m7!1m6!2m5!1sChdDSUhNMG9nS0VJQ0FnSUNibG9uMm93RRAB!2m1!1s0x0:0x4fc12f9761b60e12!3m1!1s2@1:CIHM0ogKEICAgICblon2owE%7C%7C?hl=en,google_business_us_profile,sami sami,2024-07-26,5,positive,Is it public auction or no ?,Membership / Licensing / Fees & Bidding Policies,"Bidding Process, Rules and Fees",How to Bid (First Time)
rvw-000602,google.com,Google Business Profile (ADESA New Jersey),https://www.google.com/maps/reviews/data=!4m8!14m7!1m6!2m5!1sChdDSUhNMG9nS0VJQ0FnSUNiMXVycjF3RRAB!2m1!1s0x0:0xd01acd06305ff6fb!3m1!1s2@1:CIHM0ogKEICAgICb1urr1wE%7C%7C?hl=en,google_business_us_profile,Александр Гаевский,2024-07-26,5,positive,"good auction, great people.. i like it very much",Membership / Licensing / Fees & Bidding Policies,"Bidding Process, Rules and Fees",How to Bid (First Time)
rvw-000603,google.com,Google Business Profile (ADESA Sacramento),https://www.google.com/maps/reviews/data=!4m8!14m7!1m6!2m5!1sChdDSUhNMG9nS0VJQ0FnSUNiekpDenJRRRAB!2m1!1s0x0:0x6faa40eb8e88ad45!3m1!1s2@1:CIHM0ogKEICAgICbzJCzrQE%7C%7C?hl=en,google_business_us_profile,Todd Vinson,2024-07-24,1,negative,Horrible. bought a car online that was a 4.1 auto grade paid through ach so they told me no arbitration allowed red flag already. I know i am buying as is but this adesa has lazy employees who don’t disclose important details like strong gas smell broken power windows or even windshield cracks. they are very inconsistent,"Vehicle Pickup, Delivery and Scheduling",Delivery Coordination & Handoffs,Delivery Status and ETA
rvw-000604,google.com,Google Business Profile (ADESA Los Angeles),https://www.google.com/maps/reviews/data=!4m8!14m7!1m6!2m5!1sChdDSUhNMG9nS0VJQ0FnSUNiZ09LR2dBRRAB!2m1!1s0x0:0x65b0cf8a3592e7e!3m1!1s2@1:CIHM0ogKEICAgICbgOKGgAE%7C%7C?hl=en,google_business_us_profile,robert gonzalez,2024-07-22,1,negative,"Terrible customer service. Legit no one cares about your issue nor your complaints. They are just there to make money. Your complaints are also never their problem. Rude staff, lazy workers, horrendous customer service. Worst place to be at. Any damage to your car? Good-luck having them file a report for you.",Customer Service & Communication,Agent Professionalism & Responsiveness,Rude/Unhelpful Support
rvw-000605,google.com,Google Business Profile (ADESA Pittsburgh),https://www.google.com/maps/reviews/data=!4m8!14m7!1m6!2m5!1sChZDSUhNMG9nS0VJQ0FnSURyd19xTUh3EAE!2m1!1s0x0:0x50aee71ecf3394d9!3m1!1s2@1:CIHM0ogKEICAgIDrw_qMHw%7C%7C?hl=en,google_business_us_profile,Caitlyn Pike,2024-07-19,1,negative,"the lack of communication within this establishment is absurd. they do not explain what you need to do or bring to pick up your car. then when you start asking questions to understand what you need to do, they get angry and hang up!",Customer Service & Communication,Agent Professionalism & Responsiveness,Rude/Unhelpful Support
rvw-000606,google.com,Google Business Profile (ADESA Boise),https://www.google.com/maps/reviews/data=!4m8!14m7!1m6!2m5!1sChZDSUhNMG9nS0VJQ0FnSURyclBfRktREAE!2m1!1s0x0:0x2b11e609fd0594ed!3m1!1s2@1:CIHM0ogKEICAgIDrrP_FKQ%7C%7C?hl=en,google_business_us_profile,Angela Cuevas,2024-07-15,1,negative,"During my interaction with Renee, I was provided with information that later turned out to be inaccurate and misleading. This has caused me significant inconvenience and frustration. If I had recorded the conversation, I would have been compelled to explore legal avenues due to the false information provided and its potential impact on my situation. Additionally, I feel it's important to share my experience publicly to inform others who may interact with this company or renee, so they can be more vigilant in their dealings.",Membership / Licensing / Fees & Bidding Policies,"Bidding Process, Rules and Fees",Fees
rvw-000607,google.com,Google Business Profile (ADESA Pennsylvania),https://www.google.com/maps/reviews/data=!4m8!14m7!1m6!2m5!1sChdDSUhNMG9nS0VJQ0FnSUNyOTdUbTNRRRAB!2m1!1s0x0:0xadbe9fd728415dfa!3m1!1s2@1:CIHM0ogKEICAgICr97Tm3QE%7C%7C?hl=en,google_business_us_profile,"Mark C. Ehlmann, Sr.",2024-07-12,5,positive,Had the opportunity to meet with Kevin Luring / GM and found the auction facility to be one of the cleanest well run auctions in the country. Vey pleasant staff in the lanes and the office.,Customer Service & Communication,Agent Professionalism & Responsiveness,Helpful Support Experience
rvw-000608,google.com,Google Business Profile (ADESA Charlotte),https://www.google.com/maps/reviews/data=!4m8!14m7!1m6!2m5!1sChdDSUhNMG9nS0VJQ0FnSUNyb2ZDbnJBRRAB!2m1!1s0x0:0xf2323fccb522e151!3m1!1s2@1:CIHM0ogKEICAgICrofCnrAE%7C%7C?hl=en,google_business_us_profile,Sammy Harb,2024-07-08,5,positive,One of my best auctions,Membership / Licensing / Fees & Bidding Policies,"Bidding Process, Rules and Fees",How to Bid (First Time)
rvw-000609,google.com,Google Business Profile (ADESA Indianapolis),https://www.google.com/maps/reviews/data=!4m8!14m7!1m6!2m5!1sChZDSUhNMG9nS0VJQ0FnSUNyOGUzYUF3EAE!2m1!1s0x0:0xc49440319567678d!3m1!1s2@1:CIHM0ogKEICAgICr8e3aAw%7C%7C?hl=en,google_business_us_profile,Ethan Fosnight,2024-07-08,1,negative,"Had drinks of someone else’s left in my vehicle, my personal belongings were thrown all around the seats, and my vehicle had more miles on it than when I left it.","Lot Condition, Listing Status and related",Personal belongings/ items,Removal / Retrieval of items left in vehicle
rvw-000610,google.com,Google Business Profile (ADESA Pittsburgh),https://www.google.com/maps/reviews/data=!4m8!14m7!1m6!2m5!1sChdDSUhNMG9nS0VJQ0FnSUNydnFuRjJBRRAB!2m1!1s0x0:0x50aee71ecf3394d9!3m1!1s2@1:CIHM0ogKEICAgICrvqnF2AE%7C%7C?hl=en,google_business_us_profile,Jim McKesson,2024-07-07,1,negative,"They say vehicle pickup is available 24/7. I left 2 messages on their ""After Hours"" number requesting a callback. Never did. I had to pay a transporter extra to pickup during normal business hours.",Customer Service & Communication,Communication Follow-up & Escalation,No Callback / Unresolved Case
rvw-000611,google.com,Google Business Profile (ADESA Los Angeles),https://www.google.com/maps/reviews/data=!4m8!14m7!1m6!2m5!1sChZDSUhNMG9nS0VJQ0FnSUNyc0x6MmFREAE!2m1!1s0x0:0x65b0cf8a3592e7e!3m1!1s2@1:CIHM0ogKEICAgICrsLz2aQ%7C%7C?hl=en,google_business_us_profile,reynaldo castro,2024-07-03,1,negative,MY AUTOMOBILE WAS UNLAWFULLY REPOED. I HAVE HAD A POLICE RELEASE SINCE FEBRUARY 15TH THERE IS NO LEIN OR LEIN HOLDER they were removed 1 cuz I did not give consent but also cuz they are doing business under a canceled status and have no rights or privileges to enforce any claims. They have had my auto over 120 days and will not release. They have no right to my property they have violated my privacy. I have been 3 times in person and written letters they say because of their policy and the fact they do business with this company and not me they don't care. Sheriff I called said he won't do anything about it and if I report it as theft I could get in trouble They have no consent or contract with me. That being said I feel their is a bigger conspiracy going on. If anyone has suggestions. Please but this business is violating my rights and have no lawful reason to hold my auto yet there are no law enforcement willing to help those that are willing are outside this jurisdiction,Membership / Licensing / Fees & Bidding Policies,"Bidding Process, Rules and Fees",Fees
rvw-000254,birdeye.com,Birdeye (Birdeye),https://reviews.birdeye.com/adesa-cincinnati-dayton-149147997743249#review-3,birdeye_us_profile,Joan S.,2024-07-02,,positive,"I would rate Adesa Auto Body A + They were professional, pleasant and did an amazing job!",Customer Service & Communication,Agent Professionalism & Responsiveness,Helpful Support Experience
rvw-000612,google.com,Google Business Profile (ADESA Indianapolis),https://www.google.com/maps/reviews/data=!4m8!14m7!1m6!2m5!1sChdDSUhNMG9nS0VJQ0FnSURMeVlDajZBRRAB!2m1!1s0x0:0xc49440319567678d!3m1!1s2@1:CIHM0ogKEICAgIDLyYCj6AE%7C%7C?hl=en,google_business_us_profile,Car Loft,2024-06-28,1,negative,They dont know how to do their job. Nickie very rude in accommodating. Shout out to dealers to check on your PSI before you run out of time frame as they don’t inform you thru online system or never call you about the PSI. Very bad business would never buy from this location again.,Customer Service & Communication,Agent Professionalism & Responsiveness,Rude/Unhelpful Support
rvw-000613,google.com,Google Business Profile (ADESA Orlando),https://www.google.com/maps/reviews/data=!4m8!14m7!1m6!2m5!1sChdDSUhNMG9nS0VJQ0FnSURMa3JueXl3RRAB!2m1!1s0x0:0x2b5dc383485f1e3b!3m1!1s2@1:CIHM0ogKEICAgIDLkrnyywE%7C%7C?hl=en,google_business_us_profile,Peter Zahel,2024-06-26,1,negative,"Condition report 4.5, yet the whole car was repainted with a Dollar General spray can, with overspray all over and dull finish. Cheap car but condition report extremely inaccurate and elevated favoring the seller (4.5 means extra clean near flawless). Fees are outrageous and much higher over other locations. Customer service is absolutely the worst I have seen in nearly 30 years in business. Employee sent me to a wrong place to pick up purchased vehicle; after hour of searching in 110 degree weather I returned to the office. The vehicle was actually located on another lot over mile away. Asked every employee to please provide a shuttle (informing them I am 2 weeks from open heart surgery with severe aortic aneurysm and can't make that walk in the heat after spending my time searching at the wrong place). Was told to walk. Sheriff policing the lot wouldn't even give me a ride back to the office after I was sent to wrong location (told him my condition as well). Wonder if I would be treated differently working for their main seller Tesla. Props to lady working in a sold lot guard shack. She gave me water and was very concerned. Over years in business I purchased over 3,000 cars in auctions, priced from $3,000 to $250,000. Adesa Orlando is one of my worst experiences.",Customer Service & Communication,Agent Professionalism & Responsiveness,Rude/Unhelpful Support
rvw-000237,birdeye.com,Birdeye (Birdeye),https://reviews.birdeye.com/adesa-cincinnati-dayton-149147997743249#review-3,birdeye_us_profile,Joan S.,2024-06-26,,positive,"I would rate Adesa Auto Body A + They were professional, pleasant and did an amazing job!",Customer Service & Communication,Agent Professionalism & Responsiveness,Helpful Support Experience
rvw-000614,google.com,Google Business Profile (ADESA Nashville),https://www.google.com/maps/reviews/data=!4m8!14m7!1m6!2m5!1sChZDSUhNMG9nS0VJQ0FnSUNMdGFhb0F3EAE!2m1!1s0x0:0xd23aeb9d1365f256!3m1!1s2@1:CIHM0ogKEICAgICLtaaoAw%7C%7C?hl=en,google_business_us_profile,Robert Lipe,2024-06-22,4,positive,"Carvana booth was unstaffed during our appointed drop-off time, but eventually someone was found and we were quickly on our way.",Customer Service & Communication,Agent Professionalism & Responsiveness,Helpful Support Experience
rvw-000615,google.com,Google Business Profile (ADESA Sarasota),https://www.google.com/maps/reviews/data=!4m8!14m7!1m6!2m5!1sChZDSUhNMG9nS0VJQ0FnSUNMdnVfZUxREAE!2m1!1s0x0:0x130e5c78c2260a73!3m1!1s2@1:CIHM0ogKEICAgICLvu_eLQ%7C%7C?hl=en,google_business_us_profile,Jon Hawkins,2024-06-19,5,positive,In and out great auction place!!,Membership / Licensing / Fees & Bidding Policies,"Bidding Process, Rules and Fees",How to Bid (First Time)
rvw-000616,google.com,Google Business Profile (ADESA Charlotte),https://www.google.com/maps/reviews/data=!4m8!14m7!1m6!2m5!1sChdDSUhNMG9nS0VJQ0FnSUNMbHByN3hRRRAB!2m1!1s0x0:0xf2323fccb522e151!3m1!1s2@1:CIHM0ogKEICAgICLlpr7xQE%7C%7C?hl=en,google_business_us_profile,ana romero,2024-06-18,1,negative,"CARRIERS and buyers BEWARE!!!! I am a transporter. I have been here for pick up for over 2hrs, the unit I am here for is missing. After wasting my time and sending me to the back lot and Searching for one hour, they tracked the GPS and the car is in motion. What?! Someone is using it!!! That is CRAZY! Unprofessional and inconsiderate! TIME IS MONEY!!!! The worst part is that everystaff member is playing hot potato about the situation, it's nobodies problem and no one knows anything. They keep calling it on their radio and all we're told is ""wait upfront, when they find it they'll bring it up"" That is no way to do business!",Customer Service & Communication,Agent Professionalism & Responsiveness,Rude/Unhelpful Support
rvw-000617,google.com,Google Business Profile (ADESA Dallas),https://www.google.com/maps/reviews/data=!4m8!14m7!1m6!2m5!1sChZDSUhNMG9nS0VJQ0FnSUNMeXNXaWJREAE!2m1!1s0x0:0x6a47ae2265c7925d!3m1!1s2@1:CIHM0ogKEICAgICLysWibQ%7C%7C?hl=en,google_business_us_profile,Mimi M (Crazycook64),2024-06-17,1,negative,"Back at this place today...trying to get the gate passes needed is like pulling teeth! One day you get them here & then the next at another place !! Why can't it just be at the same place every time! My time is just as important to me, as yours is to you. This place closed early today, at 3pm instead of 5pm. There was no notice on their website about this & we drove over 2 hrs only to have to come back tomorrow!! A waste of time & money!","Vehicle Pickup, Delivery and Scheduling",Pickup Order Management,Gate Pass Assistance
rvw-000618,google.com,Google Business Profile (ADESA Boise),https://www.google.com/maps/reviews/data=!4m8!14m7!1m6!2m5!1sChZDSUhNMG9nS0VJQ0FnSUR6MzZiWFhBEAE!2m1!1s0x0:0x2b11e609fd0594ed!3m1!1s2@1:CIHM0ogKEICAgIDz36bXXA%7C%7C?hl=en,google_business_us_profile,J Fin,2024-06-13,1,negative,"They obviously are paying people to write their reviews. The buy fees are an insult. Dave the general manager is a complete moron. Dealers, you can do better than this third rate auction.",Customer Service & Communication,Agent Professionalism & Responsiveness,Rude/Unhelpful Support
rvw-000619,google.com,Google Business Profile (ADESA Charlotte),https://www.google.com/maps/reviews/data=!4m8!14m7!1m6!2m5!1sChZDSUhNMG9nS0VJQ0FnSUR6cmQ2a0dREAE!2m1!1s0x0:0xf2323fccb522e151!3m1!1s2@1:CIHM0ogKEICAgIDzrd6kGQ%7C%7C?hl=en,google_business_us_profile,Michael Prince,2024-06-11,1,negative,had a trucker break down so it took a few extra days to get it.. $183 in storage late fees. last buyer fee you're gonna get,Membership / Licensing / Fees & Bidding Policies,"Bidding Process, Rules and Fees",Fees
rvw-000182,reddit.com,Reddit r/askcarsales,https://www.reddit.com/r/askcarsales/comments/1d8fxyv/manheim_versus_adesa/,mixed_source_ok,Loud-Carry2124,2024-06-05,,positive,"Manheim versus Adesa Title pretty much says it all. Which, auction sites (could be other ones too) work best for you?","Title, Ownership, POA and Documentation",Power of Attorney (POA) Handling,POA Requirements Clarification
rvw-000861,google.com,Google Business Profile (ADESA Chicago),https://www.google.com/maps/reviews/data=!4m8!14m7!1m6!2m5!1sChdDSUhNMG9nS0VJQ0FnSUN6NGVMbG9BRRAB!2m1!1s0x0:0x29cf546c41c2f6ff!3m1!1s2@1:CIHM0ogKEICAgICz4eLloAE%7C%7C?hl=en,google_business_us_profile,Ahmed Abdalkareem,2024-06-02,5,positive,A nice car auction has several options and car brands,Membership / Licensing / Fees & Bidding Policies,"Bidding Process, Rules and Fees",How to Bid (First Time)
rvw-000620,google.com,Google Business Profile (ADESA Cincinnati/Dayton),https://www.google.com/maps/reviews/data=!4m8!14m7!1m6!2m5!1sChZDSUhNMG9nS0VJQ0FnSUN6aG9EZ2ZBEAE!2m1!1s0x0:0x35280de626a14dbf!3m1!1s2@1:CIHM0ogKEICAgICzhoDgfA%7C%7C?hl=en,google_business_us_profile,James Poff,2024-06-01,5,positive,I am a tow truck driver and this place is the best place to get car from auction clean not a head ace,"Vehicle Pickup, Delivery and Scheduling",Tow and Storage Charges,Tow and Storage Fees
rvw-000621,google.com,Google Business Profile (ADESA Atlanta),https://www.google.com/maps/reviews/data=!4m8!14m7!1m6!2m5!1sChZDSUhNMG9nS0VJQ0FnSUN6bk9hR2VREAE!2m1!1s0x0:0x8ca5797c8ce4da57!3m1!1s2@1:CIHM0ogKEICAgICznOaGeQ%7C%7C?hl=en,google_business_us_profile,osman ashri,2024-05-31,5,positive,I want to thank mr Patrick the security manager for his help he is very professional and very very kind thanks Mr Patrick thanks adesa team,Customer Service & Communication,Agent Professionalism & Responsiveness,Helpful Support Experience
rvw-000622,google.com,Google Business Profile (ADESA Atlanta),https://www.google.com/maps/reviews/data=!4m8!14m7!1m6!2m5!1sChZDSUhNMG9nS0VJQ0FnSUN6cE1fSUJ3EAE!2m1!1s0x0:0x8ca5797c8ce4da57!3m1!1s2@1:CIHM0ogKEICAgICzpM_IBw%7C%7C?hl=en,google_business_us_profile,Ashata Greshem,2024-05-31,1,negative,"NO STARS. NO STARS. NO STARS..HORRIBLE ( ONLY WAY TO POST) Review 👎🏾👎🏾👎🏾👎🏾 No stars. This place pulled my car apart like pull apart. Portray to be professional but clearly they are not. I cried in the parking lot as I picked up my car. All my fuses were basically sitting on top windshield underneath hood as if.. then my battery was tooken out, & my front grill was literally hanging on by a thread.. Horrifying.Just horrible. This place should be investigated. Have you sign a paper stating they're not responsible for any damages but clearly they are . I never understand how people, kick u while you're down. But moral of the story "" This place is horrible"". I don't care about the paper I signed the same way the don't care about the service they are supposed to be providing. Horrible. Don't do any business with them. That's Not all..but, this is clearly a pull a part and they should promote that as the business. ONLY Way to post this is by giving a star .. But No Star👎🏾👎🏾 HORRIBLE",Customer Service & Communication,Agent Professionalism & Responsiveness,Rude/Unhelpful Support
rvw-000623,google.com,Google Business Profile (ADESA Cincinnati/Dayton),https://www.google.com/maps/reviews/data=!4m8!14m7!1m6!2m5!1sChdDSUhNMG9nS0VJQ0FnSUN6N0s2RXh3RRAB!2m1!1s0x0:0x35280de626a14dbf!3m1!1s2@1:CIHM0ogKEICAgICz7K6ExwE%7C%7C?hl=en,google_business_us_profile,Jamiea Walsh,2024-05-31,1,negative,"Rude front desk ladies, they just give nasty attitudes. I wish I had their names to put them on here. Would not recommend this place at all",Customer Service & Communication,Agent Professionalism & Responsiveness,Rude/Unhelpful Support
rvw-000862,google.com,Google Business Profile (ADESA Chicago),https://www.google.com/maps/reviews/data=!4m8!14m7!1m6!2m5!1sChZDSUhNMG9nS0VJQ0FnSUN6cUxyTlNBEAE!2m1!1s0x0:0x29cf546c41c2f6ff!3m1!1s2@1:CIHM0ogKEICAgICzqLrNSA%7C%7C?hl=en,google_business_us_profile,Taylar Henderson,2024-05-30,1,negative,"My car was damaged here and they tried to get me to sign a paper waiving them of all responsibilities. After refusing and deciding to reach out to the PAR, they are now offering ro repair my car without accepting liability. These are scumbag, low life, liars and scammers and they will sit and lie in your face. DON'T SIGN A SINGLE THING FROM THEM.","Lot Condition, Listing Status and related",Lot Condition Reporting,Lot Damage
rvw-000624,google.com,Google Business Profile (ADESA Flint),https://www.google.com/maps/reviews/data=!4m8!14m7!1m6!2m5!1sChZDSUhNMG9nS0VJQ0FnSUN6b0pXN093EAE!2m1!1s0x0:0xc67e3588b4be2a48!3m1!1s2@1:CIHM0ogKEICAgICzoJW7Ow%7C%7C?hl=en,google_business_us_profile,Ankit Singh,2024-05-29,1,negative,"Dealers beware, I purchased a car from this location and transporter took few extra day to pick up. Adesa flint added storage fees and wouldn't work with me on the fees. Lost a buyer over $56 storage fee. The staff are all on different pages, one person will tell you one thing and the other will tell you different, dealers end up paying at the end.",Customer Service & Communication,Agent Professionalism & Responsiveness,Rude/Unhelpful Support
rvw-000625,google.com,Google Business Profile (ADESA Phoenix),https://www.google.com/maps/reviews/data=!4m8!14m7!1m6!2m5!1sChdDSUhNMG9nS0VJQ0FnSURUOTliRTVBRRAB!2m1!1s0x0:0x5e1b863ca8625930!3m1!1s2@1:CIHM0ogKEICAgIDT99bE5AE%7C%7C?hl=en,google_business_us_profile,Vlad Tepes,2024-05-29,1,negative,"After the rookie security guard pointed me in the wrong direction to find a car, the staff in the office did the same 😡 I walked that yard for an hour in 104 degrees at 3:30 PM. Unacceptable, people can die. Adesa needs to hire more capable staff to help locate cars fast, especially in the summertime.",Customer Service & Communication,Agent Professionalism & Responsiveness,Rude/Unhelpful Support
rvw-000626,google.com,Google Business Profile (ADESA Los Angeles),https://www.google.com/maps/reviews/data=!4m8!14m7!1m6!2m5!1sChZDSUhNMG9nS0VJQ0FnSURUaDcyS093EAE!2m1!1s0x0:0x65b0cf8a3592e7e!3m1!1s2@1:CIHM0ogKEICAgIDTh72KOw%7C%7C?hl=en,google_business_us_profile,SHAKEEL AHMAD,2024-05-28,1,negative,"worst location, this is the third time they have held titles for over two months, in systems it showed that they received the title but they are not shipping it, last time it took two months for them to send my titles, and now I am stuck again, talk to the GM Jesse, this guy doesn't care, I am calling every person every day and can't get to anyone listen and help. never will buy from this location","Title, Ownership, POA and Documentation",Title Delivery & Status,Title Not Received
rvw-000627,google.com,Google Business Profile (ADESA San Antonio),https://www.google.com/maps/reviews/data=!4m8!14m7!1m6!2m5!1sChZDSUhNMG9nS0VJQ0FnSURUanVPX2RREAE!2m1!1s0x0:0xc0ff65b103a17103!3m1!1s2@1:CIHM0ogKEICAgIDTjuO_dQ%7C%7C?hl=en,google_business_us_profile,Jonathan Aldaiz,2024-05-24,1,negative,I paid my fees and they still wouldn’t get my car . the lady’s in the redemption office work at their own pace and make me wait an extra 3 days . I was literally the only one here and the process takes less than 30 minutes now I have to come back and spent money I didn’t have getting here .,Membership / Licensing / Fees & Bidding Policies,"Bidding Process, Rules and Fees",Fees
rvw-000628,google.com,Google Business Profile (ADESA Jacksonville),https://www.google.com/maps/reviews/data=!4m8!14m7!1m6!2m5!1sChZDSUhNMG9nS0VJQ0FnSURUMExmM2VnEAE!2m1!1s0x0:0x75945523880f8c83!3m1!1s2@1:CIHM0ogKEICAgIDT0Lf3eg%7C%7C?hl=en,google_business_us_profile,Larry Smith,2024-05-21,1,negative,Adesa is the worst auction around.,Membership / Licensing / Fees & Bidding Policies,"Bidding Process, Rules and Fees",Fees
rvw-000629,google.com,Google Business Profile (ADESA Boston),https://www.google.com/maps/reviews/data=!4m8!14m7!1m6!2m5!1sChdDSUhNMG9nS0VJQ0FnSUNUNzlpRXFBRRAB!2m1!1s0x0:0x159ea0564a37c95b!3m1!1s2@1:CIHM0ogKEICAgICT79iEqAE%7C%7C?hl=en,google_business_us_profile,Taimur Shah,2024-05-20,1,negative,"If you are going to plan on selling a car over here do not try I tried selling three cars. One of them got sold for 1500 one of them got sold for 1000 and another one got sold for 1100 they were trying to get sold for one month after they were sold, they minus the fees and everything in the end they told me I need to pay them $25, so basically when I sold all three cars I didn’t get nothing. I had to pay them $25. All the money of my cars that they sold to other dealers Now I have one more car over there going to pick it up and junk it for 500 instead which will be beneficial for me.",Membership / Licensing / Fees & Bidding Policies,"Bidding Process, Rules and Fees",Fees
rvw-000630,google.com,Google Business Profile (ADESA Los Angeles),https://www.google.com/maps/reviews/data=!4m8!14m7!1m6!2m5!1sChdDSUhNMG9nS0VJQ0FnSUNUdlkyazBnRRAB!2m1!1s0x0:0x65b0cf8a3592e7e!3m1!1s2@1:CIHM0ogKEICAgICTvY2k0gE%7C%7C?hl=en,google_business_us_profile,Chango Essentials,2024-05-18,1,negative,"Terrible Customer Service , Manager was rude and disrespectful, DONT COME HERE, they don’t care about you .",Customer Service & Communication,Agent Professionalism & Responsiveness,Rude/Unhelpful Support
rvw-000631,google.com,Google Business Profile (ADESA Charlotte),https://www.google.com/maps/reviews/data=!4m8!14m7!1m6!2m5!1sChdDSUhNMG9nS0VJQ0FnSUNUb2VXZXhBRRAB!2m1!1s0x0:0xf2323fccb522e151!3m1!1s2@1:CIHM0ogKEICAgICToeWexAE%7C%7C?hl=en,google_business_us_profile,Trevor Arnett,2024-05-15,1,negative,THEY SELL VEHICLES WITH STUCTURE DAMAGE AND DO NOT ANNOUNCE IT. BEWARE,"Lot Condition, Listing Status and related",Lot Condition Reporting,Lot Damage
rvw-000632,google.com,Google Business Profile (ADESA Cincinnati/Dayton),https://www.google.com/maps/reviews/data=!4m8!14m7!1m6!2m5!1sChZDSUhNMG9nS0VJQ0FnSUNUM3ZhLVl3EAE!2m1!1s0x0:0x35280de626a14dbf!3m1!1s2@1:CIHM0ogKEICAgICT3va-Yw%7C%7C?hl=en,google_business_us_profile,Clifford Butts,2024-05-15,5,positive,Been going here for 11 yrs to this location & 2 yrs to the Ocala Florida location before moving back to Ohio. Both are amazing for there own reasons. However the employees and staff here are really good people. If I could change anything it be the fee to get in for public buyers. I feel it should go back to a yearly fee & we should be able to be assigned bidder numbers that stay our numbers and we should be able to scan our ID to get our bidder pass. It be easier & faster. Less stress on the girls at the counter.,Customer Service & Communication,Agent Professionalism & Responsiveness,Helpful Support Experience
rvw-000633,google.com,Google Business Profile (ADESA Charlotte),https://www.google.com/maps/reviews/data=!4m8!14m7!1m6!2m5!1sChZDSUhNMG9nS0VJQ0FnSUNUOXRHOVZ3EAE!2m1!1s0x0:0xf2323fccb522e151!3m1!1s2@1:CIHM0ogKEICAgICT9tG9Vw%7C%7C?hl=en,google_business_us_profile,Frank Ramirez,2024-05-14,1,negative,Call many time to check if my car is ready to pick up and they never have time to take the call bad customer service,Customer Service & Communication,Agent Professionalism & Responsiveness,Rude/Unhelpful Support
rvw-000634,google.com,Google Business Profile (ADESA Tampa),https://www.google.com/maps/reviews/data=!4m8!14m7!1m6!2m5!1sChZDSUhNMG9nS0VJQ0FnSUNUdE9uR1lBEAE!2m1!1s0x0:0x2d3addad274be2eb!3m1!1s2@1:CIHM0ogKEICAgICTtOnGYA%7C%7C?hl=en,google_business_us_profile,adam barsoum,2024-05-11,1,negative,It's really a shame . I really love that place however that new manager I guess his name is Mike or Michael he is the worst person on the face of this Earth I can't believe a company like Odessa let the person like this to be the manager of their operation I will not even hiring him to be my dog walker 0 personality and 0 professionalism. It is a lot of auction next to Odessa and much better treat in their customer find somewhere else,Customer Service & Communication,Agent Professionalism & Responsiveness,Rude/Unhelpful Support
rvw-000863,google.com,Google Business Profile (ADESA Chicago),https://www.google.com/maps/reviews/data=!4m8!14m7!1m6!2m5!1sChdDSUhNMG9nS0VJQ0FnSUNUaE5IcXJ3RRAB!2m1!1s0x0:0x29cf546c41c2f6ff!3m1!1s2@1:CIHM0ogKEICAgICThNHqrwE%7C%7C?hl=en,google_business_us_profile,Jordan McGee,2024-05-11,2,negative,"What started out grade is consistently hit or miss. Winning cars with no faults or alarms announced only to check the Carfax after taking delivery of them, and seeing that “structural damage due to seller visual inspection” had been reported THE SAME DAY as the auction close began the erosion of trust. This happened multiple times, so we thought about only selling cars through there to avoid the deceptive headache. THEN while waiting for one of our cars to be run through auction, they jumped it incorrectly and damaged the car to where it couldn’t be run through auction— which they also didn’t bother to tell us until after we called to find out why it wasn’t being listed in the simulcast with our other cars. I’m choosing to believe that this is simply poor decision making by an errant employee or two instead of a systemic issue with Adesa — time will tell.","Lot Condition, Listing Status and related",Lot Condition Reporting,Lot Damage
rvw-000635,google.com,Google Business Profile (ADESA Los Angeles),https://www.google.com/maps/reviews/data=!4m8!14m7!1m6!2m5!1sChZDSUhNMG9nS0VJQ0FnSURqX2NhNllBEAE!2m1!1s0x0:0x65b0cf8a3592e7e!3m1!1s2@1:CIHM0ogKEICAgIDj_ca6YA%7C%7C?hl=en,google_business_us_profile,Jerson Reyes,2024-05-06,1,negative,I got my car repoed on 4/08/2024 and I took them almost a whole month to be able to find my car and release the car. Even the bank had issues finding the car with then and the executive office called their redemptions department and still got send to voicemail. What’s even worse is after waiting this long my bmw has the trunk lock broken and the rear interior is taken apart. I can’t understand how this business is still standing and allowing their employees to be racing and revving cars down the street. For the pictures I left that’s the mess their employees left behind. Thanks adesa,Customer Service & Communication,Agent Professionalism & Responsiveness,Rude/Unhelpful Support
rvw-000636,google.com,Google Business Profile (ADESA Flint),https://www.google.com/maps/reviews/data=!4m8!14m7!1m6!2m5!1sChdDSUhNMG9nS0VJQ0FnSUNqbDhtR2lRRRAB!2m1!1s0x0:0xc67e3588b4be2a48!3m1!1s2@1:CIHM0ogKEICAgICjl8mGiQE%7C%7C?hl=en,google_business_us_profile,Joshua E,2024-04-26,1,negative,"Adesa has gone completely downhill since Carvana purchased them. If you have any issues you can call corporate but they won't do anything. It's up to the GM and the GM will do nothing and If you want to pursue further you have to contact Carvana and then go through their legal team which will take months. They also do not follow their own NAAA Arbitration Policy. They will post pictures of items and then they end up being removed. The best piece of advice I can give to anyone wanting to purchase from a car auction is Manheim,ACV, Kalamazoo, Grand Rapids, Fastlane ect.",Customer Service & Communication,Agent Professionalism & Responsiveness,Rude/Unhelpful Support
rvw-000183,reddit.com,Reddit r/askcarsales,https://www.reddit.com/r/askcarsales/comments/1cblbtg/am_i_able_to_sue_the_auction_for_this/,mixed_source_ok,Prorawdawger,2024-04-24,,negative,"Am I able to sue the auction for this? Im a small used car dealer and I mainly from American auto and adesa in my area (FL). But for once this week I decided let me give manheim auction a try, which is really one of the main auction in the whole dealer industry. So I buy this vehicle which had Condition report of 3.0, not bad but needed some TLC, and it had no reported Structure issues on the report nor on the bid. When I got to pick up the car, I saw the engine started making weird noise which obviously wasn’t there when I tested it. This was one of my biggest losses although it was buy of under $5000, but whatever you lose some I guess. So I decided to leave it at the auction Same day again to sell for a loss. And I come to find out this time when they did a condition report they reported the car had structural damage. I have evidence of both reports. There has to be something I’m able to do right?","Lot Condition, Listing Status and related",Lot Condition Reporting,Lot Damage
rvw-000637,google.com,Google Business Profile (ADESA San Antonio),https://www.google.com/maps/reviews/data=!4m8!14m7!1m6!2m5!1sChZDSUhNMG9nS0VJQ0FnSUNqeXRhdU5nEAE!2m1!1s0x0:0xc0ff65b103a17103!3m1!1s2@1:CIHM0ogKEICAgICjytauNg%7C%7C?hl=en,google_business_us_profile,Mimi M (Crazycook64),2024-04-20,5,positive,"Great car auction. They were very professional & helpful & the cars were clean, well running & a good value",Customer Service & Communication,Agent Professionalism & Responsiveness,Helpful Support Experience
rvw-000638,google.com,Google Business Profile (Carvana/ADESA Portland),https://www.google.com/maps/reviews/data=!4m8!14m7!1m6!2m5!1sChdDSUhNMG9nS0VJQ0FnSUNqdk1ycTNRRRAB!2m1!1s0x0:0xc781b435f48e0e60!3m1!1s2@1:CIHM0ogKEICAgICjvMrq3QE%7C%7C?hl=en,google_business_us_profile,Carl Archey,2024-04-19,5,positive,The new parts manager was so knowledgeable. Answered all my questions and was just so friendly.,Customer Service & Communication,Agent Professionalism & Responsiveness,Helpful Support Experience
rvw-000122,apps.apple.com,"Apple App Store (903860668, us)",https://itunes.apple.com/us/review?id=903860668&type=Purple%20Software&reviewId=11177208557,apple_us_store,Sirwan6T6,2024-04-19,5,positive,"I like the app tools and options, but. I hope they can add a option button when the seller asking for more money so I can make the counter offer at that moment while I am buying online from the app.",Account / Access / Login,Password Reset & Login Troubleshooting,App Login Troubleshooting
rvw-000184,apps.apple.com,"Apple App Store (903860668, us)",https://apps.apple.com/us/app/id903860668?see-all=reviews&platform=iphone&reviewId=11177208557,apple_us_store,Sirwan6T6,2024-04-19,5,positive,"I like the app tools and options, but. I hope they can add a option button when the seller asking for more money so I can make the counter offer at that moment while I am buying online from the app",Account / Access / Login,Password Reset & Login Troubleshooting,App Login Troubleshooting
rvw-000639,google.com,Google Business Profile (ADESA Flint),https://www.google.com/maps/reviews/data=!4m8!14m7!1m6!2m5!1sChdDSUhNMG9nS0VJQ0FnSUNqbUpTbm93RRAB!2m1!1s0x0:0xc67e3588b4be2a48!3m1!1s2@1:CIHM0ogKEICAgICjmJSnowE%7C%7C?hl=en,google_business_us_profile,rick leonard III,2024-04-17,1,negative,"PLACE IS ABSOLUTELY TERRIBLE ! No two people are on the same page , everything requires so much extra work compared to other auctions .THEY RUINED WHAT FAA WAS ! :( however, the biggest issue is the people/staff ! Just wow , The whole vibe is off / very unhappy rude people ! U can feel the negativity the second you walk in. Im a 20yr car veteran here , business owner , I don’t leave bad reviews. But my experience here is mindblowing . I’m Just a car guy trying to buy cars 🤦🏻‍♂️. I literally started out working at auctions . It’s actually heart breaking to see what “flint auto auction “ turned into . I know almost every person and face in the industry and the talk of the lanes isn’t positive for this location . Most auctions look to establish/build great relationships . Someone needs to tell Adessa flint “The dealer is your the valuable asset!”. Speaking on my personal experience with this flint location . I have been nothing short of harassed and treated unfairly. I’ve even been physically threatened! Called every name , told to “beat it” “hit the door” “don’t come back “ managers tell me “why would you come here “ . been threatened to a serious degree / fear of bodily harm ! My son (19) has been accused of stealing ! We have done nothing but respond accordingly to such treatment ! I’ve been subject to bias actions / treated unfairly on the business side as well . Account shut down fraudulently etc etc etc !! At this point the level of harassment has brought me to contact corp & I will be speaking with an attorney. Yes it’s that bad ! 20 yrs in the game & These issues exist no where else ! In fact at ALL others auctions , its complete opposite! first name basis ! Your badge is waiting for you with a smile ! Great conversation / All smiles and good times as it should be ! Down to the drivers ! & Issues are handled professionally if they do occur. auctions should be a fun place , you spend tons of money and want AN EQUAL OPPORTUNITY! to be treated fairly and appreciated !!!!!!!!!",Customer Service & Communication,Communication Follow-up & Escalation,No Callback / Unresolved Case
rvw-000123,birdeye.com,Birdeye (Birdeye),https://reviews.birdeye.com/adesa-cincinnati-dayton-149147997743249#review-4,birdeye_us_profile,Tim J.,2024-04-17,,positive,"Great customer service!!! The staff is top notch, friendly and knowledgeable!!!.",Customer Service & Communication,Agent Professionalism & Responsiveness,Helpful Support Experience
rvw-000124,apps.apple.com,"Apple App Store (903860668, us)",https://itunes.apple.com/us/review?id=903860668&type=Purple%20Software&reviewId=11164839957,apple_us_store,Card Shark 19,2024-04-16,4,positive,Adesa app. Pretty good ap overall but definitely could use some tweaking. Hopefully they can adjust it in the future but it’s useable for now.,Account / Access / Login,Password Reset & Login Troubleshooting,App Login Troubleshooting
rvw-000640,google.com,Google Business Profile (ADESA Tampa),https://www.google.com/maps/reviews/data=!4m8!14m7!1m6!2m5!1sChdDSUhNMG9nS0VJQ0FnSUREeGJXWXd3RRAB!2m1!1s0x0:0x2d3addad274be2eb!3m1!1s2@1:CIHM0ogKEICAgIDDxbWYwwE%7C%7C?hl=en,google_business_us_profile,Nan Bee,2024-04-12,4,positive,They don't treat out of town people fare.,"Vehicle Pickup, Delivery and Scheduling",Tow and Storage Charges,Tow and Storage Fees
rvw-000864,google.com,Google Business Profile (ADESA Chicago),https://www.google.com/maps/reviews/data=!4m8!14m7!1m6!2m5!1sChdDSUhNMG9nS0VJQ0FnSUREaWRqR2p3RRAB!2m1!1s0x0:0x29cf546c41c2f6ff!3m1!1s2@1:CIHM0ogKEICAgIDDidjGjwE%7C%7C?hl=en,google_business_us_profile,Noah Juvan,2024-04-11,5,positive,"If u arrived either after hours and or late nights, park then walk to the guard shack you will see a sign posted with phone number for 24/7 delivery","Vehicle Pickup, Delivery and Scheduling",Scheduled Pickup Status,Schedule/ Reschedule Pickup
rvw-000641,google.com,Google Business Profile (ADESA Flint),https://www.google.com/maps/reviews/data=!4m8!14m7!1m6!2m5!1sChdDSUhNMG9nS0VJQ0FnSUREMUsyZG1RRRAB!2m1!1s0x0:0xc67e3588b4be2a48!3m1!1s2@1:CIHM0ogKEICAgIDD1K2dmQE%7C%7C?hl=en,google_business_us_profile,Charbel Karam,2024-04-06,1,negative,Very rude night staff for vehicle pickup. Arrived 25 minutes before close to pick up one unit and shop is an hour away from this location and they were closing the gates early and got confronted by a man with the nastiest attitude I’ve ever seen. Bought a lot of vehicles from here but I am certain because this wasn’t just the first time this happened this will be the last time I do business with this auction. I spend my money here to not get treated like garbage. Every businesses customers would expect a little bit of respect and decency at the least when buying from them.,Customer Service & Communication,Agent Professionalism & Responsiveness,Rude/Unhelpful Support
rvw-000125,apps.apple.com,"Apple App Store (903860668, us)",https://itunes.apple.com/us/review?id=903860668&type=Purple%20Software&reviewId=11125448020,apple_us_store,Cheap cars II,2024-04-05,5,positive,David. It’s very nice to bid on and find vehicles you want to buy. Good and easy to use.,Membership / Licensing / Fees & Bidding Policies,"Bidding Process, Rules and Fees",How to Bid (First Time)
rvw-000642,google.com,Google Business Profile (ADESA Cincinnati/Dayton),https://www.google.com/maps/reviews/data=!4m8!14m7!1m6!2m5!1sChZDSUhNMG9nS0VJQ0FnSUNEdC16T2N3EAE!2m1!1s0x0:0x35280de626a14dbf!3m1!1s2@1:CIHM0ogKEICAgICDt-zOcw%7C%7C?hl=en,google_business_us_profile,Ted Serano,2024-04-03,1,negative,Anyone who is going to bid on a car keep in mind if they announce Structural damage they're the only auction that will mark it and show up on Carfax which will severely decrease the value of it.,"Lot Condition, Listing Status and related",Lot Condition Reporting,Lot Damage
rvw-000643,google.com,Google Business Profile (ADESA Colorado Springs),https://www.google.com/maps/reviews/data=!4m8!14m7!1m6!2m5!1sChdDSUhNMG9nS0VJQ0FnSUNEeVlxcXB3RRAB!2m1!1s0x0:0x3763243d9222434b!3m1!1s2@1:CIHM0ogKEICAgICDyYqqpwE%7C%7C?hl=en,google_business_us_profile,Eric Smith,2024-03-29,1,negative,Terrible place to buy a car and customer service is horrible. Never received title,Customer Service & Communication,Agent Professionalism & Responsiveness,Rude/Unhelpful Support
rvw-000644,google.com,Google Business Profile (ADESA Golden Gate),https://www.google.com/maps/reviews/data=!4m8!14m7!1m6!2m5!1sChdDSUhNMG9nS0VJQ0FnSUNEMXVuUGhRRRAB!2m1!1s0x0:0x1314b726513d9a91!3m1!1s2@1:CIHM0ogKEICAgICD1unPhQE%7C%7C?hl=en,google_business_us_profile,samouil kesserwani,2024-03-28,5,positive,"ADESA Golden Gate is a great place to buy cars, always friendly staff and a great selection of cars. Brenda and Mary in titles are amazingly helpful, and always have a great smile to greet you with. I think what makes a great business are the great Employees for sure. I have always felt that this is one of the best places to buy cars in the bay area, you have to be a dealer of course, but when it comes to the paperwork and all that comes with car purchases, experienced people make life a lot easier, Love you guys.",Customer Service & Communication,Agent Professionalism & Responsiveness,Helpful Support Experience
rvw-000126,apps.apple.com,"Apple App Store (903860668, us)",https://itunes.apple.com/us/review?id=903860668&type=Purple%20Software&reviewId=11092217633,apple_us_store,nozis_way,2024-03-27,5,positive,"Great & Helpful. It’s great to use the week before each sale, it gives prices of cars sold previously. Allows you to save search results and create lists which gives you daily updates. 10 times easier to use than Manheim’s Application. This app makes my car buying process quicker, easier, and more efficient",Customer Service & Communication,Agent Professionalism & Responsiveness,Helpful Support Experience
rvw-000645,google.com,Google Business Profile (ADESA Raleigh),https://www.google.com/maps/reviews/data=!4m8!14m7!1m6!2m5!1sChZDSUhNMG9nS0VJQ0FnSUNENkxTQ0pREAE!2m1!1s0x0:0xd66dd4b29022f5b8!3m1!1s2@1:CIHM0ogKEICAgICD6LSCJQ%7C%7C?hl=en,google_business_us_profile,Wally Warehouse,2024-03-24,5,positive,Love the Auction and People working there.,Membership / Licensing / Fees & Bidding Policies,"Bidding Process, Rules and Fees",How to Bid (First Time)
rvw-000865,google.com,Google Business Profile (ADESA Salt Lake),https://www.google.com/maps/reviews/data=!4m8!14m7!1m6!2m5!1sChZDSUhNMG9nS0VJQ0FnSUQ5aGZpekJREAE!2m1!1s0x0:0x4f1eae3fc675601b!3m1!1s2@1:CIHM0ogKEICAgID9hfizBQ%7C%7C?hl=en,google_business_us_profile,Christopher Wood,2024-03-18,1,negative,"Open until 6 pm, yet only available until 3:30 pm to redeem vehicles and 11:30 am on Fridays. They don't allow redemptions on Tuesdays. They apparently care about the dealers and loan companies more than the individuals who had their car reposed and sent to auction for anticipated release to auction. Further, in the summer of 2023 they didn't tell me to shut off my car when jumping it, the battery was dead. Further, someone from their lot actually placed the positive battery cover on a plastic component in the engine compartment, closed the hood and damaged the plastic piece. Note: The company I work for no longer uses them for auction because they mistreated their equipment. So did they mistreat mine. As a consumer, I wouldn't buy anything sold at Adesa. I would buy from a dealer who goes through Manheim.","Lot Condition, Listing Status and related",Lot Condition Reporting,Lot Damage
rvw-000646,google.com,Google Business Profile (ADESA Birmingham),https://www.google.com/maps/reviews/data=!4m8!14m7!1m6!2m5!1sChZDSUhNMG9nS0VJQ0FnSUQ5NHUzM0h3EAE!2m1!1s0x0:0xf16f6e5c92888c0f!3m1!1s2@1:CIHM0ogKEICAgID94u33Hw%7C%7C?hl=en,google_business_us_profile,Cameron Taylor,2024-03-14,5,positive,Lacresha was an absolute pleasure! She made me feel welcome and accommodated every need I had. Made my first purchase at ADESA amazing! I see why she had employee of the month at her desk! Will be doing much more business with ADESA now! Thanks!,Membership / Licensing / Fees & Bidding Policies,"Bidding Process, Rules and Fees",Fees
rvw-000647,google.com,Google Business Profile (ADESA Flint),https://www.google.com/maps/reviews/data=!4m8!14m7!1m6!2m5!1sChZDSUhNMG9nS0VJQ0FnSUQ5d3FIZ0ZnEAE!2m1!1s0x0:0xc67e3588b4be2a48!3m1!1s2@1:CIHM0ogKEICAgID9wqHgFg%7C%7C?hl=en,google_business_us_profile,Ashley DuBois,2024-03-14,1,negative,"One star because Google forces u to give atleast one, they deserve negative stars and to be shut down… completely unprofessional and unorganized… please let me never have to or run across business w/ this place again!",Customer Service & Communication,Agent Professionalism & Responsiveness,Rude/Unhelpful Support
rvw-000648,google.com,Google Business Profile (ADESA Reno),https://www.google.com/maps/reviews/data=!4m8!14m7!1m6!2m5!1sChdDSUhNMG9nS0VJQ0FnSUQ5Z3ZteDdRRRAB!2m1!1s0x0:0x31d7a969467cdd51!3m1!1s2@1:CIHM0ogKEICAgID9gvmx7QE%7C%7C?hl=en,google_business_us_profile,Keri Corley,2024-03-14,5,positive,The best spot for dealer auction. And the ladies in the front office are nice and easy to deal with. Definitely would recommend this place to dealers,Membership / Licensing / Fees & Bidding Policies,"Bidding Process, Rules and Fees",How to Bid (First Time)
rvw-000902,google.com,Google Business Profile (ADESA Reno),https://www.google.com/maps/reviews/data=!4m8!14m7!1m6!2m5!1sChdDSUhNMG9nS0VJQ0FnSUQ5Z3ZteDdRRRAB!2m1!1s0x0:0x31d7a969467cdd51!3m1!1s2@1:CIHM0ogKEICAgID9gvmx7QE%7C%7C?hl=en,google_business_us_profile,Keri Corley,2024-03-14,5,positive,The best spot for dealer auction. And the ladies in the front office are nice and easy to deal with. Definitely would recommend this place to dealers and they have ok.priving,Membership / Licensing / Fees & Bidding Policies,"Bidding Process, Rules and Fees",How to Bid (First Time)
rvw-000649,google.com,Google Business Profile (ADESA Flint),https://www.google.com/maps/reviews/data=!4m8!14m7!1m6!2m5!1sChZDSUhNMG9nS0VJQ0FnSUM5NzktbUhnEAE!2m1!1s0x0:0xc67e3588b4be2a48!3m1!1s2@1:CIHM0ogKEICAgIC979-mHg%7C%7C?hl=en,google_business_us_profile,Alaa Khazaleh,2024-03-11,1,negative,"Disappointing auction experience. Items were inaccurately described, leading to unexpected surprises upon arrival. Poor communication from the seller, making it difficult to resolve issues. Overall, a frustrating and regrettable transaction",Customer Service & Communication,Agent Professionalism & Responsiveness,Rude/Unhelpful Support
rvw-000650,google.com,Google Business Profile (ADESA Atlanta),https://www.google.com/maps/reviews/data=!4m8!14m7!1m6!2m5!1sChZDSUhNMG9nS0VJQ0FnSUM5LXNuREVnEAE!2m1!1s0x0:0x8ca5797c8ce4da57!3m1!1s2@1:CIHM0ogKEICAgIC9-snDEg%7C%7C?hl=en,google_business_us_profile,Jada Flannigan,2024-03-04,1,negative,"I would give this place a 0 stars if I could. Nobody tells you that you have to have an appointment so I drove over an hour away paid over 1,000 for my car. I get there nor do the release any of my personal belongings or my car. Juanita has a NASTY attitude from the beginning. Highly unprofessional and just plain rude. She threatened my daughter and I had to call the police because of her actions. I would steer clear of this place buying or just getting your car back. There has been multiple complaints about her attitude but I was giving her the benefit of the doubt. She should be fired truly. I’ve never met anyone with such a nasty attitude. She called me out of my name and got security to remove me once I matched energy. Just ridiculous.",Customer Service & Communication,Agent Professionalism & Responsiveness,Rude/Unhelpful Support
rvw-000651,google.com,Google Business Profile (ADESA Pittsburgh),https://www.google.com/maps/reviews/data=!4m8!14m7!1m6!2m5!1sChZDSUhNMG9nS0VJQ0FnSUM5dU1xeGNnEAE!2m1!1s0x0:0x50aee71ecf3394d9!3m1!1s2@1:CIHM0ogKEICAgIC9uMqxcg%7C%7C?hl=en,google_business_us_profile,James Patton III,2024-03-01,2,negative,"I regret to say that my experience attempting to reach someone at this establishment was profoundly frustrating. Not only was it nearly impossible to get ahold of anyone, but when I finally did, I was informed they only accept certain forms of payment such as money orders. To add to the inconvenience, they couldn't even provide information on the nearest location to purchase one. This lack of accessibility and flexibility severely hampers the customer experience and should be addressed promptly.","Vehicle Pickup, Delivery and Scheduling",Scheduled Pickup Status,Pickup Hours and Cutoff
rvw-000652,google.com,Google Business Profile (ADESA Pittsburgh),https://www.google.com/maps/reviews/data=!4m8!14m7!1m6!2m5!1sChdDSUhNMG9nS0VJQ0FnSURkdjZmQnBRRRAB!2m1!1s0x0:0x50aee71ecf3394d9!3m1!1s2@1:CIHM0ogKEICAgIDdv6fBpQE%7C%7C?hl=en,google_business_us_profile,Doug Taylor,2024-02-29,5,positive,Great experience at this auction friendly staff clean environment and positive attitude from all of the staff members,Customer Service & Communication,Agent Professionalism & Responsiveness,Helpful Support Experience
rvw-000653,google.com,Google Business Profile (ADESA Memphis),https://www.google.com/maps/reviews/data=!4m8!14m7!1m6!2m5!1sChZDSUhNMG9nS0VJQ0FnSURkaDRUTEhREAE!2m1!1s0x0:0xf3173c4480f55004!3m1!1s2@1:CIHM0ogKEICAgIDdh4TLHQ%7C%7C?hl=en,google_business_us_profile,Brittany,2024-02-27,1,negative,Staff is completely rude. Also dont go by the hours on the website. They close at 5 but the staff wont help you after 430.,Customer Service & Communication,Agent Professionalism & Responsiveness,Rude/Unhelpful Support
rvw-000127,bbb.org,BBB Complaints,https://www.bbb.org/us/fl/tampa/profile/auto-auction/adesa-tampa-0653-24838/complaints#0653_24838_21320603,bbb_us_business,BBB complainant,2024-02-22,1,negative,"Service or Repair Issues. My business and myself, REMOVED have fallen victim to identity theft. From the information provided to me was that a bid was placed on a vehicle through ADESA TAMPA and apparently ""won"" . It was an online bid, that I have no knowledge of, did not authorize nor get any information about this BID placed until it was ""won"". I contacted ADESA support, the head office, the seller of the vehicle etc to which all said the bid/sale needed to be VOIDED. However, the only place with the power to do that is ADESA TAMPA. I have completed and provided to them a identity theft report with the REMOVED To which, REMOVED the REMOVED at TAMPA will not do anything to VOID this transaction. Which is what needs to be done as this was not on behalf of me or my company and the vehicle technically hasn't even been purchased yet because money has not been exchanged, which is why it can be voided.",Customer Service & Communication,Agent Professionalism & Responsiveness,Rude/Unhelpful Support
rvw-000238,bbb.org,BBB Complaints,http://www.bbb.org/us/fl/tampa/profile/auto-auction/adesa-tampa-0653-24838/complaints#0653_24838_21320603,bbb_us_business,BBB complainant,2024-02-22,1,negative,"Service or Repair Issues complaint (Answered). My business and myself, REMOVED have fallen victim to identity theft. From the information provided to me was that a bid was placed on a vehicle through ADESA TAMPA and apparently ""won"" . It was an online bid, that I have no knowledge of, did not authorize nor get any information about this BID placed until it was ""won"". I contacted ADESA support, the head office, the seller of the vehicle etc to which all said the bid/sale needed to be VOIDED. However, the only place with the power to do that is ADESA TAMPA. I have completed and provided to them a identity theft report with the REMOVED To which, REMOVED the REMOVED at TAMPA will not do anything to VOID this transaction. Which is what needs to be done as this was not on behalf of me or my company and the vehicle technically hasn't even been purchased yet because money has not been exchanged, which is why it can be voided.",Customer Service & Communication,Agent Professionalism & Responsiveness,Rude/Unhelpful Support
rvw-000185,reddit.com,Reddit r/carscirclejerk,https://www.reddit.com/r/carscirclejerk/comments/1avc6cm/autodealer_looking_to_share_auction_datamaybe/,mixed_source_ok,more---cowbell,2024-02-20,,positive,"autodealer - looking to share auction data/maybe bring people to auctions hi i'm an (wholesale) autodealer based in los angeles and looking to share manheim adesa etc auction data (recent sales prices etc) as well as upcoming cars on the block and the manheim reports that are produced for most cars (detailed pdfs of car condition) for people interested. i'm considering doing this as a loss leader to establish myself with people and perhaps start bringing folks to auctions (socal only of course) where i'd buy a car for the customer direct for a small (\~3.5-5%) markup. if interested in seeing data or maybe buying something as described please dm me email. lmk which make you're interested in. for now planning on doing only for porsche, jeep and tesla but possibly open to others.",Customer Service & Communication,Agent Professionalism & Responsiveness,Helpful Support Experience
rvw-000186,reddit.com,Reddit r/askcarsales,https://www.reddit.com/r/askcarsales/comments/1avc5vj/autodealer_looking_to_share_auction_datamaybe/,mixed_source_ok,more---cowbell,2024-02-20,,positive,"autodealer - looking to share auction data/maybe bring people to auctions hi i'm an (wholesale) autodealer based in los angeles and looking to share manheim adesa etc auction data (recent sales prices etc) as well as upcoming cars on the block and the manheim reports that are produced for most cars (detailed pdfs of car condition) for people interested. i'm considering doing this as a loss leader to establish myself with people and perhaps start bringing folks to auctions where i'd buy a car for the customer direct for a small (\~3.5-5%) markup. if interested in seeing data or maybe buying something as described please dm me email. lmk which make you're interested in. for now planning on doing only for porsche, jeep and tesla but possibly open to others.",Customer Service & Communication,Agent Professionalism & Responsiveness,Helpful Support Experience
rvw-000187,reddit.com,Reddit r/whatcarshouldIbuy,https://www.reddit.com/r/whatcarshouldIbuy/comments/1avc565/autodealer_looking_to_share_auction_datamaybe/,mixed_source_ok,more---cowbell,2024-02-20,,positive,"autodealer - looking to share auction data/maybe bring people to auctions hi i'm an (wholesale) autodealer based in los angeles and looking to share manheim adesa etc auction data (recent sales prices etc) as well as upcoming cars on the block and the manheim reports that are produced for most cars (detailed pdfs of car condition) for people interested. i'm considering doing this as a loss leader to establish myself with people and perhaps start bringing folks to auctions where i'd buy a car for the customer direct for a small (\~3.5-5%) markup. if interested in seeing data or maybe buying something as described please dm me email. lmk which make you're interested in. for now planning on doing only for porsche, jeep and tesla but possibly open to others. (note i posted more/less same message under different username \[winter\_living\_6491\] a few days back... im new to reddit and wanted to build a UN i actually like... and, well... more cowbell!)",Customer Service & Communication,Agent Professionalism & Responsiveness,Helpful Support Experience
rvw-000654,google.com,Google Business Profile (ADESA Tampa),https://www.google.com/maps/reviews/data=!4m8!14m7!1m6!2m5!1sChdDSUhNMG9nS0VJQ0FnSURkLUltR2hnRRAB!2m1!1s0x0:0x2d3addad274be2eb!3m1!1s2@1:CIHM0ogKEICAgIDd-ImGhgE%7C%7C?hl=en,google_business_us_profile,Homayoun Yazdani,2024-02-20,1,negative,Be aware folks I bought the car from here they announced structural damage only ! Also car had engine problems and body works . After I fixed the car they send title and I realized car is salvaged title and even odometer is not actual! I called arbitration first of all they said you bought the car as -is and you cannot complain about title brand or odometer which is completely wrong ! And they didn’t accept because I bought the car more than two weeks .,"Lot Condition, Listing Status and related",Lot Condition Reporting,Lot Damage
rvw-000655,google.com,Google Business Profile (ADESA Golden Gate),https://www.google.com/maps/reviews/data=!4m8!14m7!1m6!2m5!1sChdDSUhNMG9nS0VJQ0FnSUNkXzduTjlnRRAB!2m1!1s0x0:0x1314b726513d9a91!3m1!1s2@1:CIHM0ogKEICAgICd_7nN9gE%7C%7C?hl=en,google_business_us_profile,Patty Garcia,2024-02-19,1,negative,How true is it that you don’t need an appointment to retrieve personal belongings from vehicle? I just called and was told I can just go in with my photo ID,"Lot Condition, Listing Status and related",Personal belongings/ items,Removal / Retrieval of items left in vehicle
rvw-000656,google.com,Google Business Profile (ADESA Long Island),https://www.google.com/maps/reviews/data=!4m8!14m7!1m6!2m5!1sChZDSUhNMG9nS0VJQ0FnSUNkbE12Z2NnEAE!2m1!1s0x0:0xca83be42a09d5522!3m1!1s2@1:CIHM0ogKEICAgICdlMvgcg%7C%7C?hl=en,google_business_us_profile,Scott W,2024-02-12,5,positive,"I have purchased vehicles from Adesa Long Island for some time now and had a little miss understanding last week on a purchase. Mr. Michael Castles contacted me on a general email thanking me for our business and so I let him know about it. Michael was awesome, he asked questions about the experience, and I was 100% truthful & I wasn't sure if I would hear anything back, but I did, and he helped with a solution right away. The bottom line is I will continue to purchase vehicles from Long Island, I would have even if this issue would not have come up but now that it did and Michael took care of me, I am a loyal customer to Michael and his team. Thanks again Michael. Scott Winker McGrath Auto Iowa",Customer Service & Communication,Agent Professionalism & Responsiveness,Helpful Support Experience
rvw-000657,google.com,Google Business Profile (ADESA Nashville),https://www.google.com/maps/reviews/data=!4m8!14m7!1m6!2m5!1sChdDSUhNMG9nS0VJQ0FnSUN0ajVIRnZBRRAB!2m1!1s0x0:0xd23aeb9d1365f256!3m1!1s2@1:CIHM0ogKEICAgICtj5HFvAE%7C%7C?hl=en,google_business_us_profile,Eroc Hutch,2024-02-01,5,positive,Very nice auction place,Membership / Licensing / Fees & Bidding Policies,"Bidding Process, Rules and Fees",How to Bid (First Time)
rvw-000658,google.com,Google Business Profile (ADESA Phoenix),https://www.google.com/maps/reviews/data=!4m8!14m7!1m6!2m5!1sChdDSUhNMG9nS0VJQ0FnSUN0cV9tbXhBRRAB!2m1!1s0x0:0x5e1b863ca8625930!3m1!1s2@1:CIHM0ogKEICAgICtq_mmxAE%7C%7C?hl=en,google_business_us_profile,Msm 1234!!!,2024-02-01,5,positive,"Rod Davis took care of my problems today immediately, great general manager. Thanks a bunch Jon main street motors",Customer Service & Communication,Agent Professionalism & Responsiveness,Helpful Support Experience
rvw-000659,google.com,Google Business Profile (ADESA Kansas City),https://www.google.com/maps/reviews/data=!4m8!14m7!1m6!2m5!1sChZDSUhNMG9nS0VJQ0FnSUN0X29uWllREAE!2m1!1s0x0:0x7ff69944521dfa9c!3m1!1s2@1:CIHM0ogKEICAgICt_onZYQ%7C%7C?hl=en,google_business_us_profile,KC,2024-01-30,5,positive,Great support staff and they always have product in order ready to view.,Customer Service & Communication,Agent Professionalism & Responsiveness,Helpful Support Experience
rvw-000660,google.com,Google Business Profile (ADESA New Jersey),https://www.google.com/maps/reviews/data=!4m8!14m7!1m6!2m5!1sChdDSUhNMG9nS0VJQ0FnSURObC1fdDRRRRAB!2m1!1s0x0:0xd01acd06305ff6fb!3m1!1s2@1:CIHM0ogKEICAgIDNl-_t4QE%7C%7C?hl=en,google_business_us_profile,jose hernandez,2024-01-27,1,negative,"I buy cars with a carvana and every time I pick up a car there I have a problem with the security, they think the owners of the cars that you buy from me wait a long time, terrible staff should have better service because it is a carvana copania or should I fix that system",Customer Service & Communication,Agent Professionalism & Responsiveness,Rude/Unhelpful Support
rvw-000661,google.com,Google Business Profile (ADESA St. Louis),https://www.google.com/maps/reviews/data=!4m8!14m7!1m6!2m5!1sChZDSUhNMG9nS0VJQ0FnSUROcDRDa0hnEAE!2m1!1s0x0:0x711708aed841f53!3m1!1s2@1:CIHM0ogKEICAgIDNp4CkHg%7C%7C?hl=en,google_business_us_profile,matt murphy,2024-01-26,5,positive,"Google hours are wrong, drop off is 24/7 unless its wrecked. pickup is Monday thru Friday 8am - midnight","Vehicle Pickup, Delivery and Scheduling",Scheduled Pickup Status,Schedule/ Reschedule Pickup
rvw-000662,google.com,Google Business Profile (ADESA Austin),https://www.google.com/maps/reviews/data=!4m8!14m7!1m6!2m5!1sChZDSUhNMG9nS0VJQ0FnSURONmVuUFVBEAE!2m1!1s0x0:0xc700487a78e37d52!3m1!1s2@1:CIHM0ogKEICAgIDN6enPUA%7C%7C?hl=en,google_business_us_profile,Mike,2024-01-23,1,negative,Awful customer service. Adesa in general lacks customer service compared to other auctions.,Customer Service & Communication,Agent Professionalism & Responsiveness,Rude/Unhelpful Support
rvw-000866,google.com,Google Business Profile (ADESA Chicago),https://www.google.com/maps/reviews/data=!4m8!14m7!1m6!2m5!1sChZDSUhNMG9nS0VJQ0FnSUROcVlPeUF3EAE!2m1!1s0x0:0x29cf546c41c2f6ff!3m1!1s2@1:CIHM0ogKEICAgIDNqYOyAw%7C%7C?hl=en,google_business_us_profile,Charles Gordon,2024-01-23,5,positive,Great selection of cars. The employees work hard and are very helpful especially the sales manager Nery. Top notch service and responsive to a dealers needs. Will continue going every Friday for auction day.,Customer Service & Communication,Agent Professionalism & Responsiveness,Helpful Support Experience
rvw-000663,google.com,Google Business Profile (ADESA Sarasota),https://www.google.com/maps/reviews/data=!4m8!14m7!1m6!2m5!1sChZDSUhNMG9nS0VJQ0FnSUROM3YyaUl3EAE!2m1!1s0x0:0x130e5c78c2260a73!3m1!1s2@1:CIHM0ogKEICAgIDN3v2iIw%7C%7C?hl=en,google_business_us_profile,CEO of Million Dollar Makeover,2024-01-22,5,positive,Karen and the staff made my experience brighter!! Just by helping me understand the process!! Really took great care of my car!! So thankful I appreciated all that Karen does!! She is an angel!!,Customer Service & Communication,Agent Professionalism & Responsiveness,Helpful Support Experience
rvw-000664,google.com,Google Business Profile (ADESA Cincinnati/Dayton),https://www.google.com/maps/reviews/data=!4m8!14m7!1m6!2m5!1sChZDSUhNMG9nS0VJQ0FnSURONG9qamV3EAE!2m1!1s0x0:0x35280de626a14dbf!3m1!1s2@1:CIHM0ogKEICAgIDN4ojjew%7C%7C?hl=en,google_business_us_profile,Chris H,2024-01-21,5,positive,They have great hot chocolate and the best auction cars.,Membership / Licensing / Fees & Bidding Policies,"Bidding Process, Rules and Fees",How to Bid (First Time)
rvw-000665,google.com,Google Business Profile (ADESA Dallas),https://www.google.com/maps/reviews/data=!4m8!14m7!1m6!2m5!1sChdDSUhNMG9nS0VJQ0FnSUNOdjlLMXZ3RRAB!2m1!1s0x0:0x6a47ae2265c7925d!3m1!1s2@1:CIHM0ogKEICAgICNv9K1vwE%7C%7C?hl=en,google_business_us_profile,P,2024-01-19,5,positive,"Went with a friend. The lady at the front desk was wonderful. She was very empathetic and friendly. I would not wish this situation on anyone. However, if so, these are the kind of people you would want to help you.",Customer Service & Communication,Agent Professionalism & Responsiveness,Helpful Support Experience
rvw-000867,google.com,Google Business Profile (ADESA Chicago),https://www.google.com/maps/reviews/data=!4m8!14m7!1m6!2m5!1sChZDSUhNMG9nS0VJQ0FnSUNObmMyalpBEAE!2m1!1s0x0:0x29cf546c41c2f6ff!3m1!1s2@1:CIHM0ogKEICAgICNnc2jZA%7C%7C?hl=en,google_business_us_profile,MHS Giant,2024-01-17,3,positive,"We drove 4 hrs to pick up an auction vehicle only to find out that, unlike other Adesa locations they will not let drivers drive in to hunt the cars. One driver could walk in to hunt the veh.. Normally, not a problem, but today it was -5 with a -20 wind chill and the guys at the gate offered no alternatives. Went to the main office to see what could be done. We met at nice security guard named Diana who arranged to have the veh brought to the gate, which was done quickly and we were on our way without frostbite. Five stars for Diana and 1 star for the gate procedure.",Membership / Licensing / Fees & Bidding Policies,"Bidding Process, Rules and Fees",How to Bid (First Time)
rvw-000666,google.com,Google Business Profile (ADESA Tulsa),https://www.google.com/maps/reviews/data=!4m8!14m7!1m6!2m5!1sChdDSUhNMG9nS0VJQ0FnSUQxejhEdjd3RRAB!2m1!1s0x0:0x6c9bb805581f5c8d!3m1!1s2@1:CIHM0ogKEICAgID1z8Dv7wE%7C%7C?hl=en,google_business_us_profile,naima mapes,2024-01-10,1,negative,Made a 10am appointment that Adsa did not keep. Spoke with the manager who stated their inspections take 20 to 30 minutes. 2 hours later staff told us to drive to a lot and wait until they bring our vehicle out. 20 minutes go by and we are still waiting.,Customer Service & Communication,Case Resolution Quality,Issue Not Resolved
rvw-000667,google.com,Google Business Profile (ADESA Orlando),https://www.google.com/maps/reviews/data=!4m8!14m7!1m6!2m5!1sChZDSUhNMG9nS0VJQ0FnSUQxamRldkNBEAE!2m1!1s0x0:0x2b5dc383485f1e3b!3m1!1s2@1:CIHM0ogKEICAgID1jdevCA%7C%7C?hl=en,google_business_us_profile,Derek D,2024-01-09,1,negative,"Waited 10 days for a PSI on a Prius , no one will call you back to tell you what’s going on and after the fact finally someone called and tried to charge me a late fee because the car wasn’t paid for since it was still waiting for psi to be completed Unfortunately lady couldn’t even figure this part out. Complete disaster even Stevie Wonder can complete a psi in less time.",Membership / Licensing / Fees & Bidding Policies,"Bidding Process, Rules and Fees",Fees
rvw-000668,google.com,Google Business Profile (ADESA Cincinnati/Dayton),https://www.google.com/maps/reviews/data=!4m8!14m7!1m6!2m5!1sChZDSUhNMG9nS0VJQ0FnSUQxd1lQSmJBEAE!2m1!1s0x0:0x35280de626a14dbf!3m1!1s2@1:CIHM0ogKEICAgID1wYPJbA%7C%7C?hl=en,google_business_us_profile,Young timer,2024-01-07,5,positive,She should have told you not to bring your dog to the auction. It is an auto auction for humans. I have attended auctions . Its a great environment.,Membership / Licensing / Fees & Bidding Policies,"Bidding Process, Rules and Fees",How to Bid (First Time)
rvw-000669,google.com,Google Business Profile (ADESA Kansas City),https://www.google.com/maps/reviews/data=!4m8!14m7!1m6!2m5!1sChZDSUhNMG9nS0VJQ0FnSUMxeF9ER1l3EAE!2m1!1s0x0:0x7ff69944521dfa9c!3m1!1s2@1:CIHM0ogKEICAgIC1x_DGYw%7C%7C?hl=en,google_business_us_profile,Jared Aronson,2024-01-04,1,negative,"Was dropping off a vehicle as a driveaway driver and was told drop off was 24/7 and just find someone from security to drop it off too. Couldn’t find anyone. Walked all around inside yelling “hello” and still no one around. Went back outside and an SUV pulled up and told us to put our hands up while they were reaching for their firearm and threatening my father (who was picking me up) and I. The guy was also in regular clothes and an older SUV with no marking of any kind showing he was even security! (He also demanded our ID’s without confirming who he was, which we obviously complied with him having his firearm out.) No signs anywhere with instructions of any kind and no one to be found inside or out!!!! Not even a phone number to call for security. Very scary experience; as I was just doing what I was told by someone from the auction company when I called and asked about them receiving the vehicle!!",Membership / Licensing / Fees & Bidding Policies,"Bidding Process, Rules and Fees",Fees
rvw-000670,google.com,Google Business Profile (ADESA Birmingham),https://www.google.com/maps/reviews/data=!4m8!14m7!1m6!2m5!1sChdDSUhNMG9nS0VJQ0FnSUMxODdxSnhBRRAB!2m1!1s0x0:0xf16f6e5c92888c0f!3m1!1s2@1:CIHM0ogKEICAgIC187qJxAE%7C%7C?hl=en,google_business_us_profile,Reemon Youno,2024-01-03,1,negative,Is very hard to deal with them because they never call or return yr phone call back specially the GM or the office manager zero Customer service.,Customer Service & Communication,Communication Follow-up & Escalation,No Callback / Unresolved Case
rvw-000671,google.com,Google Business Profile (ADESA Kansas City),https://www.google.com/maps/reviews/data=!4m8!14m7!1m6!2m5!1sChZDSUhNMG9nS0VJQ0FnSUMxeS16ZklREAE!2m1!1s0x0:0x7ff69944521dfa9c!3m1!1s2@1:CIHM0ogKEICAgIC1y-zfIQ%7C%7C?hl=en,google_business_us_profile,Charles Del Rosario,2024-01-03,4,positive,Jay answered the line and was very helpful in tracking down our car.,Customer Service & Communication,Agent Professionalism & Responsiveness,Helpful Support Experience
rvw-000672,google.com,Google Business Profile (ADESA Cincinnati/Dayton),https://www.google.com/maps/reviews/data=!4m8!14m7!1m6!2m5!1sChdDSUhNMG9nS0VJQ0FnSUMxOGZxeDJ3RRAB!2m1!1s0x0:0x35280de626a14dbf!3m1!1s2@1:CIHM0ogKEICAgIC18fqx2wE%7C%7C?hl=en,google_business_us_profile,Lawrence Valdez,2023-12-31,1,negative,"Went from a five star review , down to a one star review . I Spent 100,000 here last year and today June 2, 2026 I came in with my 18-year-old son and they would not give me a visitor pass and I’ve done this plenty of times . I called the day before to make sure it was OK because I know they switched some rules and can’t use cash and only check now so I was making sure it was all right .They do this just to get extra money and they treated me like I wasn’t a good customer in every person in there knows me . They are becoming a scam.They’re giving green lights on cars with transmission problems, engine problems. That’s not a green light. Hopefully this one star review open up their eyes to treat great customers better. Dealers auto auction in Cincinnati will get all my business now. So if you’re a potential customer look into getting a car come down in Cincinnati take the paddock exit and come get a great car",Membership / Licensing / Fees & Bidding Policies,"Bidding Process, Rules and Fees",Fees
rvw-000673,google.com,Google Business Profile (ADESA Ocala),https://www.google.com/maps/reviews/data=!4m8!14m7!1m6!2m5!1sChZDSUhNMG9nS0VJQ0FnSUMxOXZybUJREAE!2m1!1s0x0:0x8a095b6a3dae24d3!3m1!1s2@1:CIHM0ogKEICAgIC19vrmBQ%7C%7C?hl=en,google_business_us_profile,Freeland Mark,2023-12-29,5,positive,Great dealer only auction. Accurate cr's,Membership / Licensing / Fees & Bidding Policies,"Bidding Process, Rules and Fees",How to Bid (First Time)
rvw-000674,google.com,Google Business Profile (Adesa Brasher's),https://www.google.com/maps/reviews/data=!4m8!14m7!1m6!2m5!1sChZDSUhNMG9nS0VJQ0FnSURWXzYzc0R3EAE!2m1!1s0x0:0x465b81eaadc807dc!3m1!1s2@1:CIHM0ogKEICAgIDV_63sDw%7C%7C?hl=en,google_business_us_profile,Joey Cline,2023-12-19,5,positive,One of the more efficient storage and auction facilities in N CA,"Vehicle Pickup, Delivery and Scheduling",Scheduled Pickup Status,Schedule/ Reschedule Pickup
rvw-000675,google.com,Google Business Profile (ADESA Phoenix),https://www.google.com/maps/reviews/data=!4m8!14m7!1m6!2m5!1sChdDSUhNMG9nS0VJQ0FnSURWMjgzZmxBRRAB!2m1!1s0x0:0x5e1b863ca8625930!3m1!1s2@1:CIHM0ogKEICAgIDV283flAE%7C%7C?hl=en,google_business_us_profile,Zeke Rodriguez,2023-12-16,1,negative,Severely damaged my vehicle,"Lot Condition, Listing Status and related",Lot Condition Reporting,Lot Damage
rvw-000676,google.com,Google Business Profile (ADESA Dallas),https://www.google.com/maps/reviews/data=!4m8!14m7!1m6!2m5!1sChZDSUhNMG9nS0VJQ0FnSURWaThTekZBEAE!2m1!1s0x0:0x6a47ae2265c7925d!3m1!1s2@1:CIHM0ogKEICAgIDVi8SzFA%7C%7C?hl=en,google_business_us_profile,David goodstein Brito,2023-12-15,5,positive,Thank you Diana for all your help. She’s very kind and professional and also she know the answers to all the questions. Thank you again,Customer Service & Communication,Agent Professionalism & Responsiveness,Helpful Support Experience
rvw-000128,bbb.org,BBB Complaints,https://www.bbb.org/us/tn/memphis/profile/auto-auction/adesa-auctions-memphis-0543-44000064/complaints#0543_44000064_20960543,bbb_us_business,BBB complainant,2023-12-05,1,negative,"Product Issues. Attention Adesa Memphis Auto Auction/ REMOVED Invoice # REMOVED (Vin last six #'s: REMOVED ) Thank you for your prompt attention to this matter. I submitted an 'IF' REMOVED . The business contacted me and states the seller wanted $4,000 more than my original offer. I declined. This action closes the REMOVED out entirely and the buyer is no longer contacted in regards to this sale. Adesa's office manager, REMOVED later contacted me stating the seller had accepted my offer which should have been previously closed on our last contact. I then received an invoice for $1400.00 on a sale i declined. Please address this immediately. Please note: I have contacted this business by email and phone, i gave the business 30 days to review and provide any response to my concerns, the business failed to contact me by email or by phone. The only method of contact from the business has been by mailed invoice. (Attached) REMOVED Desired resolution: Remove the negative connotation from WFL Investments account & close the incorrect $1400.00 REMOVED entirely. I hope to continue my good standing/membership with your auction. REMOVED",Customer Service & Communication,Agent Professionalism & Responsiveness,Rude/Unhelpful Support
rvw-000239,bbb.org,BBB Complaints,http://www.bbb.org/us/tn/memphis/profile/auto-auction/adesa-auctions-memphis-0543-44000064/complaints#0543_44000064_20960543,bbb_us_business,BBB complainant,2023-12-05,1,negative,"Product Issues complaint (Unanswered). Attention Adesa Memphis Auto Auction/ REMOVED Invoice #REMOVED(Vin last six #'s: REMOVED) Thank you for your prompt attention to this matter. I submitted an 'IF' REMOVED. The business contacted me and states the seller wanted $4,000 more than my original offer. I declined. This action closes the REMOVED out entirely and the buyer is no longer contacted in regards to this sale. Adesa's office manager, REMOVED later contacted me stating the seller had accepted my offer which should have been previously closed on our last contact. I then received an invoice for $1400.00 on a sale i declined. Please address this immediately. Please note: I have contacted this business by email and phone, i gave the business 30 days to review and provide any response to my concerns, the business failed to contact me by email or by phone. The only method of contact from the business has been by mailed invoice. (Attached) REMOVED Desired resolution: Remove the negative connotation from WFL Investments account & close the incorrect $1400.00 REMOVED entirely. I hope to continue my good standing/membership with your auction. REMOVED ## Adesa Auctions - Memphis is NOT a BBB Accredited Business. To become accredited, a business must agree to[BBB Standards for Trust](https://www.bbb.org/all/standards-for-trust)and pass BBB's vetting process. [Why choose a BBB Accredited Business?](https://www.bbb.org/all/why-choose-a-bbb-accredited-business) BBB Business Profiles are provided solely to assist you in exercising your own best judgment. BBB does not verify the accuracy of information provided by third parties, and does not guarantee the accuracy of any information in Business Profiles. As a matter of policy, BBB does not endorse any product, service, or business. Businesses are under no obligation to seek BBB accreditation, and some businesses are not accredited because they have not sought BBB accreditation. When considering complaint information, please consider the company's size and volume of transactions. Note that the nature of complaints and a company’s responses to them are often more important than the number of complaints. BBB Business Profiles generally cover a three-year reporting period. [![Image 8: BBB](https://m.bbb.org/brand/logos/BBB_PrimaryLogo_White_RGB.svg)](https://www.bbb.org/)TM ## For Consumers * [Get a Quote](http://www.bbb.org/get-a-quote) * [Start a Review](http://www.bbb.org/leave-a-review) * [File a Complaint](http://www.bbb.org/file-a-complaint) ## For Businesses * [Get Your Business Listed](http://www.bbb.org/get-listed) * [BBB Accreditation](http://www.bbb.org/get-accredited) * [Apply for BBB Accreditation](http://www.bbb.org/apply) * [Newsroom and Resources](http://www.bbb.org/us/news) ## Affiliated Programs * [BBB Institute for Marketplace Trust](https://www.bbbmarketplacetrust.org/) * [BBB Wise Giving Alliance (Give.org)](https://give.org/) * [BBB National Programs](https://bbbprograms.org/) * [our Twitter (opens in a new tab)](https://x.com/bbb_us) * [our LinkedIn (opens in a new tab)](https://www.linkedin.com/company/better-business-bureau/) * [our Facebook (opens in a new tab)](https://www.facebook.com/BetterBusinessBureau) * [our Instagram (opens in a new tab)](https://www.instagram.com/betterbusinessbureau_/) * [About BBB®](http://www.bbb.org/about) * [Terms of Use](http://www.bbb.org/terms-of-use) * [Privacy Policy](http://www.bbb.org/all/privacy-policy) * [Contact Us](http://www.bbb.org/bbb-directory) © 2026 BBB, Inc. All rights reserved. All trademarks are property of BBB, Inc.",Customer Service & Communication,Agent Professionalism & Responsiveness,Rude/Unhelpful Support
rvw-000868,bbb.org,BBB Complaints,http://www.bbb.org/us/tn/memphis/profile/auto-auction/adesa-auctions-memphis-0543-44000064/complaints#0543_44000064_20960543,bbb_us_business,BBB complainant,2023-12-05,1,negative,"Product Issues complaint (Unanswered). Attention Adesa Memphis Auto Auction/ REMOVED Invoice #REMOVED(Vin last six #'s: REMOVED) Thank you for your prompt attention to this matter. I submitted an 'IF' REMOVED. The business contacted me and states the seller wanted $4,000 more than my original offer. I declined. This action closes the REMOVED out entirely and the buyer is no longer contacted in regards to this sale. Adesa's office manager, REMOVED later contacted me stating the seller had accepted my offer which should have been previously closed on our last contact. I then received an invoice for $1400.00 on a sale i declined. Please address this immediately. Please note: I have contacted this business by email and phone, i gave the business 30 days to review and provide any response to my concerns, the business failed to contact me by email or by phone. The only method of contact from the business has been by mailed invoice. (Attached) REMOVED Desired resolution: Remove the negative connotation from WFL Investments account & close the incorrect $1400.00 REMOVED entirely. I hope to continue my good standing/membership with your auction. REMOVED ## Adesa Auctions - Memphis is NOT a BBB Accredited Business. To become accredited, a business must agree to[BBB Standards for Trust](https://www.bbb.org/all/standards-for-trust)and pass BBB's vetting process. [Why choose a BBB Accredited Business?](https://www.bbb.org/all/why-choose-a-bbb-accredited-business) BBB Business Profiles are provided solely to assist you in exercising your own best judgment. BBB does not verify the accuracy of information provided by third parties, and does not guarantee the accuracy of any information in Business Profiles. As a matter of policy, BBB does not endorse any product, service, or business. Businesses are under no obligation to seek BBB accreditation, and some businesses are not accredited because they have not sought BBB accreditation. When considering complaint information, please consider the company's size and volume of transactions. Note that the nature of complaints and a company’s responses to them are often more important than the number of complaints. BBB Business Profiles generally cover a three-year reporting period. [![Image 8: BBB](https://m.bbb.org/brand/logos/BBB_PrimaryLogo_White_RGB.svg)](https://www.bbb.org/)TM ## For Consumers * [Get a Quote](http://www.bbb.org/get-a-quote) * [Start a Review](http://www.bbb.org/leave-a-review) * [File a Complaint](http://www.bbb.org/file-a-complaint) ## For Businesses * [Get Your Business Listed](http://www.bbb.org/get-listed) * [BBB Accreditation](http://www.bbb.org/get-accredited) * [Apply for BBB Accreditation](http://www.bbb.org/apply) * [Newsroom and Resources](http://www.bbb.org/us/news) ## Affiliated Programs * [BBB Institute for Marketplace Trust](https://www.bbbmarketplacetrust.org/) * [BBB Wise Giving Alliance (Give.org)](https://give.org/) * [BBB National Programs](https://bbbprograms.org/) * [our Twitter (opens in a new tab)](https://x.com/bbb_us) * [our LinkedIn (opens in a new tab)](https://www.linkedin.com/company/better-business-bureau/) * [our Facebook (opens in a new tab)](https://www.facebook.com/BetterBusinessBureau) * [our Instagram (opens in a new tab)](https://www.instagram.com/betterbusinessbureau_/) * [About BBB®](http://www.bbb.org/about) * [Terms of Use](http://www.bbb.org/terms-of-use) * [Privacy Policy](http://www.bbb.org/all/privacy-policy) * [Contact Us](http://www.bbb.org/about/find-your-local-bbb) © 2026 International Association of Better Business Bureaus, Inc. (IABBB). All rights reserved. All trademarks are property of IABBB.",Customer Service & Communication,Agent Professionalism & Responsiveness,Rude/Unhelpful Support
rvw-000903,bbb.org,BBB Complaints,http://www.bbb.org/us/tn/memphis/profile/auto-auction/adesa-auctions-memphis-0543-44000064/complaints#0543_44000064_20960543,bbb_us_business,BBB complainant,2023-12-05,1,negative,"Product Issues complaint (Unanswered). Attention Adesa Memphis Auto Auction/ REMOVED Invoice #REMOVED(Vin last six #'s: REMOVED) Thank you for your prompt attention to this matter. I submitted an 'IF' REMOVED. The business contacted me and states the seller wanted $4,000 more than my original offer. I declined. This action closes the REMOVED out entirely and the buyer is no longer contacted in regards to this sale. Adesa's office manager, REMOVED later contacted me stating the seller had accepted my offer which should have been previously closed on our last contact. I then received an invoice for $1400.00 on a sale i declined. Please address this immediately. Please note: I have contacted this business by email and phone, i gave the business 30 days to review and provide any response to my concerns, the business failed to contact me by email or by phone. The only method of contact from the business has been by mailed invoice. (Attached) REMOVED Desired resolution: Remove the negative connotation from WFL Investments account & close the incorrect $1400.00 REMOVED entirely. I hope to continue my good standing/membership with your auction. REMOVED ## Adesa Auctions - Memphis is NOT a BBB Accredited Business. To become accredited, a business must agree to[BBB Standards for Trust](https://www.bbb.org/all/standards-for-trust)and pass BBB's vetting process. [Why choose a BBB Accredited Business?](https://www.bbb.org/all/why-choose-a-bbb-accredited-business) BBB Business Profiles are provided solely to assist you in exercising your own best judgment. BBB does not verify the accuracy of information provided by third parties, and does not guarantee the accuracy of any information in Business Profiles. As a matter of policy, BBB does not endorse any product, service, or business. Businesses are under no obligation to seek BBB accreditation, and some businesses are not accredited because they have not sought BBB accreditation. When considering complaint information, please consider the company's size and volume of transactions. Note that the nature of complaints and a company’s responses to them are often more important than the number of complaints. BBB Business Profiles generally cover a three-year reporting period. [![Image 14: BBB](https://m.bbb.org/brand/logos/BBB_PrimaryLogo_White_RGB.svg)](https://www.bbb.org/)TM ## For Consumers * [Get a Quote](http://www.bbb.org/get-a-quote) * [Start a Review](http://www.bbb.org/leave-a-review) * [File a Complaint](http://www.bbb.org/file-a-complaint) ## For Businesses * [Get Your Business Listed](http://www.bbb.org/get-listed) * [BBB Accreditation](http://www.bbb.org/get-accredited) * [Apply for BBB Accreditation](http://www.bbb.org/apply) * [Newsroom and Resources](http://www.bbb.org/us/news) ## Affiliated Programs * [BBB Institute for Marketplace Trust](https://www.bbbmarketplacetrust.org/) * [BBB Wise Giving Alliance (Give.org)](https://give.org/) * [BBB National Programs](https://bbbprograms.org/) * [our Twitter (opens in a new tab)](https://x.com/bbb_us) * [our LinkedIn (opens in a new tab)](https://www.linkedin.com/company/better-business-bureau/) * [our Facebook (opens in a new tab)](https://www.facebook.com/BetterBusinessBureau) * [our Instagram (opens in a new tab)](https://www.instagram.com/betterbusinessbureau_/) * [About BBB®](http://www.bbb.org/about) * [Terms of Use](http://www.bbb.org/terms-of-use) * [Privacy Policy](http://www.bbb.org/all/privacy-policy) * [Contact Us](http://www.bbb.org/about/find-your-local-bbb) © 2026 International Association of Better Business Bureaus, Inc. (IABBB). All rights reserved. All trademarks are property of IABBB.",Customer Service & Communication,Agent Professionalism & Responsiveness,Rude/Unhelpful Support
rvw-000677,google.com,Google Business Profile (ADESA Northwest),https://www.google.com/maps/reviews/data=!4m8!14m7!1m6!2m5!1sChdDSUhNMG9nS0VJQ0FnSURsc05PSjF3RRAB!2m1!1s0x0:0x86866fec57f185eb!3m1!1s2@1:CIHM0ogKEICAgIDlsNOJ1wE%7C%7C?hl=en,google_business_us_profile,Raymond Morton,2023-11-29,5,positive,"The people who work here are so kind. I fell into a terrible situation due to my own negligence and my car was repossessed. My bank sent the car to Adesa northwest while I scrambled to get everything squared away. I wasn't able to contact Adesa right away, and after pestering my bank they apologetically gave me Adesa's number, 2 days before Thanksgiving. The woman on the phone with me didn't judge me, she didn't make me feel worse than I already was feeling, she moved things around so I could pick up my car on an auction day, something that they don't do because of how chaotic auction days are. I am so grateful for doing all they could for me even though it was very inconvenient for them. I don't imagine they have an easy time with people who call in my situation, and the fact I was treated with overwhelming kindness has stuck with me each day since. Thankyou for making my experience as painless and comforting as possible. There are genuinely great people working here, and if your in a bad situation like me, I hope your fortunate enough to deal with ADESA Northwest, because the people working here are real ones.",Customer Service & Communication,Agent Professionalism & Responsiveness,Helpful Support Experience
rvw-000678,google.com,Google Business Profile (ADESA Northwest),https://www.google.com/maps/reviews/data=!4m8!14m7!1m6!2m5!1sChdDSUhNMG9nS0VJQ0FnSUNsLWZ2RzVBRRAB!2m1!1s0x0:0x86866fec57f185eb!3m1!1s2@1:CIHM0ogKEICAgICl-fvG5AE%7C%7C?hl=en,google_business_us_profile,Shahin Azadeh,2023-11-22,1,negative,"Not good people They say bring cashier check look late fee pay online FEES COST STATUS Purchase Price $17,000.00 Submitted Buyer Fee $515.00 Submitted Late Payment Fee $170.00 Paid Online Buyer Fee $50.00 Submitted",Membership / Licensing / Fees & Bidding Policies,"Bidding Process, Rules and Fees",Fees
rvw-000188,reddit.com,Reddit r/askcarsales,https://www.reddit.com/r/askcarsales/comments/180m95t/experienced_car_flipper_looking_to_obtain_dealers/,mixed_source_ok,EinsteinInnerG,2023-11-21,,positive,"Experienced car flipper looking to obtain dealers license in Virginia or Florida I have successfully flipped 4 cars this year (as a public buyer) in Virginia by purchasing from Adesa Auto Auction (public repo auctions), cleaning them up and flipping them for 2-4K profit per car. I’m now looking to advance my experience and scale up to flip multiple cars per week/month and make this a full time gig. Currently looking for advice as to whether I should network, sign up under a current dealer and “rent” their dealers license or go independent. I would like to keep overhead cost down as much as possible and focus on moving multiple cars. I have my own start up capital in cash that I’m using now. I’ve missed out on some killer deals due to only being limited to one car per auction as a public buyer. Was hoping if anyone in here had any hands on experience or knows someone who could use an ambitious/knowledgeable business partner. I do all the work on the cars myself except for body work. I see the potential to make good money and I also have access to Florida auctions so I can navigate back and forth as needed. Any advice or help is greatly appreciated. Thanks in advance.",Membership / Licensing / Fees & Bidding Policies,"Bidding Process, Rules and Fees",Fees
rvw-000679,google.com,Google Business Profile (ADESA Knoxville),https://www.google.com/maps/reviews/data=!4m8!14m7!1m6!2m5!1sChdDSUhNMG9nS0VJQ0FnSUNsbWNXeGdBRRAB!2m1!1s0x0:0xbe432126bb6ab401!3m1!1s2@1:CIHM0ogKEICAgIClmcWxgAE%7C%7C?hl=en,google_business_us_profile,sealantro,2023-11-21,4,positive,Good auction and staff. Just wish they would publish their fees for everyone to see instead of shroud them in mystery,Customer Service & Communication,Agent Professionalism & Responsiveness,Helpful Support Experience
rvw-000680,google.com,Google Business Profile (ADESA Memphis),https://www.google.com/maps/reviews/data=!4m8!14m7!1m6!2m5!1sChZDSUhNMG9nS0VJQ0FnSUNsX3R6R0hnEAE!2m1!1s0x0:0xf3173c4480f55004!3m1!1s2@1:CIHM0ogKEICAgICl_tzGHg%7C%7C?hl=en,google_business_us_profile,Chas Carter,2023-11-19,1,negative,"Whoever stole my items out of my car i just want to say very unprofessional its giving kick a person while they down vibes, they literally stole my washing powder and bleach, and im assuming my lip glosses cause that wasnt giving back to me either",Customer Service & Communication,Agent Professionalism & Responsiveness,Rude/Unhelpful Support
rvw-000681,google.com,Google Business Profile (ADESA Orlando),https://www.google.com/maps/reviews/data=!4m8!14m7!1m6!2m5!1sChdDSUhNMG9nS0VJQ0FnSUNsX3M3V3JBRRAB!2m1!1s0x0:0x2b5dc383485f1e3b!3m1!1s2@1:CIHM0ogKEICAgICl_s7WrAE%7C%7C?hl=en,google_business_us_profile,Shawn Murphy,2023-11-19,5,positive,"Great inventory, very clean facility and the staff is absolutely top notch. This is my go to auction.",Customer Service & Communication,Agent Professionalism & Responsiveness,Helpful Support Experience
rvw-000682,google.com,Google Business Profile (ADESA Dallas),https://www.google.com/maps/reviews/data=!4m8!14m7!1m6!2m5!1sChZDSUhNMG9nS0VJQ0FnSUNsMXVPNkJnEAE!2m1!1s0x0:0x6a47ae2265c7925d!3m1!1s2@1:CIHM0ogKEICAgICl1uO6Bg%7C%7C?hl=en,google_business_us_profile,Gordon French,2023-11-18,5,positive,Vistited this auction in person for the first time this week. Had a great time. Free turkey dinner and turkey bowling. I was able to buy several vehicles at great prices.,Membership / Licensing / Fees & Bidding Policies,"Bidding Process, Rules and Fees",How to Bid (First Time)
rvw-000683,google.com,Google Business Profile (ADESA Jacksonville),https://www.google.com/maps/reviews/data=!4m8!14m7!1m6!2m5!1sChZDSUhNMG9nS0VJQ0FnSUNsanM3UEJBEAE!2m1!1s0x0:0x75945523880f8c83!3m1!1s2@1:CIHM0ogKEICAgICljs7PBA%7C%7C?hl=en,google_business_us_profile,brian williamson,2023-11-18,1,negative,They keep charging more fees long after a car is removed.,Membership / Licensing / Fees & Bidding Policies,"Bidding Process, Rules and Fees",Fees
rvw-000684,google.com,Google Business Profile (ADESA Las Vegas),https://www.google.com/maps/reviews/data=!4m8!14m7!1m6!2m5!1sChZDSUhNMG9nS0VJQ0FnSUNseXF1QUlBEAE!2m1!1s0x0:0x7cde5ccaa0c88aae!3m1!1s2@1:CIHM0ogKEICAgIClyquAIA%7C%7C?hl=en,google_business_us_profile,Joseph Yalich,2023-11-15,2,negative,"You better know what you’re doing before you buy from Adesa! Meaning you better have some mechanical skills before you buy. The majority of the vehicles have problems, that’s why they’re at the auction! The staff and arbitration will not help you. Besides all that I buy from Adesa weekly, and definitely check the cars out before I buy them. Good luck!",Customer Service & Communication,Agent Professionalism & Responsiveness,Rude/Unhelpful Support
rvw-000685,google.com,Google Business Profile (ADESA New Jersey),https://www.google.com/maps/reviews/data=!4m8!14m7!1m6!2m5!1sChdDSUhNMG9nS0VJQ0FnSUNseEpYQXJnRRAB!2m1!1s0x0:0xd01acd06305ff6fb!3m1!1s2@1:CIHM0ogKEICAgIClxJXArgE%7C%7C?hl=en,google_business_us_profile,Jose A Ramirez,2023-11-14,5,positive,I’m a transporter and I like to go this place to pick up. It’s easy !! Good customer service ! They always helpful!,Customer Service & Communication,Agent Professionalism & Responsiveness,Helpful Support Experience
rvw-000686,google.com,Google Business Profile (ADESA Seattle),https://www.google.com/maps/reviews/data=!4m8!14m7!1m6!2m5!1sChdDSUhNMG9nS0VJQ0FnSUNsbE96b2lBRRAB!2m1!1s0x0:0xf4e30d6e013958b9!3m1!1s2@1:CIHM0ogKEICAgICllOzoiAE%7C%7C?hl=en,google_business_us_profile,Bobby J,2023-11-14,1,negative,"Had a transporter arrive durning typical and posted hours. Item was parked by the auction lanes and when they went to retrieve they were told to wait three hours till the auction was over. We could have easily retrieved the vehicle with extremely minimal disruption but manager and worker would not assist or allow us to slip in any pull the trailer out. We had to wait another day at our second pickup site. Sometimes things don’t align but here is what was the hardest part, the workers had zero concern or compassion for their caused inconvenience. Even inside the office the receptionist said come back later and when pleading and explaining the ease at which we could move the item had no concern and after 2 min of this pleading went back to typing and ignored me. I was extremely polite and never raised my voice. It made me sad.",Customer Service & Communication,Agent Professionalism & Responsiveness,Rude/Unhelpful Support
rvw-000204,play.google.com,Google Play (com.adesa.marketplace),https://play.google.com/store/apps/details?id=com.adesa.marketplace&hl=en&gl=us,google_play_us_store,Rabiel Smith,2023-11-06,5,positive,Great App!! Smooth browsing.,Account / Access / Login,Password Reset & Login Troubleshooting,App Login Troubleshooting
rvw-000129,play.google.com,Google Play (com.adesa.marketplace),https://play.google.com/store/apps/details?id=com.adesa.marketplace&hl=en&gl=us,google_play_us_store,Rabiel Smith,2023-11-05,5,positive,Great App!! Smooth browsing.,Account / Access / Login,Password Reset & Login Troubleshooting,App Login Troubleshooting
rvw-000687,google.com,Google Business Profile (ADESA Cincinnati/Dayton),https://www.google.com/maps/reviews/data=!4m8!14m7!1m6!2m5!1sChZDSUhNMG9nS0VJQ0FnSUNGMjZETklBEAE!2m1!1s0x0:0x35280de626a14dbf!3m1!1s2@1:CIHM0ogKEICAgICF26DNIA%7C%7C?hl=en,google_business_us_profile,Monther Ibrahim,2023-11-02,1,negative,Don’t trust the psi Worst Arbitration management ever very rude and unprofessional service provide from the company Patrick will not concern to hear you if you buy top dollar cars don’t buy here if you want buy cars with issues buy from here as is green light are no good I lost over 20k in one month repair due to dealing with this company,Customer Service & Communication,Agent Professionalism & Responsiveness,Rude/Unhelpful Support
rvw-000130,apps.apple.com,"Apple App Store (903860668, us)",https://itunes.apple.com/us/review?id=903860668&type=Purple%20Software&reviewId=10542323546,apple_us_store,Oly Don,2023-11-02,1,negative,Need to sift through years old watched units on watch list. There is no way to clear the watch list on app. I have 950 cars most of which were sold a year ago. Makes it tough to go to an auction without it,Account / Access / Login,Password Reset & Login Troubleshooting,App Login Troubleshooting
rvw-000240,apps.apple.com,"Apple App Store (903860668, us)",https://itunes.apple.com/us/review?id=903860668&type=Purple%20Software&reviewId=10542323546,apple_us_store,Dog daddy 46,2023-11-02,1,negative,Need to sift through years old watched units on watch list. There is no way to clear the watch list on app. I have 950 cars most of which were sold a year ago. Makes it tough to go to an auction without it,Account / Access / Login,Password Reset & Login Troubleshooting,App Login Troubleshooting
rvw-000688,google.com,Google Business Profile (ADESA St. Louis),https://www.google.com/maps/reviews/data=!4m8!14m7!1m6!2m5!1sChZDSUhNMG9nS0VJQ0FnSUNGalpXNVBnEAE!2m1!1s0x0:0x711708aed841f53!3m1!1s2@1:CIHM0ogKEICAgICFjZW5Pg%7C%7C?hl=en,google_business_us_profile,Lori M.,2023-10-30,5,positive,Super easy transaction. Very friendly customer service. Great experience.,Customer Service & Communication,Agent Professionalism & Responsiveness,Helpful Support Experience
rvw-000689,google.com,Google Business Profile (ADESA Concord),https://www.google.com/maps/reviews/data=!4m8!14m7!1m6!2m5!1sChZDSUhNMG9nS0VJQ0FnSUNGNlotSlBnEAE!2m1!1s0x0:0x657d5707422ca21!3m1!1s2@1:CIHM0ogKEICAgICF6Z-JPg%7C%7C?hl=en,google_business_us_profile,Ace McDaniels,2023-10-29,5,positive,Lots of great deals on every variety of vehicles. Great customer service,Customer Service & Communication,Agent Professionalism & Responsiveness,Helpful Support Experience
rvw-000690,google.com,Google Business Profile (ADESA Pennsylvania),https://www.google.com/maps/reviews/data=!4m8!14m7!1m6!2m5!1sChZDSUhNMG9nS0VJQ0FnSUNGMXVXY0xREAE!2m1!1s0x0:0xadbe9fd728415dfa!3m1!1s2@1:CIHM0ogKEICAgICF1uWcLQ%7C%7C?hl=en,google_business_us_profile,George Marrero,2023-10-28,5,positive,Another auto auction Adesa they have a variety of vehicles to sell,Membership / Licensing / Fees & Bidding Policies,"Bidding Process, Rules and Fees",How to Bid (First Time)
rvw-000691,google.com,Google Business Profile (ADESA Austin),https://www.google.com/maps/reviews/data=!4m8!14m7!1m6!2m5!1sChdDSUhNMG9nS0VJQ0FnSUNGNnM2azBRRRAB!2m1!1s0x0:0xc700487a78e37d52!3m1!1s2@1:CIHM0ogKEICAgICF6s6k0QE%7C%7C?hl=en,google_business_us_profile,off grid “flame” tx,2023-10-27,1,negative,The lot guy was a prick.asked if they had air to air up the tires as the car was flat. He like no.just sot helpfully at all.trash service.,Customer Service & Communication,Agent Professionalism & Responsiveness,Rude/Unhelpful Support
rvw-000692,google.com,Google Business Profile (ADESA Des Moines),https://www.google.com/maps/reviews/data=!4m8!14m7!1m6!2m5!1sChdDSUhNMG9nS0VJQ0FnSUNGdFAzUHhnRRAB!2m1!1s0x0:0xe62c0bc75de04bd1!3m1!1s2@1:CIHM0ogKEICAgICFtP3PxgE%7C%7C?hl=en,google_business_us_profile,Bubba Bubba,2023-10-27,1,negative,I really won't give the a 1 star.. this is the worst business ever.. my vehicle is there.. I've paid in full.. nobody answering... I've been calling from 8:30 up to 12 after STILL NO ANSWER but I bet they quick to answer when they get your vehicle... I guess they don't think people coming for their rides because they wanna hurry and auction it out.. I don't think it works that way... I honestly tried to give 0 stars IT JUST WOULDN'T let me THAT'S JUST HOW BAD THIS COMPANY IS... LAAAAAAAAAAAAAWD,Customer Service & Communication,Support Access & Response Time,Long Hold Time / Hard to Reach Support
rvw-000693,google.com,Google Business Profile (ADESA Boston),https://www.google.com/maps/reviews/data=!4m8!14m7!1m6!2m5!1sChZDSUhNMG9nS0VJQ0FnSUQ1NXVqa1pnEAE!2m1!1s0x0:0x159ea0564a37c95b!3m1!1s2@1:CIHM0ogKEICAgID55ujkZg%7C%7C?hl=en,google_business_us_profile,Kimanie Shavers,2023-10-24,1,negative,Some of the people here be working with the auction to get the car sold,Membership / Licensing / Fees & Bidding Policies,"Bidding Process, Rules and Fees",Fees
rvw-000694,google.com,Google Business Profile (ADESA Memphis),https://www.google.com/maps/reviews/data=!4m8!14m7!1m6!2m5!1sChdDSUhNMG9nS0VJQ0FnSUQ1NnJHZmxRRRAB!2m1!1s0x0:0xf3173c4480f55004!3m1!1s2@1:CIHM0ogKEICAgID56rGflQE%7C%7C?hl=en,google_business_us_profile,Kym Pittman,2023-10-22,5,positive,", I enjoy seeing friendly people who are eager to help you with anything you ask!! Have to send love to gate staff who work hard to check you in and out keeping Adesa safe while smiling and greeting everyone with kind, positive attitude and spoken words!!",Customer Service & Communication,Agent Professionalism & Responsiveness,Helpful Support Experience
rvw-000695,google.com,Google Business Profile (ADESA Houston),https://www.google.com/maps/reviews/data=!4m8!14m7!1m6!2m5!1sChdDSUhNMG9nS0VJQ0FnSUQ1bEl2THRnRRAB!2m1!1s0x0:0x6694235793d530dc!3m1!1s2@1:CIHM0ogKEICAgID5lIvLtgE%7C%7C?hl=en,google_business_us_profile,Mutual motorsales,2023-10-20,5,positive,"Best auction I been to so far. Last month managed to score good deals on perfect running cars, can't say that about to many other auctions around town.","Vehicle Pickup, Delivery and Scheduling",Tow and Storage Charges,Tow and Storage Fees
rvw-000696,google.com,Google Business Profile (ADESA Reno),https://www.google.com/maps/reviews/data=!4m8!14m7!1m6!2m5!1sChdDSUhNMG9nS0VJQ0FnSUQ1ME0tcG1RRRAB!2m1!1s0x0:0x31d7a969467cdd51!3m1!1s2@1:CIHM0ogKEICAgID50M-pmQE%7C%7C?hl=en,google_business_us_profile,Reemon Youno,2023-10-19,5,positive,The best customer service I received from Karen very nice and professional way dealing with customer. Thank you,Customer Service & Communication,Agent Professionalism & Responsiveness,Helpful Support Experience
rvw-000697,google.com,Google Business Profile (ADESA Pittsburgh),https://www.google.com/maps/reviews/data=!4m8!14m7!1m6!2m5!1sChZDSUhNMG9nS0VJQ0FnSUM1MUtDeldnEAE!2m1!1s0x0:0x50aee71ecf3394d9!3m1!1s2@1:CIHM0ogKEICAgIC51KCzWg%7C%7C?hl=en,google_business_us_profile,Johnny Guinn,2023-10-10,3,positive,Would be nice if it had even 1 public auction every so often but besides that if the signs for each row was higher off the ground and at each end of the row it would save alot of confusion,Membership / Licensing / Fees & Bidding Policies,"Bidding Process, Rules and Fees",How to Bid (First Time)
rvw-000698,google.com,Google Business Profile (ADESA Tulsa),https://www.google.com/maps/reviews/data=!4m8!14m7!1m6!2m5!1sChdDSUhNMG9nS0VJQ0FnSUM1bVBpanJRRRAB!2m1!1s0x0:0x6c9bb805581f5c8d!3m1!1s2@1:CIHM0ogKEICAgIC5mPijrQE%7C%7C?hl=en,google_business_us_profile,Danny Pruett,2023-10-10,5,positive,Wendy was very helpful and was quick to respond to any questions that I had. She made us feel at ease throughout the process.,Customer Service & Communication,Communication Follow-up & Escalation,Proactive Follow-up
rvw-000699,google.com,Google Business Profile (ADESA Houston),https://www.google.com/maps/reviews/data=!4m8!14m7!1m6!2m5!1sChdDSUhNMG9nS0VJQ0FnSURabmZQZzVRRRAB!2m1!1s0x0:0x6694235793d530dc!3m1!1s2@1:CIHM0ogKEICAgIDZnfPg5QE%7C%7C?hl=en,google_business_us_profile,Pamela Reigert,2023-10-06,1,negative,This place does not care at all about transporters picking up vehicles. Called the day before they told me when we could pickup but of course no gate passes were put at the guard shack ! Waco Tx to Houston for nothing ! But if your bringing them cars you can come any time see they have made there money already on the sold cars so they don’t care anymore !,"Vehicle Pickup, Delivery and Scheduling",Pickup Order Management,Gate Pass Assistance
rvw-000700,google.com,Google Business Profile (ADESA Cincinnati/Dayton),https://www.google.com/maps/reviews/data=!4m8!14m7!1m6!2m5!1sChZDSUhNMG9nS0VJQ0FnSURac3N6NWR3EAE!2m1!1s0x0:0x35280de626a14dbf!3m1!1s2@1:CIHM0ogKEICAgIDZssz5dw%7C%7C?hl=en,google_business_us_profile,richard richardson,2023-09-27,5,positive,Friendly staff. Clean lot,Customer Service & Communication,Agent Professionalism & Responsiveness,Helpful Support Experience
rvw-000701,google.com,Google Business Profile (ADESA Lexington),https://www.google.com/maps/reviews/data=!4m8!14m7!1m6!2m5!1sChdDSUhNMG9nS0VJQ0FnSURaa3ZmYXVRRRAB!2m1!1s0x0:0x4fc12f9761b60e12!3m1!1s2@1:CIHM0ogKEICAgIDZkvfauQE%7C%7C?hl=en,google_business_us_profile,Victoria M Foley,2023-09-27,5,positive,Nice auction and staff.,Customer Service & Communication,Agent Professionalism & Responsiveness,Helpful Support Experience
rvw-000702,google.com,Google Business Profile (ADESA St. Louis),https://www.google.com/maps/reviews/data=!4m8!14m7!1m6!2m5!1sChZDSUhNMG9nS0VJQ0FnSUNaMWE3aU13EAE!2m1!1s0x0:0x711708aed841f53!3m1!1s2@1:CIHM0ogKEICAgICZ1a7iMw%7C%7C?hl=en,google_business_us_profile,Julie Underwood- Franklin,2023-09-14,5,positive,As always the staff was amazingly helpful and easy going ...makes my job a Cakewalk thanks y'all!,Customer Service & Communication,Agent Professionalism & Responsiveness,Helpful Support Experience
rvw-000703,google.com,Google Business Profile (ADESA Houston),https://www.google.com/maps/reviews/data=!4m8!14m7!1m6!2m5!1sChdDSUhNMG9nS0VJQ0FnSUNaaWFpUHNBRRAB!2m1!1s0x0:0x6694235793d530dc!3m1!1s2@1:CIHM0ogKEICAgICZiaiPsAE%7C%7C?hl=en,google_business_us_profile,M & M AUTO SALES,2023-09-12,1,negative,The don’t care for the customers service no help at all with the customer service special from account department the getting worse and worse the need new owners taking over The lady refused to help me till go online and get it done and I know it’s could been done or handled more professional,Customer Service & Communication,Case Resolution Quality,Issue Not Resolved
rvw-000704,google.com,Google Business Profile (ADESA Cincinnati/Dayton),https://www.google.com/maps/reviews/data=!4m8!14m7!1m6!2m5!1sChdDSUhNMG9nS0VJQ0FnSUNabXJyTWd3RRAB!2m1!1s0x0:0x35280de626a14dbf!3m1!1s2@1:CIHM0ogKEICAgICZmrrMgwE%7C%7C?hl=en,google_business_us_profile,Cathy Alvarado,2023-09-08,1,negative,Very Disappointed The Arbitration No One here will help I been in this business 10 years + I never experience any arbitration situation the just dont even try to fix Mr Patrick the arbitration manger well not even considering any help to listen to you situation 14 days PSI engine problems on 30k vehicles he will just till you get no arbitration and if you want to fix it nothing here we can do have to get lawyer to deal with it this in unprofessional Mangemnt it will cost me stress and waist of my time please do not let this happen to you as customer need to deal with some professional business and Respect go somewhere else save you time and stress to fight over something could been handled differently than just don't want to listen I buy more then 1000 units from adesa this the worst I ever have see.,Customer Service & Communication,Agent Professionalism & Responsiveness,Rude/Unhelpful Support
rvw-000705,google.com,Google Business Profile (Adesa Brasher's),https://www.google.com/maps/reviews/data=!4m8!14m7!1m6!2m5!1sChZDSUhNMG9nS0VJQ0FnSUNaN0o2dmJREAE!2m1!1s0x0:0x465b81eaadc807dc!3m1!1s2@1:CIHM0ogKEICAgICZ7J6vbQ%7C%7C?hl=en,google_business_us_profile,Hanif Kermani,2023-09-05,5,positive,They are always there to help you Great customer service 👏,Customer Service & Communication,Agent Professionalism & Responsiveness,Helpful Support Experience
rvw-000706,google.com,Google Business Profile (ADESA Cincinnati/Dayton),https://www.google.com/maps/reviews/data=!4m8!14m7!1m6!2m5!1sChZDSUhNMG9nS0VJQ0FnSUNacko2M2VnEAE!2m1!1s0x0:0x35280de626a14dbf!3m1!1s2@1:CIHM0ogKEICAgICZrJ63eg%7C%7C?hl=en,google_business_us_profile,M & M AUTO SALES,2023-09-05,1,negative,My update on 10/23/2023 The Refuse my arbitration $$ unit was not worth it I lost 11.000 on this unit This Arbitration Manger Patrick Will definitely stresses you out to deal with You will end up having attorney To fight for your money and no concerns about loyal customers be aware of problems with psi miss matches pictures parts been swap out on $50k units and engine light on and CR from 4.6 to 2.4 In other locations good luck and be careful believe it no one will help you here I bought this on 08/23/23 the won’t honor the psi or arb problem the will do whatever it take to not take the unit back not worth the trouble,Account / Access / Login,Password Reset & Login Troubleshooting,App Login Troubleshooting
rvw-000707,google.com,Google Business Profile (ADESA Des Moines),https://www.google.com/maps/reviews/data=!4m8!14m7!1m6!2m5!1sChdDSUhNMG9nS0VJQ0FnSUNab1BDRDBRRRAB!2m1!1s0x0:0xe62c0bc75de04bd1!3m1!1s2@1:CIHM0ogKEICAgICZoPCD0QE%7C%7C?hl=en,google_business_us_profile,The Horseman,2023-09-01,5,positive,"I am an Ames-local hotshot car hauler, I've taken multiple loads from this business and delivered to the buyer, I have also transported a few vehicles To this business for auction. The staff is very friendly, they are always helpful when I have questions. They even help me locate the vehicle for transport. Please FB ""The Hauling Horseman"" if you are in need of quick, reliable transportation of a vehicle from this business.",Customer Service & Communication,Agent Professionalism & Responsiveness,Helpful Support Experience
rvw-000708,google.com,Google Business Profile (ADESA Birmingham),https://www.google.com/maps/reviews/data=!4m8!14m7!1m6!2m5!1sChZDSUhNMG9nS0VJQ0FnSURwdTYyckpBEAE!2m1!1s0x0:0xf16f6e5c92888c0f!3m1!1s2@1:CIHM0ogKEICAgIDpu62rJA%7C%7C?hl=en,google_business_us_profile,Cathy Alvarado,2023-08-29,5,positive,The best Quality staff in this business the make sure that you are welcome and happy to assist you with all the respect Alfie the GM he definitely bringing this establishment back and his great team highly recommend to do business here come join the team and the sale on Wednesday morning hot breakfast and coffee ☕️,Customer Service & Communication,Agent Professionalism & Responsiveness,Helpful Support Experience
rvw-000709,google.com,Google Business Profile (ADESA St. Louis),https://www.google.com/maps/reviews/data=!4m8!14m7!1m6!2m5!1sChZDSUhNMG9nS0VJQ0FnSURwN2JLUWFnEAE!2m1!1s0x0:0x711708aed841f53!3m1!1s2@1:CIHM0ogKEICAgIDp7bKQag%7C%7C?hl=en,google_business_us_profile,Dgv11,2023-08-27,4,positive,Both the auction and caravana staff there were very nice.,Customer Service & Communication,Agent Professionalism & Responsiveness,Helpful Support Experience
rvw-000710,google.com,Google Business Profile (ADESA Knoxville),https://www.google.com/maps/reviews/data=!4m8!14m7!1m6!2m5!1sChZDSUhNMG9nS0VJQ0FnSURwNWRyWEl3EAE!2m1!1s0x0:0xbe432126bb6ab401!3m1!1s2@1:CIHM0ogKEICAgIDp5drXIw%7C%7C?hl=en,google_business_us_profile,Stanley Fox Jr,2023-08-25,5,positive,Great auction. Good selection of dealers and knowledgeable staff,Customer Service & Communication,Agent Professionalism & Responsiveness,Helpful Support Experience
rvw-000711,google.com,Google Business Profile (ADESA New Jersey),https://www.google.com/maps/reviews/data=!4m8!14m7!1m6!2m5!1sChdDSUhNMG9nS0VJQ0FnSURwaGNhYzlnRRAB!2m1!1s0x0:0xd01acd06305ff6fb!3m1!1s2@1:CIHM0ogKEICAgIDphcac9gE%7C%7C?hl=en,google_business_us_profile,Moatasem Ibrahim,2023-08-25,2,negative,Horrible communication filled with bottom feeders,Customer Service & Communication,Agent Professionalism & Responsiveness,Rude/Unhelpful Support
rvw-000712,google.com,Google Business Profile (ADESA Tulsa),https://www.google.com/maps/reviews/data=!4m8!14m7!1m6!2m5!1sChdDSUhNMG9nS0VJQ0FnSURweFliNHp3RRAB!2m1!1s0x0:0x6c9bb805581f5c8d!3m1!1s2@1:CIHM0ogKEICAgIDpxYb4zwE%7C%7C?hl=en,google_business_us_profile,Paul Tabarez,2023-08-25,5,positive,Very professional and courteous. Wendy Johnson and Mong Lee did everything they could to help. I appreciate their graciousness and honesty.,Customer Service & Communication,Agent Professionalism & Responsiveness,Helpful Support Experience
rvw-000713,google.com,Google Business Profile (ADESA Birmingham),https://www.google.com/maps/reviews/data=!4m8!14m7!1m6!2m5!1sChdDSUhNMG9nS0VJQ0FnSURwa2FUdndRRRAB!2m1!1s0x0:0xf16f6e5c92888c0f!3m1!1s2@1:CIHM0ogKEICAgIDpkaTvwQE%7C%7C?hl=en,google_business_us_profile,HT MOTORS,2023-08-23,1,negative,"worst customer service, I called and left voicemail to people there and no one gets back to you. they don't care about customer service at all. one of the worst auction to deal with. I warn any other dealer before doing business with them. Also even the manager doesn't care to correct a mistake, that tells you something.",Customer Service & Communication,Agent Professionalism & Responsiveness,Rude/Unhelpful Support
rvw-000714,google.com,Google Business Profile (ADESA Atlanta),https://www.google.com/maps/reviews/data=!4m8!14m7!1m6!2m5!1sChdDSUhNMG9nS0VJQ0FnSURwN0lhQmdRRRAB!2m1!1s0x0:0x8ca5797c8ce4da57!3m1!1s2@1:CIHM0ogKEICAgIDp7IaBgQE%7C%7C?hl=en,google_business_us_profile,D J,2023-08-17,1,negative,"I purchased a car from Adesa today that has major undisclosed mechanical defects. It has a bad transmission and the engine light is displayed which also was not disclosed. As stated on their website it should be subject to arbitration, however I was turned away today with no explanation as to why I cannot arbitrate the car. I was told they do not have to disclose mechanical issues in their condition report. They are not transparent about the cars they are selling. Beware! Do not purchase here!!","Lot Condition, Listing Status and related",Lot Condition Reporting,Lot Damage
rvw-000715,google.com,Google Business Profile (ADESA Long Island),https://www.google.com/maps/reviews/data=!4m8!14m7!1m6!2m5!1sChdDSUhNMG9nS0VJQ0FnSURwLUtlXzhRRRAB!2m1!1s0x0:0xca83be42a09d5522!3m1!1s2@1:CIHM0ogKEICAgIDp-Ke_8QE%7C%7C?hl=en,google_business_us_profile,james craigson,2023-08-16,5,positive,"long island auction , sell your car here you get good money for it",Membership / Licensing / Fees & Bidding Policies,"Bidding Process, Rules and Fees",How to Bid (First Time)
rvw-000716,google.com,Google Business Profile (ADESA Phoenix),https://www.google.com/maps/reviews/data=!4m8!14m7!1m6!2m5!1sChZDSUhNMG9nS0VJQ0FnSURwa011VEVBEAE!2m1!1s0x0:0x5e1b863ca8625930!3m1!1s2@1:CIHM0ogKEICAgIDpkMuTEA%7C%7C?hl=en,google_business_us_profile,Joshua Marrs,2023-08-14,1,negative,Adesa might be a great dealership auto auction but the way that management treats there employees leaves much to be desired from my own observations the detail shop thinks putting out 60 cars a day i per lane they only run 2 lanes one might think a good thing but in reality it's far from good Adesa used to put out hundreds of cars a day just seems like something is wrong and the only thing to say is the body stinks from the head on down basically management is to blame high turn over rates of employees tells one to turn to temporary services but actual employees are hard to come by one might say that it's that the job is hard but how hard is it to wash clean out a car and wax it plus management acts like they know what they're doing but turns out they're just not trained enough to be a manager every business knows there's leader's and followers but when their's to many chef's and not enough Indians that's not a good practice in detail everyone thinks they know what's best but actually ita hindrance to them ...,Customer Service & Communication,Agent Professionalism & Responsiveness,Rude/Unhelpful Support
rvw-000717,google.com,Google Business Profile (ADESA Little Rock),https://www.google.com/maps/reviews/data=!4m8!14m7!1m6!2m5!1sChZDSUhNMG9nS0VJQ0FnSUNwbDZ5T0F3EAE!2m1!1s0x0:0xcec0b47c0d486762!3m1!1s2@1:CIHM0ogKEICAgICpl6yOAw%7C%7C?hl=en,google_business_us_profile,Abimael Avelar,2023-08-12,5,positive,This auction is open to the public ?,Membership / Licensing / Fees & Bidding Policies,"Bidding Process, Rules and Fees",How to Bid (First Time)
rvw-000718,google.com,Google Business Profile (Carvana/ADESA Portland),https://www.google.com/maps/reviews/data=!4m8!14m7!1m6!2m5!1sChdDSUhNMG9nS0VJQ0FnSUNwaDgtRnJRRRAB!2m1!1s0x0:0xc781b435f48e0e60!3m1!1s2@1:CIHM0ogKEICAgICph8-FrQE%7C%7C?hl=en,google_business_us_profile,White Nigger,2023-08-11,5,positive,Great auto auction if you like an affordable vehicle and know how to fix one up.,Membership / Licensing / Fees & Bidding Policies,"Bidding Process, Rules and Fees",How to Bid (First Time)
rvw-000869,google.com,Google Business Profile (ADESA Chicago),https://www.google.com/maps/reviews/data=!4m8!14m7!1m6!2m5!1sChZDSUhNMG9nS0VJQ0FnSUNweDdxb1ZnEAE!2m1!1s0x0:0x29cf546c41c2f6ff!3m1!1s2@1:CIHM0ogKEICAgICpx7qoVg%7C%7C?hl=en,google_business_us_profile,Akrum Bitar (ABKicks),2023-08-11,5,positive,"I recently visited ADESA Chicago for a car auction and had a fantastic experience. Nery, the person I worked with, provided excellent guidance and directed me on where to go. The auction place had a wide selection of cars and the process was smooth. I highly recommend ADESA Chicago for anyone looking for a great car auction experience.",Membership / Licensing / Fees & Bidding Policies,"Bidding Process, Rules and Fees",How to Bid (First Time)
rvw-000719,google.com,Google Business Profile (ADESA Northwest),https://www.google.com/maps/reviews/data=!4m8!14m7!1m6!2m5!1sChZDSUhNMG9nS0VJQ0FnSUNwbTU2a1hnEAE!2m1!1s0x0:0x86866fec57f185eb!3m1!1s2@1:CIHM0ogKEICAgICpm56kXg%7C%7C?hl=en,google_business_us_profile,Jon Walls,2023-08-10,5,positive,The best auction house that I have had the privilege of working with. Thank you guys.,Membership / Licensing / Fees & Bidding Policies,"Bidding Process, Rules and Fees",How to Bid (First Time)
rvw-000870,google.com,Google Business Profile (ADESA Chicago),https://www.google.com/maps/reviews/data=!4m8!14m7!1m6!2m5!1sChZDSUhNMG9nS0VJQ0FnSUNwcTZHNlVBEAE!2m1!1s0x0:0x29cf546c41c2f6ff!3m1!1s2@1:CIHM0ogKEICAgICpq6G6UA%7C%7C?hl=en,google_business_us_profile,Gabe Finks,2023-08-10,5,positive,"Had a great experience at the auction, process ran smoothly, saw some really great pieces, and staff was friendly and helpful. Didn't actually eat but they had a killer food court too",Customer Service & Communication,Agent Professionalism & Responsiveness,Helpful Support Experience
rvw-000871,google.com,Google Business Profile (ADESA Chicago),https://www.google.com/maps/reviews/data=!4m8!14m7!1m6!2m5!1sChZDSUhNMG9nS0VJQ0FnSUNwM2Yzbkh3EAE!2m1!1s0x0:0x29cf546c41c2f6ff!3m1!1s2@1:CIHM0ogKEICAgICp3f3nHw%7C%7C?hl=en,google_business_us_profile,Joseph Ortega,2023-08-08,1,negative,As an owner of a dealership. I understand the importance of great customer service. So far I’ve had a horrible experience with Adesa Chicago’s employee- Alicia Thornton. Whom is the office manager at this location. It’s not the first time this woman has been very rude over the phone and in person. Not only did I drive over hour to pick up a title; after she said I was able to pick it up. When I got there she told me I had to come back the next day. Today I had another experience with this woman. She kept giving me the run around over the phone. I don’t know if she is racist or if she just hates her job. They should reconsider her position especially after reading multiple bad reviews on her. I would hate to stop doing business with this auction just because someone can’t do their job. Thankfully the General manager reached out to me after.,Customer Service & Communication,Agent Professionalism & Responsiveness,Rude/Unhelpful Support
rvw-000720,google.com,Google Business Profile (ADESA Ocala),https://www.google.com/maps/reviews/data=!4m8!14m7!1m6!2m5!1sChdDSUhNMG9nS0VJQ0FnSUNwLVp2bGdnRRAB!2m1!1s0x0:0x8a095b6a3dae24d3!3m1!1s2@1:CIHM0ogKEICAgICp-ZvlggE%7C%7C?hl=en,google_business_us_profile,Maksim Gorodkin (Citywide Auto Group LLC),2023-08-07,5,positive,Loved the selections of all the vehicles and RVs. I pickup up and Rv from there and they have lots of choices and will defiantly buy from that Adesa location again.,"Vehicle Pickup, Delivery and Scheduling",Scheduled Pickup Status,Schedule/ Reschedule Pickup
rvw-000270,birdeye.com,Birdeye (Birdeye),https://reviews.birdeye.com/adesa-cincinnati-dayton-149147997743249#review-4,birdeye_us_profile,Tim J.,2023-08-03,,positive,"Great customer service!!! The staff is top notch, friendly and knowledgeable!!!.",Customer Service & Communication,Agent Professionalism & Responsiveness,Helpful Support Experience
rvw-000721,google.com,Google Business Profile (ADESA Los Angeles),https://www.google.com/maps/reviews/data=!4m8!14m7!1m6!2m5!1sChZDSUhNMG9nS0VJQ0FnSUNwNHQzUkVnEAE!2m1!1s0x0:0x65b0cf8a3592e7e!3m1!1s2@1:CIHM0ogKEICAgICp4t3REg%7C%7C?hl=en,google_business_us_profile,Adilele Flores,2023-07-31,1,negative,After 3 weeks l can not speak with the manager !!! After 3 weeks the sales representant can not resolve nothing they are still charge me storage fees for a car!!! The car arrive 3 weeks ago! (Utah) .When l call to try to resolve this they said in the system the car is here !!!! After 3 weeks no body can help me the sales representant is so rude all the time l live in Utah and looks like l need to pay storages fees for another 3 weeks,Customer Service & Communication,Agent Professionalism & Responsiveness,Rude/Unhelpful Support
rvw-000722,google.com,Google Business Profile (ADESA Flint),https://www.google.com/maps/reviews/data=!4m8!14m7!1m6!2m5!1sChdDSUhNMG9nS0VJQ0FnSUNwOUliT3ZnRRAB!2m1!1s0x0:0xc67e3588b4be2a48!3m1!1s2@1:CIHM0ogKEICAgICp9IbOvgE%7C%7C?hl=en,google_business_us_profile,Jonas Denos,2023-07-29,5,positive,The best auction staff in the IS,Customer Service & Communication,Agent Professionalism & Responsiveness,Helpful Support Experience
rvw-000723,google.com,Google Business Profile (ADESA Phoenix),https://www.google.com/maps/reviews/data=!4m8!14m7!1m6!2m5!1sChdDSUhNMG9nS0VJQ0FnSUNwNkpmYTNBRRAB!2m1!1s0x0:0x5e1b863ca8625930!3m1!1s2@1:CIHM0ogKEICAgICp6Jfa3AE%7C%7C?hl=en,google_business_us_profile,Yousif Fagir,2023-07-28,5,positive,"I love Adesa because the staff are friendly and they know what they’re doing every one in his profession, and fast compared with the other auctions in Phoenix Thanks Adesa and keep up the good work",Customer Service & Communication,Agent Professionalism & Responsiveness,Helpful Support Experience
rvw-000724,google.com,Google Business Profile (ADESA Atlanta),https://www.google.com/maps/reviews/data=!4m8!14m7!1m6!2m5!1sChZDSUhNMG9nS0VJQ0FnSUNwMEwtY0lnEAE!2m1!1s0x0:0x8ca5797c8ce4da57!3m1!1s2@1:CIHM0ogKEICAgICp0L-cIg%7C%7C?hl=en,google_business_us_profile,Quincy Thomas,2023-07-27,1,negative,"People will steal parts off of your vehicle that could possibly cost you thousands of dollars. The general manager Nicole lacks the intelligence to provide customers with adequate security needed to prevent major theft from occurring on the premises. She is rude, obnoxious, and she will take every measure possible to avoid be held accountable. I had 2 computers stole out of my semi truck in and had to get it towed out. The mechanic on site notified me that this was happening a lot and that he could clearly see were they took my computer. He stated that the computer. She agreed to pay half once all evidence pointed to my vehicle being tampered with b the premises because a few of the employees that work there verified that. When I brought it in there started it and moved it around on the yard prior to me coming to pick it up. After she found out what the cost will be to replace the computer then then offered to pay my tow bill of around $500 which I declined. I got my vehicle towed to the dealership. And my bill was almost $8000 to fix it. See you in court.",Customer Service & Communication,Agent Professionalism & Responsiveness,Rude/Unhelpful Support
rvw-000725,google.com,Google Business Profile (ADESA Kansas City),https://www.google.com/maps/reviews/data=!4m8!14m7!1m6!2m5!1sChZDSUhNMG9nS0VJQ0FnSUNweU9QYlpBEAE!2m1!1s0x0:0x7ff69944521dfa9c!3m1!1s2@1:CIHM0ogKEICAgICpyOPbZA%7C%7C?hl=en,google_business_us_profile,Sami Azzeh,2023-07-27,5,positive,Good costumer service specialty tena my sale rep she go off here way to help,Membership / Licensing / Fees & Bidding Policies,"Bidding Process, Rules and Fees",Fees
rvw-000726,google.com,Google Business Profile (ADESA Los Angeles),https://www.google.com/maps/reviews/data=!4m8!14m7!1m6!2m5!1sChZDSUhNMG9nS0VJQ0FnSUNwZ05iZk1nEAE!2m1!1s0x0:0x65b0cf8a3592e7e!3m1!1s2@1:CIHM0ogKEICAgICpgNbfMg%7C%7C?hl=en,google_business_us_profile,Lisa Vallier (Fireball),2023-07-26,1,negative,"So they got my car last week the very next day i caught up on the payments i paid 1500 and am now current on my payments. My financial company challenge calls the place and lets them know that i am square with the house . The financial company sends them the release form through e mail giving me permission to pick up my car. I am informed by my financial company that i have to follow the protocol and procedure in order to obtain my vehicle. Not one time in the course of me calling for days and hours and leaving numerous messages did this place ever pick up the phone or even attempt to call me back nor did they follow thru by calling me back considering i had already called a bunch of times and left messages bcus i couldn't get through to them it rang like crazy only to have no one pick up the phone . how is it this place is still running a business its beyond my comprehension . You don't have the right to treat people like they don't matter. Why would you make it so difficult for individuals to get their cars back ???? How would you like it if something like that was done to you, and people put you through all kinds of changes like that and didn't even let you get through the phone so you could make an appt to come and get your car. this is not right and something should be done as i see you guys have horrible reviews all throughout your website you have a very angry and hostile group of people that have had to deal with you guys and your lack of professionalism and inability to conduct yourselves like normal business people who are doing their job to the best of their ability. they should shut your business down for the crooked ways that you guys are choosing to conduct business over there shiesty and cut throat absolutely horrible establishment. i will be in touch with the better business bureau, bcuz you guys are not exempt from the laws and i do believe there needs to be an investigation immediately so these issues can be resolved ,",Customer Service & Communication,Agent Professionalism & Responsiveness,Rude/Unhelpful Support
rvw-000727,google.com,Google Business Profile (ADESA New Jersey),https://www.google.com/maps/reviews/data=!4m8!14m7!1m6!2m5!1sChdDSUhNMG9nS0VJQ0FnSURKMzU2WC1BRRAB!2m1!1s0x0:0xd01acd06305ff6fb!3m1!1s2@1:CIHM0ogKEICAgIDJ356X-AE%7C%7C?hl=en,google_business_us_profile,Iryna Kondratiuk,2023-07-25,1,negative,"Can I just say that Adesa should fire that woman who works as a security? Extremely rude, cursing and harassing people, doesn’t want to do her job. Just sitting there and wasting everyone’s time. If she’s not happy with her life, she should just quit and stay home and stop harassing other people because her life is bad. I will report her behavior to the management and I hope they can do something with that.",Customer Service & Communication,Agent Professionalism & Responsiveness,Rude/Unhelpful Support
rvw-000728,google.com,Google Business Profile (ADESA San Antonio),https://www.google.com/maps/reviews/data=!4m8!14m7!1m6!2m5!1sChdDSUhNMG9nS0VJQ0FnSURKaDlhMTd3RRAB!2m1!1s0x0:0xc0ff65b103a17103!3m1!1s2@1:CIHM0ogKEICAgIDJh9a17wE%7C%7C?hl=en,google_business_us_profile,m y,2023-07-23,1,negative,"No safety measures , drivers are driving fast through the parking , not allowing viewers to feel safe , I personally had to move out of this wreckless drivers way , management previously don’t believe our reports of misconduct , they must have periodic inspection. View this driver 👇🏼👇🏼👇🏼beware.",Customer Service & Communication,Agent Professionalism & Responsiveness,Rude/Unhelpful Support
rvw-000729,google.com,Google Business Profile (ADESA Raleigh),https://www.google.com/maps/reviews/data=!4m8!14m7!1m6!2m5!1sChZDSUhNMG9nS0VJQ0FnSURKdGNqY1JnEAE!2m1!1s0x0:0xd66dd4b29022f5b8!3m1!1s2@1:CIHM0ogKEICAgIDJtcjcRg%7C%7C?hl=en,google_business_us_profile,Delia Shinn,2023-07-21,5,positive,We have been buying and selling with Adesa since they opened. Staff always works with us and helps us put deals together.,Customer Service & Communication,Agent Professionalism & Responsiveness,Helpful Support Experience
rvw-000730,google.com,Google Business Profile (ADESA San Diego),https://www.google.com/maps/reviews/data=!4m8!14m7!1m6!2m5!1sChZDSUhNMG9nS0VJQ0FnSURKemJDRkJ3EAE!2m1!1s0x0:0x6bb08db853473766!3m1!1s2@1:CIHM0ogKEICAgIDJzbCFBw%7C%7C?hl=en,google_business_us_profile,Nick Diaz,2023-07-21,1,negative,"It’s been almost a month since I bought the car and still no title, no one ever answers the phone, horrible customer service very unprofessional",Customer Service & Communication,Agent Professionalism & Responsiveness,Rude/Unhelpful Support
rvw-000731,google.com,Google Business Profile (ADESA Raleigh),https://www.google.com/maps/reviews/data=!4m8!14m7!1m6!2m5!1sChdDSUhNMG9nS0VJQ0FnSURKeWV1SF9BRRAB!2m1!1s0x0:0xd66dd4b29022f5b8!3m1!1s2@1:CIHM0ogKEICAgIDJyeuH_AE%7C%7C?hl=en,google_business_us_profile,Brian,2023-07-19,5,positive,"I really enjoy doing business with the staff at Adesa. The office personnel are always friendly, helpful and really nice to work with. It's our favorite auction in the area we sell our cars in.",Customer Service & Communication,Agent Professionalism & Responsiveness,Helpful Support Experience
rvw-000732,google.com,Google Business Profile (ADESA Boston),https://www.google.com/maps/reviews/data=!4m8!14m7!1m6!2m5!1sChdDSUhNMG9nS0VJQ0FnSURKNm9mMi1nRRAB!2m1!1s0x0:0x159ea0564a37c95b!3m1!1s2@1:CIHM0ogKEICAgIDJ6of2-gE%7C%7C?hl=en,google_business_us_profile,Anthony Velino,2023-07-15,5,positive,Great place super friendly stuff but the fees are getting very high.,Membership / Licensing / Fees & Bidding Policies,"Bidding Process, Rules and Fees",Fees
rvw-000131,play.google.com,Google Play (com.adesa.marketplace),https://play.google.com/store/apps/details?id=com.adesa.marketplace&hl=en&gl=us,google_play_us_store,David Kooper,2023-07-12,1,negative,Updated now does not work not happy,Account / Access / Login,Password Reset & Login Troubleshooting,App Login Troubleshooting
rvw-000733,google.com,Google Business Profile (ADESA Tampa),https://www.google.com/maps/reviews/data=!4m8!14m7!1m6!2m5!1sChZDSUhNMG9nS0VJQ0FnSURKdUtIbGJ3EAE!2m1!1s0x0:0x2d3addad274be2eb!3m1!1s2@1:CIHM0ogKEICAgIDJuKHlbw%7C%7C?hl=en,google_business_us_profile,Amir Khan,2023-07-10,1,negative,"BOUGHT A VHICLE FROM ADESA TAMPA, WHEN PICKED IT UP IT HAD A TRAMISSION ISSUE WHICH WAS NOT MENTIONED IN TH CONDITION REPORT ,WENT TO PICKUP THE VEHICLE ALL THE WAY FROM ATLANTA GA SPENT $600 TO $700 ARBITRATION SINCE JUNE 22ND CALLED SEVERAL TIMES LEFT MESSAGES NO ONE RESPONDING OR TAKING RESPONSIBILITY .WILL NEVER BUY FROM ADESA TAMPA.I AM A REGULAR WHOLESALE CUSTOMER OF ADESA",Customer Service & Communication,Communication Follow-up & Escalation,No Callback / Unresolved Case
rvw-000734,google.com,Google Business Profile (ADESA Cincinnati/Dayton),https://www.google.com/maps/reviews/data=!4m8!14m7!1m6!2m5!1sChZDSUhNMG9nS0VJQ0FnSUNKbl9yZEZnEAE!2m1!1s0x0:0x35280de626a14dbf!3m1!1s2@1:CIHM0ogKEICAgICJn_rdFg%7C%7C?hl=en,google_business_us_profile,Lee S,2023-07-07,4,positive,Good auction to do business with.,Membership / Licensing / Fees & Bidding Policies,"Bidding Process, Rules and Fees",How to Bid (First Time)
rvw-000735,google.com,Google Business Profile (ADESA Cleveland),https://www.google.com/maps/reviews/data=!4m8!14m7!1m6!2m5!1sChdDSUhNMG9nS0VJQ0FnSUNKaDhEZDh3RRAB!2m1!1s0x0:0x347271a59a45105!3m1!1s2@1:CIHM0ogKEICAgICJh8Dd8wE%7C%7C?hl=en,google_business_us_profile,Sue Goodin,2023-07-06,1,negative,Used to purchase vehicle here all the time as a public bidder. Now they have squeezed out the public and this is very frustrating. Will not be back at all.,Membership / Licensing / Fees & Bidding Policies,"Bidding Process, Rules and Fees",Fees
rvw-000736,google.com,Google Business Profile (ADESA New Jersey),https://www.google.com/maps/reviews/data=!4m8!14m7!1m6!2m5!1sChZDSUhNMG9nS0VJQ0FnSUNKNThhc2FBEAE!2m1!1s0x0:0xd01acd06305ff6fb!3m1!1s2@1:CIHM0ogKEICAgICJ58asaA%7C%7C?hl=en,google_business_us_profile,Abc,2023-07-06,1,negative,"I have to give this place a 1 Star now and this is due to security and the gates closing to early. The heavyset lady needs to be fired. They also need to let customers get their cars at least till 12 AM closing the gate at 10PM is not fair especially to people coming from out of state to pick up 5 to 7 cars. management please let gates stay open later and fire this lady. And also for a short time, they were even closing the gate at 9:30",Customer Service & Communication,Agent Professionalism & Responsiveness,Rude/Unhelpful Support
rvw-000189,reddit.com,Reddit r/carflipping,https://www.reddit.com/r/carflipping/comments/14p5rwy/looking_to_connect/,mixed_source_ok,Royal_Quail_6332,2023-07-03,,positive,"Looking to connect Hello guys. I just got my dealer license and have currently been selling retail 1 car a week as I am small but I am looking to grow and sell to resellers for smaller profits but quicker flips I am located in socal (Orange County) I currently buy from adesa, Manheim, and Carmax auctions. Feel free to msg me and see if we can do business together.",Membership / Licensing / Fees & Bidding Policies,Auction Eligibility & Licensing,Unable to Bid
rvw-000737,google.com,Google Business Profile (ADESA Washington D.C.),https://www.google.com/maps/reviews/data=!4m8!14m7!1m6!2m5!1sChZDSUhNMG9nS0VJQ0FnSUNKX1ktUEV3EAE!2m1!1s0x0:0xdad802a3b6c7ae8a!3m1!1s2@1:CIHM0ogKEICAgICJ_Y-PEw%7C%7C?hl=en,google_business_us_profile,JULIO HERNANDEZ,2023-07-03,1,negative,"do not buy from this location bought a nissan and i spent extra money to perform a post sale inspection they told me the car is good and i took it back to them and told them the head gasket was compromised, they lied and said no the mixed fluid was caused by replacement of the transmission cooling pipes. Now i have to spend $6000 to replace the engine of a car that was sold to me with Green light and mind you i spend another $140 to do a psi the management is scammer the whole place is a dumping ground for sellers",Customer Service & Communication,Agent Professionalism & Responsiveness,Rude/Unhelpful Support
rvw-000255,birdeye.com,Birdeye (Birdeye),https://reviews.birdeye.com/adesa-cincinnati-dayton-149147997743249#review-4,birdeye_us_profile,Tim J.,2023-07-03,,positive,"Great customer service!!! The staff is top notch, friendly and knowledgeable!!!.",Customer Service & Communication,Agent Professionalism & Responsiveness,Helpful Support Experience
rvw-000738,google.com,Google Business Profile (ADESA Atlanta),https://www.google.com/maps/reviews/data=!4m8!14m7!1m6!2m5!1sChZDSUhNMG9nS0VJQ0FnSUNKN3VPVkt3EAE!2m1!1s0x0:0x8ca5797c8ce4da57!3m1!1s2@1:CIHM0ogKEICAgICJ7uOVKw%7C%7C?hl=en,google_business_us_profile,R D Hughes,2023-06-27,5,positive,"I’m a transporter and we walk around to find most of our cars, but adesa has transport for us drivers💪🏽💪🏽💪🏽💪🏽💪🏽","Vehicle Pickup, Delivery and Scheduling",Scheduled Pickup Status,Schedule/ Reschedule Pickup
rvw-000241,birdeye.com,Birdeye (Birdeye),https://reviews.birdeye.com/adesa-cincinnati-dayton-149147997743249#review-4,birdeye_us_profile,Tim J.,2023-06-27,,positive,"Great customer service!!! The staff is top notch, friendly and knowledgeable!!!.",Customer Service & Communication,Agent Professionalism & Responsiveness,Helpful Support Experience
rvw-000739,google.com,Google Business Profile (ADESA Atlanta),https://www.google.com/maps/reviews/data=!4m8!14m7!1m6!2m5!1sChZDSUhNMG9nS0VJQ0FnSUNKOU9MMVV3EAE!2m1!1s0x0:0x8ca5797c8ce4da57!3m1!1s2@1:CIHM0ogKEICAgICJ9OL1Uw%7C%7C?hl=en,google_business_us_profile,nklorichi,2023-06-21,5,positive,"Previously I left a bad review,But I’m updating it to a good review because they’re doing much better in taking care of the dealers and security personnel are very nice and professional 👍 I will continue to buy and sell at this auction.",Customer Service & Communication,Agent Professionalism & Responsiveness,Helpful Support Experience
rvw-000740,google.com,Google Business Profile (ADESA Concord),https://www.google.com/maps/reviews/data=!4m8!14m7!1m6!2m5!1sChdDSUhNMG9nS0VJQ0FnSUNKeUtUeHl3RRAB!2m1!1s0x0:0x657d5707422ca21!3m1!1s2@1:CIHM0ogKEICAgICJyKTxywE%7C%7C?hl=en,google_business_us_profile,SNAPASAURUS E,2023-06-19,1,negative,"Guy at the guardshack was rude and has no idea. Policy is lousy, been in the business for 31 years, I buy cars at auctions, pay for them, print gate pass and pick up, Manheim I can even pick up before I pay. I buy a truck at Adesa concord , pay for it, show up Monday to pick up and the security guy at the door does not accept my online printed gate pass, claiming it has to be printed by auction. Adesa deserves to be where they are now. Bad management and policy. Waisted 1/2 day. Office was closed today 1 star for you.",Customer Service & Communication,Agent Professionalism & Responsiveness,Rude/Unhelpful Support
rvw-000741,google.com,Google Business Profile (ADESA Concord),https://www.google.com/maps/reviews/data=!4m8!14m7!1m6!2m5!1sChdDSUhNMG9nS0VJQ0FnSUR4MS03azZBRRAB!2m1!1s0x0:0x657d5707422ca21!3m1!1s2@1:CIHM0ogKEICAgIDx1-7k6AE%7C%7C?hl=en,google_business_us_profile,barbecue market,2023-06-16,1,negative,"Worst auction I’ve been to. Been working at a dealership and buying/selling cars for almost 7 years and they lack on everything. Robert Haluska, arbitration, mechanics, staff everyone is just so bad at doing their job and communicating. And their fees are crazy high Will never recomend, do yourself a favor and go to any other auction in New England",Customer Service & Communication,Agent Professionalism & Responsiveness,Rude/Unhelpful Support
rvw-000872,google.com,Google Business Profile (ADESA Chicago),https://www.google.com/maps/reviews/data=!4m8!14m7!1m6!2m5!1sChdDSUhNMG9nS0VJQ0FnSUR4NTVXQTVRRRAB!2m1!1s0x0:0x29cf546c41c2f6ff!3m1!1s2@1:CIHM0ogKEICAgIDx55WA5QE%7C%7C?hl=en,google_business_us_profile,Giovanni Sandoval,2023-06-16,5,positive,Went for a car auction and there were so many cars to choose from.,Membership / Licensing / Fees & Bidding Policies,"Bidding Process, Rules and Fees",How to Bid (First Time)
rvw-000223,birdeye.com,Birdeye (Birdeye),https://reviews.birdeye.com/adesa-cincinnati-dayton-149147997743249#review-4,birdeye_us_profile,Tim J.,2023-06-15,,positive,"Great customer service!!! The staff is top notch, friendly and knowledgeable!!!.",Customer Service & Communication,Agent Professionalism & Responsiveness,Helpful Support Experience
rvw-000742,google.com,Google Business Profile (ADESA Phoenix),https://www.google.com/maps/reviews/data=!4m8!14m7!1m6!2m5!1sChdDSUhNMG9nS0VJQ0FnSUR4ODZPYl9RRRAB!2m1!1s0x0:0x5e1b863ca8625930!3m1!1s2@1:CIHM0ogKEICAgIDx86Ob_QE%7C%7C?hl=en,google_business_us_profile,jon sullivan,2023-06-14,5,positive,Must go to auction for some great buys also a good place to sell some rides,Membership / Licensing / Fees & Bidding Policies,"Bidding Process, Rules and Fees",How to Bid (First Time)
rvw-000743,google.com,Google Business Profile (ADESA New Jersey),https://www.google.com/maps/reviews/data=!4m8!14m7!1m6!2m5!1sChdDSUhNMG9nS0VJQ0FnSUR4bFpYUjR3RRAB!2m1!1s0x0:0xd01acd06305ff6fb!3m1!1s2@1:CIHM0ogKEICAgIDxlZXR4wE%7C%7C?hl=en,google_business_us_profile,Ar Sa,2023-06-12,4,positive,Went there to drop my car to caravan drop.. Jaimie was super helpful and able to finish all processes in 10/15 min,Customer Service & Communication,Agent Professionalism & Responsiveness,Helpful Support Experience
rvw-000132,play.google.com,Google Play (com.adesa.marketplace),https://play.google.com/store/apps/details?id=com.adesa.marketplace&hl=en&gl=us,google_play_us_store,Maarten,2023-06-11,1,negative,"""Error, please make sure you have an internet connection and the latest version""...... How about you stop screwing around with this app and make it work. You think I can't tell if I have internet??? Blame the customer! Why not, seems to work for these big corps nowadays.",Account / Access / Login,Password Reset & Login Troubleshooting,App Login Troubleshooting
rvw-000744,google.com,Google Business Profile (ADESA Flint),https://www.google.com/maps/reviews/data=!4m8!14m7!1m6!2m5!1sChZDSUhNMG9nS0VJQ0FnSUR4dVp6Ykx3EAE!2m1!1s0x0:0xc67e3588b4be2a48!3m1!1s2@1:CIHM0ogKEICAgIDxuZzbLw%7C%7C?hl=en,google_business_us_profile,Wayne Butler,2023-06-11,5,positive,Great staff! Rebecca your the best,Customer Service & Communication,Agent Professionalism & Responsiveness,Helpful Support Experience
rvw-000745,google.com,Google Business Profile (ADESA Golden Gate),https://www.google.com/maps/reviews/data=!4m8!14m7!1m6!2m5!1sChdDSUhNMG9nS0VJQ0FnSUR4bWJQU3RnRRAB!2m1!1s0x0:0x1314b726513d9a91!3m1!1s2@1:CIHM0ogKEICAgIDxmbPStgE%7C%7C?hl=en,google_business_us_profile,rafael valdez,2023-06-11,5,positive,"I didn't go inside, so the only thing I can say is that they were understandably professional.",Customer Service & Communication,Agent Professionalism & Responsiveness,Helpful Support Experience
rvw-000746,google.com,Google Business Profile (ADESA San Diego),https://www.google.com/maps/reviews/data=!4m8!14m7!1m6!2m5!1sChdDSUhNMG9nS0VJQ0FnSUR4aXFXaDRBRRAB!2m1!1s0x0:0x6bb08db853473766!3m1!1s2@1:CIHM0ogKEICAgIDxiqWh4AE%7C%7C?hl=en,google_business_us_profile,Bailey Henley,2023-06-05,4,positive,"The staff was really nice and it was a pretty simple process of turning in my car with Carvana, but Carvana quoted me for my car $7,600 even with telling them that there’s a dent in the bumper and some paint touch ups and they lowered the buying price to $6,600 (the car on Kelley blue book is worth $11k+ with the dent in mind so I was already going lower than I’d like) so I decided to not go through with the sale.",Customer Service & Communication,Agent Professionalism & Responsiveness,Helpful Support Experience
rvw-000133,play.google.com,Google Play (com.adesa.marketplace),https://play.google.com/store/apps/details?id=com.adesa.marketplace&hl=en&gl=us,google_play_us_store,Jeff P,2023-06-01,4,positive,Still has operational glitches,Account / Access / Login,Password Reset & Login Troubleshooting,App Login Troubleshooting
rvw-000747,google.com,Google Business Profile (ADESA Birmingham),https://www.google.com/maps/reviews/data=!4m8!14m7!1m6!2m5!1sChdDSUhNMG9nS0VJQ0FnSUR4MElmSDZ3RRAB!2m1!1s0x0:0xf16f6e5c92888c0f!3m1!1s2@1:CIHM0ogKEICAgIDx0IfH6wE%7C%7C?hl=en,google_business_us_profile,A M Wheeles,2023-05-31,5,positive,Adela is a well organized auto auction,Membership / Licensing / Fees & Bidding Policies,"Bidding Process, Rules and Fees",How to Bid (First Time)
rvw-000748,google.com,Google Business Profile (ADESA Houston),https://www.google.com/maps/reviews/data=!4m8!14m7!1m6!2m5!1sChdDSUhNMG9nS0VJQ0FnSUN4dDdiaWhRRRAB!2m1!1s0x0:0x6694235793d530dc!3m1!1s2@1:CIHM0ogKEICAgICxt7bihQE%7C%7C?hl=en,google_business_us_profile,Robert McClure,2023-05-28,4,positive,I go to this facility to pick up vehicles from the storage lot. All the staff here has been very helpful in taking care of anything I need.,Customer Service & Communication,Agent Professionalism & Responsiveness,Helpful Support Experience
rvw-000873,google.com,Google Business Profile (ADESA Chicago),https://www.google.com/maps/reviews/data=!4m8!14m7!1m6!2m5!1sChZDSUhNMG9nS0VJQ0FnSUN4ai1UU0tBEAE!2m1!1s0x0:0x29cf546c41c2f6ff!3m1!1s2@1:CIHM0ogKEICAgICxj-TSKA%7C%7C?hl=en,google_business_us_profile,Old Sal,2023-05-28,4,positive,"Was there today, Sunday. Needed to pick up three cars. John at the gate is a good guy. Polite and professional. Made getting my cars a fast process.",Customer Service & Communication,Agent Professionalism & Responsiveness,Helpful Support Experience
rvw-000749,google.com,Google Business Profile (ADESA Golden Gate),https://www.google.com/maps/reviews/data=!4m8!14m7!1m6!2m5!1sChdDSUhNMG9nS0VJQ0FnSUN4dGVySXl3RRAB!2m1!1s0x0:0x1314b726513d9a91!3m1!1s2@1:CIHM0ogKEICAgICxterIywE%7C%7C?hl=en,google_business_us_profile,Corina Spirk,2023-05-22,2,negative,They seem reputable but adesa gave me a next day appt. For property retrieval and when I got there they didn't have an appt for me they said. So I couldn't get my personal belongings. It was a Friday and wasn't able to book an appt. Until Monday due to online booking. So when I call there on Saturday my car isn't in their system anymore. Funny it wasn't supposed to go up for auction till Monday. So they threw away a lot of $ in stereo equipment that was in my trunk not hooked up but in a storage bin. And a speaker in a box. There was also amps etc. Be aware not to let this happen to you!,"Lot Condition, Listing Status and related",Personal belongings/ items,Removal / Retrieval of items left in vehicle
rvw-000750,google.com,Google Business Profile (ADESA New Jersey),https://www.google.com/maps/reviews/data=!4m8!14m7!1m6!2m5!1sChZDSUhNMG9nS0VJQ0FnSUN4MGZEWVR3EAE!2m1!1s0x0:0xd01acd06305ff6fb!3m1!1s2@1:CIHM0ogKEICAgICx0fDYTw%7C%7C?hl=en,google_business_us_profile,Merj Din,2023-05-19,1,negative,All dealer be careful don’t buy cars from Tesla and Paragon Lane you’ll never get your title from them,"Title, Ownership, POA and Documentation",Title Delivery & Status,Title Not Received
rvw-000751,google.com,Google Business Profile (Adesa Brasher's),https://www.google.com/maps/reviews/data=!4m8!14m7!1m6!2m5!1sChZDSUhNMG9nS0VJQ0FnSUN4cnV2RUx3EAE!2m1!1s0x0:0x465b81eaadc807dc!3m1!1s2@1:CIHM0ogKEICAgICxruvELw%7C%7C?hl=en,google_business_us_profile,Henry Martel,2023-05-17,4,positive,We have no issues buying cars here. Only thing would be maybe a little bit more maintenance in the transportation lot,"Vehicle Pickup, Delivery and Scheduling",Scheduled Pickup Status,Schedule/ Reschedule Pickup
rvw-000752,google.com,Google Business Profile (ADESA Knoxville),https://www.google.com/maps/reviews/data=!4m8!14m7!1m6!2m5!1sChZDSUhNMG9nS0VJQ0FnSUN4MnB1T2RnEAE!2m1!1s0x0:0xbe432126bb6ab401!3m1!1s2@1:CIHM0ogKEICAgICx2puOdg%7C%7C?hl=en,google_business_us_profile,Brandon Gowey,2023-05-15,1,negative,Horrible customer service I’m a driver and pick up cars here and every time I come here the ladies up front have an issue with me doing my job and always have something to say that’s either inappropriate or unneeded would not recommend lol,Customer Service & Communication,Agent Professionalism & Responsiveness,Rude/Unhelpful Support
rvw-000190,reddit.com,Reddit r/askcarsales,https://www.reddit.com/r/askcarsales/comments/13gwp9c/question_adesa_public_auction_prices/,mixed_source_ok,rafacena,2023-05-13,,positive,"Question- Adesa Public Auction Prices Hi, I am thinking of getting my next car at an Adesa public auction either in DC or Cincinnati. Does anyone know if the cars there sell for below market value or if they sell around market value? I am talking about the cars that are in good condition and have an Autograde of 4.0 and above. I am a private buyer so I don't plan on repairing the car in any way.","Lot Condition, Listing Status and related",Lot Condition Reporting,Lot Damage
rvw-000753,google.com,Google Business Profile (ADESA Little Rock),https://www.google.com/maps/reviews/data=!4m8!14m7!1m6!2m5!1sChdDSUhNMG9nS0VJQ0FnSUN4bkpLVWp3RRAB!2m1!1s0x0:0xcec0b47c0d486762!3m1!1s2@1:CIHM0ogKEICAgICxnJKUjwE%7C%7C?hl=en,google_business_us_profile,Kristina Giora,2023-05-12,5,positive,We sold our car via carvana .. it was efficient fast and professional,Customer Service & Communication,Agent Professionalism & Responsiveness,Helpful Support Experience
rvw-000754,google.com,Google Business Profile (ADESA Lexington),https://www.google.com/maps/reviews/data=!4m8!14m7!1m6!2m5!1sChZDSUhNMG9nS0VJQ0FnSURSaF9xbVBnEAE!2m1!1s0x0:0x4fc12f9761b60e12!3m1!1s2@1:CIHM0ogKEICAgIDRh_qmPg%7C%7C?hl=en,google_business_us_profile,Millie Downey,2023-05-05,4,positive,I drive for a dealership and come here Alot. They're always courteous and very helpful.,Customer Service & Communication,Agent Professionalism & Responsiveness,Helpful Support Experience
rvw-000755,google.com,Google Business Profile (ADESA San Antonio),https://www.google.com/maps/reviews/data=!4m8!14m7!1m6!2m5!1sChdDSUhNMG9nS0VJQ0FnSURSMjhLODhRRRAB!2m1!1s0x0:0xc0ff65b103a17103!3m1!1s2@1:CIHM0ogKEICAgIDR28K88QE%7C%7C?hl=en,google_business_us_profile,Casey Brown,2023-05-04,1,negative,"8 years in the business and I can’t stand Adesa since Carvana took over. 1/4 the former staff at Adesa locations, pick-up hours restricted, and a corporate policy that reeks of arrogance. The customer service is the lowest in the nation.",Customer Service & Communication,Agent Professionalism & Responsiveness,Rude/Unhelpful Support
rvw-000205,birdeye.com,Birdeye (Birdeye),https://reviews.birdeye.com/adesa-cincinnati-dayton-149147997743249#review-4,birdeye_us_profile,Tim J.,2023-05-03,,positive,"Great customer service!!! The staff is top notch, friendly and knowledgeable!!!.",Customer Service & Communication,Agent Professionalism & Responsiveness,Helpful Support Experience
rvw-000756,google.com,Google Business Profile (ADESA Charlotte),https://www.google.com/maps/reviews/data=!4m8!14m7!1m6!2m5!1sChdDSUhNMG9nS0VJQ0FnSURSNF9Tc3dBRRAB!2m1!1s0x0:0xf2323fccb522e151!3m1!1s2@1:CIHM0ogKEICAgIDR4_SswAE%7C%7C?hl=en,google_business_us_profile,Veronica Williams,2023-05-02,5,positive,The staff is very friendly no matter what time of day you go.,Customer Service & Communication,Agent Professionalism & Responsiveness,Helpful Support Experience
rvw-000191,birdeye.com,Birdeye (Birdeye),https://reviews.birdeye.com/adesa-cincinnati-dayton-149147997743249#review-4,birdeye_us_profile,Tim J.,2023-04-27,,positive,"Great customer service!!! The staff is top notch, friendly and knowledgeable!!!.",Customer Service & Communication,Agent Professionalism & Responsiveness,Helpful Support Experience
rvw-000757,google.com,Google Business Profile (ADESA Nashville),https://www.google.com/maps/reviews/data=!4m8!14m7!1m6!2m5!1sChZDSUhNMG9nS0VJQ0FnSURSbnItM05BEAE!2m1!1s0x0:0xd23aeb9d1365f256!3m1!1s2@1:CIHM0ogKEICAgIDRnr-3NA%7C%7C?hl=en,google_business_us_profile,william swader,2023-04-26,5,positive,we were able to get in and go. this is a car auction. we pick up and deliver cars.,Membership / Licensing / Fees & Bidding Policies,"Bidding Process, Rules and Fees",How to Bid (First Time)
rvw-000758,google.com,Google Business Profile (ADESA Atlanta),https://www.google.com/maps/reviews/data=!4m8!14m7!1m6!2m5!1sChZDSUhNMG9nS0VJQ0FnSURSMnQtLU1nEAE!2m1!1s0x0:0x8ca5797c8ce4da57!3m1!1s2@1:CIHM0ogKEICAgIDR2t--Mg%7C%7C?hl=en,google_business_us_profile,Damon Paul,2023-04-23,5,positive,very nice staff and great auction.,Customer Service & Communication,Agent Professionalism & Responsiveness,Helpful Support Experience
rvw-000759,google.com,Google Business Profile (ADESA Los Angeles),https://www.google.com/maps/reviews/data=!4m8!14m7!1m6!2m5!1sChdDSUhNMG9nS0VJQ0FnSURSbXYzQjdBRRAB!2m1!1s0x0:0x65b0cf8a3592e7e!3m1!1s2@1:CIHM0ogKEICAgIDRmv3B7AE%7C%7C?hl=en,google_business_us_profile,Lea Sirk,2023-04-23,4,positive,"ADESA Los Angeles is a comparably smaller auction lot than most of the auctions I go to in the area. Thanks to their scans that's placed on the gate passes, and the trackers inside each unit, it is a lot easier to find your cars. If you're looking to find a good price on a decent vehicle then this might be where you'd like to go. The vehicles run but they do have some minor damages, on some, and if you're willing to deal with that you'll get a good price. It's good for the little guy just starting out or the one that only has a small area and just wants to sell a bit here and there. They are friendly, they are helpful, And I'm sure running an auction lot of any size can be quite stressful. I don't know how they do it. They'll help any possible way, and that's what's it's all about.",Customer Service & Communication,Agent Professionalism & Responsiveness,Helpful Support Experience
rvw-000760,google.com,Google Business Profile (ADESA Washington D.C.),https://www.google.com/maps/reviews/data=!4m8!14m7!1m6!2m5!1sChdDSUhNMG9nS0VJQ0FnSURSdXFuWGd3RRAB!2m1!1s0x0:0xdad802a3b6c7ae8a!3m1!1s2@1:CIHM0ogKEICAgIDRuqnXgwE%7C%7C?hl=en,google_business_us_profile,Emily Baker,2023-04-23,1,negative,"As mentioned in other reviews, the parking lot has huge craters to ruin your suspension & alignment, because that's what you want to happen at a car dealership. If you're here for Carvana just know that they'll reject your car if they see anything you didn't include on the website (cosmetic damage in my case) and tell you that they can't reappraise on the spot even though you're at a used car dealership. Don't waste your time.","Lot Condition, Listing Status and related",Lot Condition Reporting,Lot Damage
rvw-000761,google.com,Google Business Profile (ADESA Sarasota),https://www.google.com/maps/reviews/data=!4m8!14m7!1m6!2m5!1sChdDSUhNMG9nS0VJQ0FnSURSeW9pd3h3RRAB!2m1!1s0x0:0x130e5c78c2260a73!3m1!1s2@1:CIHM0ogKEICAgIDRyoiwxwE%7C%7C?hl=en,google_business_us_profile,siamak abdi,2023-04-22,1,negative,I bought a car from them two months ago. they sent the title with regular mail and I didn't receive it. now they asking for $175 for a duplicate title. the management team is not responsive . the auction charged me 350 for purchasing and there is no registered mail service for title shipment. this is my worst experience in 25 years of the car business. siamak Abdi,Customer Service & Communication,Agent Professionalism & Responsiveness,Rude/Unhelpful Support
rvw-000762,google.com,Google Business Profile (ADESA Knoxville),https://www.google.com/maps/reviews/data=!4m8!14m7!1m6!2m5!1sChZDSUhNMG9nS0VJQ0FnSURSbkk3NFJnEAE!2m1!1s0x0:0xbe432126bb6ab401!3m1!1s2@1:CIHM0ogKEICAgIDRnI74Rg%7C%7C?hl=en,google_business_us_profile,B,2023-04-20,1,negative,"Watch those cars with rebuilt titles! Insurance companies write these cars off for a reason, not because they had minor damage. Don't let these stealerships lie to you! Buyer beware!","Lot Condition, Listing Status and related",Lot Condition Reporting,Lot Damage
rvw-000206,play.google.com,Google Play (com.adesa.marketplace),https://play.google.com/store/apps/details?id=com.adesa.marketplace&hl=en&gl=us,google_play_us_store,jessica mccarthy,2023-04-19,1,negative,App keep crashing after log in its not opening,Account / Access / Login,Password Reset & Login Troubleshooting,App Login Troubleshooting
rvw-000134,play.google.com,Google Play (com.adesa.marketplace),https://play.google.com/store/apps/details?id=com.adesa.marketplace&hl=en&gl=us,google_play_us_store,jessica mccarthy,2023-04-18,1,negative,App keep crashing after log in its not opening,Account / Access / Login,Password Reset & Login Troubleshooting,App Login Troubleshooting
rvw-000763,google.com,Google Business Profile (ADESA Lexington),https://www.google.com/maps/reviews/data=!4m8!14m7!1m6!2m5!1sChdDSUhNMG9nS0VJQ0FnSURSMU9IdzJ3RRAB!2m1!1s0x0:0x4fc12f9761b60e12!3m1!1s2@1:CIHM0ogKEICAgIDR1OHw2wE%7C%7C?hl=en,google_business_us_profile,Earlene Gantt,2023-04-18,5,positive,Best dealer auction around,Membership / Licensing / Fees & Bidding Policies,"Bidding Process, Rules and Fees",How to Bid (First Time)
rvw-000192,reddit.com,Reddit r/TeslaLounge,https://www.reddit.com/r/TeslaLounge/comments/12o1soo/20k_model_s_2018_or_30k_model_3_2023/,mixed_source_ok,Gloomy-Ad-3155,2023-04-16,,positive,"€20k Model S 2018 or €30k Model 3 2023 Hello everyone, I've seen a lot of these used model s vs new model 3 threads, and I understand some of the pros of cons. In Romania, there are some government subsidies that bring new base model model 3 from €42k to around €30k. At the same time, [adesa.eu](https://adesa.eu) website has some used model s-es (2018-2019, 180-250k km) going for €20-22k.It's quite a big difference, 50% cheaper for going with the older car\* For the price difference, what's your take on this? [used model s 2018](https://preview.redd.it/6a7j4hi5n7ua1.png?width=1678&amp;format=png&amp;auto=webp&amp;s=aaa465c2a510031692a133cb62fc4e52e1b70bb9)","Lot Condition, Listing Status and related",Third-Party Inspection Authorization & Scheduling,Previewing/ Inspecting Vehicles
rvw-000764,google.com,Google Business Profile (ADESA Washington D.C.),https://www.google.com/maps/reviews/data=!4m8!14m7!1m6!2m5!1sChdDSUhNMG9nS0VJQ0FnSUNSLTRLbXZnRRAB!2m1!1s0x0:0xdad802a3b6c7ae8a!3m1!1s2@1:CIHM0ogKEICAgICR-4KmvgE%7C%7C?hl=en,google_business_us_profile,hamzah akbar,2023-04-11,1,negative,"They deserve zero stars... I have been purchasing vehicles from auctions for 10 years now ... never have I had a worse experience !! highest fees by far and its not close . I used to purchase 5-10 cars a week from this place when John was the manager but times have changed ... Last unit that I got here had a 3.8 grade when it should have had less than 1.0 , suspension is shot and also the quarter panel is rusted thru . Who ever graded this vehicle needs to find a new job that does not involve inspecting vehicles because they have absolutely no idea what they are doing ! I will not be returning to Adesa DC anytime soon and I suggest you find a better place to purchase your inventory as well such as Bel Air Auto Auction or Manheim Baltimore .",Customer Service & Communication,Agent Professionalism & Responsiveness,Rude/Unhelpful Support
rvw-000765,google.com,Google Business Profile (ADESA Tampa),https://www.google.com/maps/reviews/data=!4m8!14m7!1m6!2m5!1sChZDSUhNMG9nS0VJQ0FnSUNSM2RDbU1nEAE!2m1!1s0x0:0x2d3addad274be2eb!3m1!1s2@1:CIHM0ogKEICAgICR3dCmMg%7C%7C?hl=en,google_business_us_profile,Nancy Hall,2023-04-08,5,positive,"Carvana was very easy to sell the car. Brought the car, title, etc to our 11am appointment. We signed and left in less than 10 minutes.","Title, Ownership, POA and Documentation",Power of Attorney (POA) Handling,POA Requirements Clarification
rvw-000766,google.com,Google Business Profile (ADESA Ocala),https://www.google.com/maps/reviews/data=!4m8!14m7!1m6!2m5!1sChZDSUhNMG9nS0VJQ0FnSUNSOWJXTk53EAE!2m1!1s0x0:0x8a095b6a3dae24d3!3m1!1s2@1:CIHM0ogKEICAgICR9bWNNw%7C%7C?hl=en,google_business_us_profile,Clifford Evans,2023-04-07,5,positive,It's one of the best auctions I been too. Very friendly staff and all around nice place,Customer Service & Communication,Agent Professionalism & Responsiveness,Helpful Support Experience
rvw-000767,google.com,Google Business Profile (ADESA Flint),https://www.google.com/maps/reviews/data=!4m8!14m7!1m6!2m5!1sChdDSUhNMG9nS0VJQ0FnSUNScGEydThnRRAB!2m1!1s0x0:0xc67e3588b4be2a48!3m1!1s2@1:CIHM0ogKEICAgICRpa2u8gE%7C%7C?hl=en,google_business_us_profile,peter schultz,2023-04-06,1,negative,"DEALERS BEWARE. I just found out that if they mis-represent a vehicle on the block, such as listing it a Lariat package when it's actually an XLT package, you will be held responsible for their mistake. I have bought hundreds of cars through Adesa Flint over the years, but I guess Covid has given them the right to break it off in a little dealer whenever they see fit. Thanks Michelle for all of your help. (bitter sarcasm)","Lot Condition, Listing Status and related",Listing Status,Selling/ Relisting vehicle or Parts purchase
rvw-000768,google.com,Google Business Profile (ADESA Charlotte),https://www.google.com/maps/reviews/data=!4m8!14m7!1m6!2m5!1sChdDSUhNMG9nS0VJQ0FnSUNSbWV1NTRRRRAB!2m1!1s0x0:0xf2323fccb522e151!3m1!1s2@1:CIHM0ogKEICAgICRmeu54QE%7C%7C?hl=en,google_business_us_profile,Mike Wells,2023-04-05,1,negative,"Dealer sales team will not work to get you any money for your cars you put up auction. They are incompetent, they won't try to push your if bids any. Lane E dealer Avenue auctioneer want help try to get you any more money. Best Lane is H that auctioneer seems like he tries. Will never buy or sell from this Adesa Charlotte. They ran my vehicle twice without a CR",Customer Service & Communication,Agent Professionalism & Responsiveness,Rude/Unhelpful Support
rvw-000769,google.com,Google Business Profile (ADESA Cincinnati/Dayton),https://www.google.com/maps/reviews/data=!4m8!14m7!1m6!2m5!1sChZDSUhNMG9nS0VJQ0FnSUNSdklMZkN3EAE!2m1!1s0x0:0x35280de626a14dbf!3m1!1s2@1:CIHM0ogKEICAgICRvILfCw%7C%7C?hl=en,google_business_us_profile,Paul Skiles,2023-03-27,5,positive,"The staff were extremely professional, they were most helpful, but didn’t have an appointment. They got me taken care of and my vehicle returned. You need just lickety-split. I really appreciate all the help I got. Yeah I guess what",Customer Service & Communication,Agent Professionalism & Responsiveness,Helpful Support Experience
rvw-000135,play.google.com,Google Play (com.adesa.marketplace),https://play.google.com/store/apps/details?id=com.adesa.marketplace&hl=en&gl=us,google_play_us_store,Melvin Klippenstein,2023-03-25,1,negative,"amount we pay on auction fees and living in 2023. It's super amazing how dated and how often the app crashes etc. Overall it's okay but please stay on top of it and listen to the complaints and fix it. The location app is not working well. It's zoomed out like crazy and when you try and find a car and than you play with the zoom it gives an error message. Also add the feature that we can message auctioneer from our app in simulcast , same as desktop also add finger print login.",Membership / Licensing / Fees & Bidding Policies,"Bidding Process, Rules and Fees",Fees
rvw-000770,google.com,Google Business Profile (ADESA Concord),https://www.google.com/maps/reviews/data=!4m8!14m7!1m6!2m5!1sChdDSUhNMG9nS0VJQ0FnSUNSNEsyeHBBRRAB!2m1!1s0x0:0x657d5707422ca21!3m1!1s2@1:CIHM0ogKEICAgICR4K2xpAE%7C%7C?hl=en,google_business_us_profile,Mario Klisanin,2023-03-22,1,negative,"Do yourself a favor and stay away. Adesa Boston is phenomenal, staff and inventory. This place is horrible, from the security to the management team. False condition reports, lack of communication.",Customer Service & Communication,Agent Professionalism & Responsiveness,Rude/Unhelpful Support
rvw-000771,google.com,Google Business Profile (ADESA Dallas),https://www.google.com/maps/reviews/data=!4m8!14m7!1m6!2m5!1sChZDSUhNMG9nS0VJQ0FnSUNSa0pQRGV3EAE!2m1!1s0x0:0x6a47ae2265c7925d!3m1!1s2@1:CIHM0ogKEICAgICRkJPDew%7C%7C?hl=en,google_business_us_profile,AZM TV,2023-03-22,5,positive,Outstanding customer service from counter to yard and to tow,Customer Service & Communication,Agent Professionalism & Responsiveness,Helpful Support Experience
rvw-000772,google.com,Google Business Profile (ADESA Birmingham),https://www.google.com/maps/reviews/data=!4m8!14m7!1m6!2m5!1sChdDSUhNMG9nS0VJQ0FnSURoaDQ3bV9RRRAB!2m1!1s0x0:0xf16f6e5c92888c0f!3m1!1s2@1:CIHM0ogKEICAgIDhh47m_QE%7C%7C?hl=en,google_business_us_profile,Beverly McGinnis,2023-03-19,5,positive,"Very professional, orderly business, love working at auction, driving jeeps and truck are my favorite, friendly staff, Nicole and others, love to hear the auction guys yodle out the bids😁",Customer Service & Communication,Agent Professionalism & Responsiveness,Helpful Support Experience
rvw-000773,google.com,Google Business Profile (ADESA Birmingham),https://www.google.com/maps/reviews/data=!4m8!14m7!1m6!2m5!1sChdDSUhNMG9nS0VJQ0FnSURobzlEQXd3RRAB!2m1!1s0x0:0xf16f6e5c92888c0f!3m1!1s2@1:CIHM0ogKEICAgIDho9DAwwE%7C%7C?hl=en,google_business_us_profile,George Harrison,2023-03-16,5,positive,Very big auction and great staff,Customer Service & Communication,Agent Professionalism & Responsiveness,Helpful Support Experience
rvw-000874,google.com,Google Business Profile (ADESA Chicago),https://www.google.com/maps/reviews/data=!4m8!14m7!1m6!2m5!1sChdDSUhNMG9nS0VJQ0FnSURodmJiSzJBRRAB!2m1!1s0x0:0x29cf546c41c2f6ff!3m1!1s2@1:CIHM0ogKEICAgIDhvbbK2AE%7C%7C?hl=en,google_business_us_profile,May Lauj,2023-03-15,1,negative,"ADESA CHICAGO SUPPORT ARE RUDE FROM THE SUPPORT DESK TO THE TITLE DESK ON THE PHONE. THE PHONE TREE STATE TO LEAVE FEED BACK AT THE END OF THE CALL, BUT THERE WAS NO SURVEY TO LEAVE. HERE I AM TO LET THEM KNOW THAT THE REPRESENTIVE THAT WORK FOR THEM ARE RUDE. I UNDERSTAND IT'S HARD TO WORK WITH THE PUBLIC ON THE PHONE AND IN PERSON. JUST BECAUSE OF A BAD PREVIOUS PHONE CALL DON'T TREAT THE NEXT CALL BECAUSE OF THAT ONE BAD PHONE CALL. RE-TRAIN YOUR EMPLOYEE TO BETTER THEMSELVES AS A CUSTOMER SUPPORT PERSON.",Customer Service & Communication,Agent Professionalism & Responsiveness,Rude/Unhelpful Support
rvw-000136,apps.apple.com,"Apple App Store (903860668, us)",https://itunes.apple.com/us/review?id=903860668&type=Purple%20Software&reviewId=9717614921,apple_us_store,Kelvin1931,2023-03-15,5,positive,"Great app. Overall, easy to use for new users.",Account / Access / Login,Password Reset & Login Troubleshooting,App Login Troubleshooting
rvw-000875,google.com,Google Business Profile (ADESA Salt Lake),https://www.google.com/maps/reviews/data=!4m8!14m7!1m6!2m5!1sChdDSUhNMG9nS0VJQ0FnSURoemUtQjdBRRAB!2m1!1s0x0:0x4f1eae3fc675601b!3m1!1s2@1:CIHM0ogKEICAgIDhze-B7AE%7C%7C?hl=en,google_business_us_profile,Cindy Peterson,2023-03-14,5,positive,"The employee's that helped me was very friendly, & very thorough on the information with my truck & helping me with the things that was left in my truck. made me feel very welcome & comfortable.",Membership / Licensing / Fees & Bidding Policies,"Bidding Process, Rules and Fees",Fees
rvw-000137,trustpilot.com,Trustpilot (adesa.com),https://www.trustpilot.com/reviews/640980f4b9e599ad609ead2a,trustpilot_us_slug,Sandra Yu-Andrishak,2023-03-09,5,positive,"trustworthy and professional. On Feb 15, I called ADESA Edmonton and and left a message about auction my car. Mr. Lars Eivinsen called me back and asked me to fill out the application and he sent two gentlemen to pick up the car from my place. On Feb 21, Tuesday, Lars called informing me the car was sold at much higher price. I was given the choices to either pick up the cheque myself or by mail. Due to the distance, I asked him to mail the cheque. On March 8, I texted Lars letting him know that I was still waiting for the cheque. Lars texted me to confirm my address; then, he called letting me know he would reprint the cheque and has the cheque delivered to me the same day. Yes, I got the cheque and the bill of sale at 4:05pm, I really appreciate ADESA's car auction service, making car buying/selling easy. With my own experience, I trust the company, especially Mr. Lars Eivinsen. They had done what they promised. Thank you all!",Customer Service & Communication,Case Resolution Quality,Issue Not Resolved
rvw-000774,google.com,Google Business Profile (ADESA Golden Gate),https://www.google.com/maps/reviews/data=!4m8!14m7!1m6!2m5!1sChdDSUhNMG9nS0VJQ0FnSURoenVQem1RRRAB!2m1!1s0x0:0x1314b726513d9a91!3m1!1s2@1:CIHM0ogKEICAgIDhzuPzmQE%7C%7C?hl=en,google_business_us_profile,GLM - Brad Tibbs,2023-03-09,2,negative,"I can't get a manager to give me a call back. I've purchased hundreds of cars from my local Adesa auction over my 16 years as a dealer in Idaho, and lately I've been buying a lot of EVs from the Adesa Golden Gate auction. I purchased a Tela Model 3 Performance from Golden Gate 60 days ago, but after the car arrived, we discovered it's a standard Model 3, not a Performace model, a difference in value of $2500-$3000. Arbitration has washed their hands because I didn't call within 7 days (shipping took much longer than 7 days because it was hung up in arbitration over a separate issue) and I have left multiple voice mails to others, including the GM, with no response. I pay around $1000 in fees on every purchase, and when I bid on a Performance Model 3, and it shows up as a completely different car, worth thousands less, I need some consideration. Update: I did get a callback from the GM who gave me a store credit for 1/3 of the value that was lost because of this misrepresentation. Moving from 1 to 2 stars.",Customer Service & Communication,Support Access & Response Time,Delayed Email/Phone Response
rvw-000242,trustpilot.com,Trustpilot (adesa.com),https://www.trustpilot.com/reviews/640980f4b9e599ad609ead2a,trustpilot_us_slug,Trustpilot user,2023-03-08,,positive,"trustworthy and professional. On Feb 15, I called ADESA Edmonton and and left a message about auction my car. Mr. Lars Eivinsen called me back and asked me to fill out the application and he sent two gentlemen to pick up the car from my place. On Feb 21, Tuesday, Lars called informing me the car was sold at much higher price. I was given the choices to either pick up the cheque myself or by mail. Due to the distance, I asked him to mail the cheque. On March 8, I texted Lars letting him know that I was still waiting for the cheque. Lars texted me to confirm my address; then, he called letting me know he would reprint the cheque and has the cheque delivered to me the same day. Yes, I got the cheque and the bill of sale at 4:05pm, I really appreciate ADESA's car auction service, making car buying/selling easy. With my own experience, I trust the company, especially Mr. Lars Eivinsen. They had done what they promised. Thank you all!",Customer Service & Communication,Case Resolution Quality,Issue Not Resolved
rvw-000775,google.com,Google Business Profile (ADESA Boston),https://www.google.com/maps/reviews/data=!4m8!14m7!1m6!2m5!1sChZDSUhNMG9nS0VJQ0FnSURobW96SE5REAE!2m1!1s0x0:0x159ea0564a37c95b!3m1!1s2@1:CIHM0ogKEICAgIDhmozHNQ%7C%7C?hl=en,google_business_us_profile,Jim Deorsey,2023-03-06,5,positive,This place is great for any used car dealers. I used adesa in February of 2020 then the covid shutdowns happened so I didn’t go for 3 years. Started going again two weeks ago Jessica Groccia at the front desk was absolutely awesome and helped me tremendously she answered any questions I had and was very patient. Couldn’t ask for better customer service,Customer Service & Communication,Case Resolution Quality,Issue Resolved
rvw-000776,google.com,Google Business Profile (ADESA New Jersey),https://www.google.com/maps/reviews/data=!4m8!14m7!1m6!2m5!1sChZDSUhNMG9nS0VJQ0FnSURoM05UOFhnEAE!2m1!1s0x0:0xd01acd06305ff6fb!3m1!1s2@1:CIHM0ogKEICAgIDh3NT8Xg%7C%7C?hl=en,google_business_us_profile,rene arnaudo,2023-03-03,1,negative,"Very rude people ...some exceptions, but in general likes they doing a favor when is the other way around..I bring business to the house show some professionalism ..be helpful dont be bitter or Im taking my somewhere else How Carvana is going to survive ...no personel...app are just to complex ridiculous...to find what I bough the day before is no way to find information absolute frustrating no to mention outrage fees......What were you thinking guys..",Customer Service & Communication,Agent Professionalism & Responsiveness,Rude/Unhelpful Support
rvw-000777,google.com,Google Business Profile (Adesa Brasher's),https://www.google.com/maps/reviews/data=!4m8!14m7!1m6!2m5!1sChdDSUhNMG9nS0VJQ0FnSUNoMy1PR25nRRAB!2m1!1s0x0:0x465b81eaadc807dc!3m1!1s2@1:CIHM0ogKEICAgICh3-OGngE%7C%7C?hl=en,google_business_us_profile,1k.Junior,2023-02-26,1,negative,my truck got repoed and brought here when i came it pick up it was gutted sound system that was worth 1500+ gone asked the guy who brought my truck and he said they dont take anything out went to the towing company they had pictures and emails that the sound system was left when they brought the truck here went to the tow place and called this place i told the guy i was going to file a police report and he said “if u call the police and do that im going to hang up the phone” even the towing attendant was shocked called 20+ more times was either ignored or told they didnt have anything no help if i could give a zero rating i would GIVE me my sound system back or the money i spent,Customer Service & Communication,Case Resolution Quality,Issue Not Resolved
rvw-000778,google.com,Google Business Profile (ADESA Flint),https://www.google.com/maps/reviews/data=!4m8!14m7!1m6!2m5!1sChZDSUhNMG9nS0VJQ0FnSUNoaDdpMktnEAE!2m1!1s0x0:0xc67e3588b4be2a48!3m1!1s2@1:CIHM0ogKEICAgIChh7i2Kg%7C%7C?hl=en,google_business_us_profile,Joseph Martinez,2023-02-23,5,positive,Good place to load but small lot best if you have your cars pulled.,Account / Access / Login,Password Reset & Login Troubleshooting,App Login Troubleshooting
rvw-000779,google.com,Google Business Profile (ADESA Tulsa),https://www.google.com/maps/reviews/data=!4m8!14m7!1m6!2m5!1sChdDSUhNMG9nS0VJQ0FnSUNobWJURm13RRAB!2m1!1s0x0:0x6c9bb805581f5c8d!3m1!1s2@1:CIHM0ogKEICAgIChmbTFmwE%7C%7C?hl=en,google_business_us_profile,Nicole Ward,2023-02-16,5,positive,"My dealings with Adesa aren’t complete just yet. But thus far, all I’ll say, is Wendy (Redemption Dept.) has turned a dreadful and difficult situation into not that dreadful and definitely not difficult, at all. Here’s to her customer service as well. I couldn’t have picked a kinder or more willing to help individual for all of this. To the company - please know that you’re fortunate to have an employee with these qualities, you don’t find that these days!",Customer Service & Communication,Agent Professionalism & Responsiveness,Helpful Support Experience
rvw-000780,google.com,Google Business Profile (ADESA Las Vegas),https://www.google.com/maps/reviews/data=!4m8!14m7!1m6!2m5!1sChZDSUhNMG9nS0VJQ0FnSUNobnRQeER3EAE!2m1!1s0x0:0x7cde5ccaa0c88aae!3m1!1s2@1:CIHM0ogKEICAgIChntPxDw%7C%7C?hl=en,google_business_us_profile,Rasham Sylvester,2023-02-13,5,positive,Great honest place for all your dealer auctions needs including repairs.,Membership / Licensing / Fees & Bidding Policies,"Bidding Process, Rules and Fees",How to Bid (First Time)
rvw-000138,trustpilot.com,Trustpilot (adesa.com),https://www.trustpilot.com/reviews/63e5f51f745e480021a07c28,trustpilot_us_slug,Claude McClain,2023-02-10,1,negative,Worst experience I ever had. Worst experience I ever had. The management team has no idea what goes on right under there own noses.The cars are over priced junkers. Which have to be driven across a busy road with no license plate or insurance.,Customer Service & Communication,Agent Professionalism & Responsiveness,Rude/Unhelpful Support
rvw-000139,play.google.com,Google Play (com.adesa.marketplace),https://play.google.com/store/apps/details?id=com.adesa.marketplace&hl=en&gl=us,google_play_us_store,A A,2023-02-08,1,negative,"Worst app ever, ""vehicle not found"", if you like uninstalling and reinstalling every time you get this message (which is every day) then this is the app for you",Account / Access / Login,Password Reset & Login Troubleshooting,App Login Troubleshooting
rvw-000781,google.com,Google Business Profile (ADESA Tampa),https://www.google.com/maps/reviews/data=!4m8!14m7!1m6!2m5!1sChdDSUhNMG9nS0VJQ0FnSUNod3V6TTJBRRAB!2m1!1s0x0:0x2d3addad274be2eb!3m1!1s2@1:CIHM0ogKEICAgIChwuzM2AE%7C%7C?hl=en,google_business_us_profile,Brandon Hobgood,2023-02-08,1,negative,Everytime I buy a car it needs a correction on the title and the fees are insane,Membership / Licensing / Fees & Bidding Policies,"Bidding Process, Rules and Fees",Fees
rvw-000782,google.com,Google Business Profile (ADESA Charlotte),https://www.google.com/maps/reviews/data=!4m8!14m7!1m6!2m5!1sChZDSUhNMG9nS0VJQ0FnSUNoNUtQdUpnEAE!2m1!1s0x0:0xf2323fccb522e151!3m1!1s2@1:CIHM0ogKEICAgICh5KPuJg%7C%7C?hl=en,google_business_us_profile,brian williamson,2023-02-06,2,negative,Crazy fees. Goes up 150% after 2 days. They charge storage even AFTER you pick the car up. One vehicle in particular is more than 3x the purchase price in fees so far.,Membership / Licensing / Fees & Bidding Policies,"Bidding Process, Rules and Fees",Fees
rvw-000783,google.com,Google Business Profile (ADESA Little Rock),https://www.google.com/maps/reviews/data=!4m8!14m7!1m6!2m5!1sChZDSUhNMG9nS0VJQ0FnSUNoNU1XemR3EAE!2m1!1s0x0:0xcec0b47c0d486762!3m1!1s2@1:CIHM0ogKEICAgICh5MWzdw%7C%7C?hl=en,google_business_us_profile,Ples Johnson,2023-02-05,4,positive,Good quick customer service.,Customer Service & Communication,Agent Professionalism & Responsiveness,Helpful Support Experience
rvw-000243,trustpilot.com,Trustpilot (adesa.com),https://www.trustpilot.com/reviews/63e5f51f745e480021a07c28,trustpilot_us_slug,Trustpilot user,2023-02-03,,negative,Worst experience I ever had. Worst experience I ever had. The management team has no idea what goes on right under there own noses.The cars are over priced junkers. Which have to be driven across a busy road with no license plate or insurance.,Customer Service & Communication,Agent Professionalism & Responsiveness,Rude/Unhelpful Support
rvw-000784,google.com,Google Business Profile (Carvana/ADESA Portland),https://www.google.com/maps/reviews/data=!4m8!14m7!1m6!2m5!1sChdDSUhNMG9nS0VJQ0FnSUNoNExIZXBRRRAB!2m1!1s0x0:0xc781b435f48e0e60!3m1!1s2@1:CIHM0ogKEICAgICh4LHepQE%7C%7C?hl=en,google_business_us_profile,Arash Bakhtmand,2023-02-02,5,positive,"Cars go so fast, great dealer auction!!",Membership / Licensing / Fees & Bidding Policies,"Bidding Process, Rules and Fees",How to Bid (First Time)
rvw-000140,play.google.com,Google Play (com.adesa.marketplace),https://play.google.com/store/apps/details?id=com.adesa.marketplace&hl=en&gl=us,google_play_us_store,Manual Steve,2023-02-01,1,negative,For a auction that makes millions a month of us dealers you guys can't figure out how to clean all the bug issues you guys have with this app? Come on its 2023 guy spending some money on this app it freezes way to much . Then it errors like crazy making us delete the app then re download for it to work....,Account / Access / Login,Password Reset & Login Troubleshooting,App Login Troubleshooting
rvw-000785,google.com,Google Business Profile (ADESA Birmingham),https://www.google.com/maps/reviews/data=!4m8!14m7!1m6!2m5!1sChdDSUhNMG9nS0VJQ0FnSURCdjVtVHBRRRAB!2m1!1s0x0:0xf16f6e5c92888c0f!3m1!1s2@1:CIHM0ogKEICAgIDBv5mTpQE%7C%7C?hl=en,google_business_us_profile,Rustam Zaitov,2023-02-01,1,negative,"One of the worst auction. They do not provide a reasonable Condition Report. To scam buyers, they are not running the engine. Just put the key into ignition without running it, so you can not see any warning lights. But if there are any warning lights on, they say that on the time when they did it, no light, it might show up later. They have VIP sellers. Be patient to purchase any vehicle with those signs. !!!SCAMMERS!!!","Lot Condition, Listing Status and related",Lot Condition Reporting,Lot Damage
rvw-000786,google.com,Google Business Profile (ADESA Golden Gate),https://www.google.com/maps/reviews/data=!4m8!14m7!1m6!2m5!1sChdDSUhNMG9nS0VJQ0FnSURCbDZueF93RRAB!2m1!1s0x0:0x1314b726513d9a91!3m1!1s2@1:CIHM0ogKEICAgIDBl6nx_wE%7C%7C?hl=en,google_business_us_profile,Moe 916,2023-01-31,1,negative,For 1 I got my car back they left half my personal iteams in car .2 not al my belongings where return .3 my car was mold 4 they ran sack my car like took things apart wire sun glass dovered broke .my trunk left trash n started mold n pulling wire out not proffesional.,Customer Service & Communication,Agent Professionalism & Responsiveness,Rude/Unhelpful Support
rvw-000787,google.com,Google Business Profile (ADESA Colorado Springs),https://www.google.com/maps/reviews/data=!4m8!14m7!1m6!2m5!1sChdDSUhNMG9nS0VJQ0FnSURCdmVlRnd3RRAB!2m1!1s0x0:0x3763243d9222434b!3m1!1s2@1:CIHM0ogKEICAgIDBveeFwwE%7C%7C?hl=en,google_business_us_profile,S C (SIS),2023-01-26,5,positive,"I love this place, so many vehicles to choose from during auction.",Membership / Licensing / Fees & Bidding Policies,"Bidding Process, Rules and Fees",How to Bid (First Time)
rvw-000876,google.com,Google Business Profile (ADESA Chicago),https://www.google.com/maps/reviews/data=!4m8!14m7!1m6!2m5!1sChZDSUhNMG9nS0VJQ0FnSURCdlpHamZnEAE!2m1!1s0x0:0x29cf546c41c2f6ff!3m1!1s2@1:CIHM0ogKEICAgIDBvZGjfg%7C%7C?hl=en,google_business_us_profile,Ira Kosova,2023-01-26,5,positive,I worked with Theresa to bring a car to auction. She was very helpful in explaining everything I need to know about the auction and answered all my questions. She made the whole process of putting the car up for auction a pleasant experience.,Customer Service & Communication,Agent Professionalism & Responsiveness,Helpful Support Experience
rvw-000141,apps.apple.com,"Apple App Store (903860668, us)",https://itunes.apple.com/us/review?id=903860668&type=Purple%20Software&reviewId=9549096674,apple_us_store,moraine motorworks,2023-01-26,4,positive,Good app. Good but could be better,Account / Access / Login,Password Reset & Login Troubleshooting,App Login Troubleshooting
rvw-000142,play.google.com,Google Play (com.adesa.marketplace),https://play.google.com/store/apps/details?id=com.adesa.marketplace&hl=en&gl=us,google_play_us_store,don hanson,2023-01-25,1,negative,Shittiest app ever n I can't log in,Account / Access / Login,Password Reset & Login Troubleshooting,App Login Troubleshooting
rvw-000788,google.com,Google Business Profile (ADESA Des Moines),https://www.google.com/maps/reviews/data=!4m8!14m7!1m6!2m5!1sChdDSUhNMG9nS0VJQ0FnSURCemZxT193RRAB!2m1!1s0x0:0xe62c0bc75de04bd1!3m1!1s2@1:CIHM0ogKEICAgIDBzfqO_wE%7C%7C?hl=en,google_business_us_profile,Scott W,2023-01-25,5,positive,Thanks for everything you do Mary Ann. Your patience is much appreciated week after week. Adesa Des Moines is the best auction to work with on the purchasing and sales side.,Membership / Licensing / Fees & Bidding Policies,"Bidding Process, Rules and Fees",How to Bid (First Time)
rvw-000143,play.google.com,Google Play (com.adesa.marketplace),https://play.google.com/store/apps/details?id=com.adesa.marketplace&hl=en&gl=us,google_play_us_store,Sergio Silva,2023-01-19,1,negative,"Same issue as others have reported: Vehicle not found error: need to sign out and back in each time, but the app gives you no indication of this requirement.",Account / Access / Login,Password Reset & Login Troubleshooting,App Login Troubleshooting
rvw-000789,google.com,Google Business Profile (ADESA Las Vegas),https://www.google.com/maps/reviews/data=!4m8!14m7!1m6!2m5!1sChdDSUhNMG9nS0VJQ0FnSURCbHNMWnR3RRAB!2m1!1s0x0:0x7cde5ccaa0c88aae!3m1!1s2@1:CIHM0ogKEICAgIDBlsLZtwE%7C%7C?hl=en,google_business_us_profile,Jay Lawrence,2023-01-18,1,negative,Hours for pickup start at 6am and 5am on Thursday. Sounds good up front but you can't get in without a gate pass and the office personel don't show up till after 9am. .,"Vehicle Pickup, Delivery and Scheduling",Pickup Order Management,Gate Pass Assistance
rvw-000790,google.com,Google Business Profile (ADESA New Jersey),https://www.google.com/maps/reviews/data=!4m8!14m7!1m6!2m5!1sChZDSUhNMG9nS0VJQ0FnSURCMXBISVZnEAE!2m1!1s0x0:0xd01acd06305ff6fb!3m1!1s2@1:CIHM0ogKEICAgIDB1pHIVg%7C%7C?hl=en,google_business_us_profile,Nico Ap,2023-01-18,1,negative,Inaccurate credit reports. Will take your money and you’ll have to fight to get it back. They love taking money not returning or taking care of their customers. They should shut this place down. Rude workers as well,Customer Service & Communication,Agent Professionalism & Responsiveness,Rude/Unhelpful Support
rvw-000791,google.com,Google Business Profile (ADESA Seattle),https://www.google.com/maps/reviews/data=!4m8!14m7!1m6!2m5!1sChdDSUhNMG9nS0VJQ0FnSURCM0lfNGpBRRAB!2m1!1s0x0:0xf4e30d6e013958b9!3m1!1s2@1:CIHM0ogKEICAgIDB3I_4jAE%7C%7C?hl=en,google_business_us_profile,D V,2023-01-14,5,positive,"Wendy was amazing. Kind, funny, professional. Thanks for your help and kindness!",Customer Service & Communication,Agent Professionalism & Responsiveness,Helpful Support Experience
rvw-000792,google.com,Google Business Profile (ADESA Dallas),https://www.google.com/maps/reviews/data=!4m8!14m7!1m6!2m5!1sChZDSUhNMG9nS0VJQ0FnSURCckt2SFhBEAE!2m1!1s0x0:0x6a47ae2265c7925d!3m1!1s2@1:CIHM0ogKEICAgIDBrKvHXA%7C%7C?hl=en,google_business_us_profile,Tumecia “Nikki” Mitchell,2023-01-13,5,positive,In and out with a shuttle to take you to the car. I wish all auctions were this easy.,Membership / Licensing / Fees & Bidding Policies,"Bidding Process, Rules and Fees",How to Bid (First Time)
rvw-000793,google.com,Google Business Profile (ADESA Kansas City),https://www.google.com/maps/reviews/data=!4m8!14m7!1m6!2m5!1sChZDSUhNMG9nS0VJQ0FnSURCakxPNVh3EAE!2m1!1s0x0:0x7ff69944521dfa9c!3m1!1s2@1:CIHM0ogKEICAgIDBjLO5Xw%7C%7C?hl=en,google_business_us_profile,cheryl dugan,2023-01-13,5,positive,Workers were all very helpful and polite. I left my thermos there while picking up a vehicle and they mailed to dealship I work for.,Customer Service & Communication,Agent Professionalism & Responsiveness,Helpful Support Experience
rvw-000144,play.google.com,Google Play (com.adesa.marketplace),https://play.google.com/store/apps/details?id=com.adesa.marketplace&hl=en&gl=us,google_play_us_store,Bradfrd Kosokowsky,2023-01-12,2,negative,"""Vehicle not found"" when you click on it!!!???!! This is an auction to bid on vehicles ffs. It's pretty crucial you fix this already",Membership / Licensing / Fees & Bidding Policies,"Bidding Process, Rules and Fees",Fees
rvw-000145,play.google.com,Google Play (com.adesa.marketplace),https://play.google.com/store/apps/details?id=com.adesa.marketplace&hl=en&gl=us,google_play_us_store,Shoaib C,2023-01-08,1,negative,Each update progressively just gets worst. logs you out every hour Crashes often Doesnt let me log in unless I reinstall every few days.,Account / Access / Login,Password Reset & Login Troubleshooting,App Login Troubleshooting
rvw-000877,google.com,Google Business Profile (ADESA Buffalo),https://www.google.com/maps/reviews/data=!4m8!14m7!1m6!2m5!1sChdDSUhNMG9nS0VJQ0FnSUNCdzRERF9RRRAB!2m1!1s0x0:0x2a69f89a5a930aec!3m1!1s2@1:CIHM0ogKEICAgICBw4DD_QE%7C%7C?hl=en,google_business_us_profile,Susie Dehos,2023-01-03,5,positive,Great security. Very helpful when finding my vehicle!,Customer Service & Communication,Agent Professionalism & Responsiveness,Helpful Support Experience
