id,source_website,source_label,source_url,geo_validation,author,review_date,rating,sentiment,review_text,tier1,tier2,tier3
rvw-000777,google.com,Google Business Profile (OPENLANE),https://www.google.com/maps/reviews/data=!4m8!14m7!1m6!2m5!1sCi9DQUlRQUNvZENodHljRjlvT2w5S09ISldXbkJqUzBkWU1HaDJXVlJuT1ZwQmEwRRAB!2m1!1s0x0:0x82ddb1a9ae334e23!3m1!1s2@1:CAIQACodChtycF9oOl9KOHJWWnBjS0dYMGh2WVRnOVpBa0E%7C%7C?hl=en,google_business_us_profile,Vanessa Johnson,2026-09-30,5,positive,"I have been buying for the last 4 years from OPENLANE and would highly recommend them, they have the best customer service , low buyer fees & are always willing to help when needed! I would like to give a special shout out to Bill Jordan my rep as he’s gone above & beyond for me these last 4 years and has done nothing but help in any circumstance he can, I wouldn’t want him replaced ! I also would like to give a shout out to James Pechar Director Arb and Adam Lanane Independent as they both went above & beyond to help me during a difficult situation. OPENLANE’S customer service is wonderful & answers promptly. Just this year I have purchased 150 vehicles I would highly recommend this auction !",Customer Service & Communication,Agent Professionalism & Responsiveness,Helpful Support Experience
rvw-000778,google.com,Google Business Profile (OPENLANE),https://www.google.com/maps/reviews/data=!4m8!14m7!1m6!2m5!1sCi9DQUlRQUNvZENodHljRjlvT2pKMFkySjRWbVp6VlZZd2RXcHRjSE5ZTnpKR1prRRAB!2m1!1s0x0:0x82ddb1a9ae334e23!3m1!1s2@1:CAIQACodChtycF9oOjJ0Y2J4VmZzVVYwdWptcHNYNzJGZkE%7C%7C?hl=en,google_business_us_profile,Chris Harty,2026-09-30,5,positive,"Openlane offers a large selection of vehicles along with accurate, up-to-date information. Representatives at every level engage with both buyers and sellers professionally and are always looking for ways to improve. The individual representatives I’ve worked with, including my direct contact, Dave Malo, and his manager, Mike Smith, are always just a text away whenever I have a question or problem. They routinely reach out to see if I need anything and actively help me find the vehicles I’m looking for. They’re true car people—not just auctioneers. They understand the business from both the buyer’s and seller’s perspectives, and they genuinely believe that a win for me is a win for them. That commitment comes through every day. I’m not sure whether I was simply lucky to have some of the greatest people on the other side as teammates or whether everyone at OPENLANE is this dedicated. Either way, OPENLANE is a process-driven company with clear expectations that makes doing business both profitable and concise.",Customer Service & Communication,Agent Professionalism & Responsiveness,Helpful Support Experience
rvw-000779,google.com,Google Business Profile (OPENLANE),https://www.google.com/maps/reviews/data=!4m8!14m7!1m6!2m5!1sCi9DQUlRQUNvZENodHljRjlvT25Wek1HcFRSMVI0Y1ZGdlpFNW9WbTFKVGxWdlJFRRAB!2m1!1s0x0:0x82ddb1a9ae334e23!3m1!1s2@1:CAIQACodChtycF9oOnVzMGpTR1R4cVFvZE5oVm1JTlVvREE%7C%7C?hl=en,google_business_us_profile,Jim Doherty,2026-09-29,1,negative,"2017 Ram Deceptive pics angled to not show damages, missing emissions system when listed as it having it, broken windshield not noted, many body flaws not noted, broken panels with no pics or notes","Lot Condition, Listing Status and related",Lot Condition Reporting,Lot Damage
rvw-000780,play.google.com,Google Play (com.openlane.mobile.carsarriveplus),https://play.google.com/store/apps/details?id=com.openlane.mobile.carsarriveplus&hl=en&gl=us,google_play_us_store,chris routh,2026-09-27,3,positive,at least it works to complete your loads but the search does not work at all and never really has!,Account / Access / Login,Password Reset & Login Troubleshooting,App Login Troubleshooting
rvw-000781,play.google.com,Google Play (com.openlane.mobile.carsarriveplus),https://play.google.com/store/apps/details?id=com.openlane.mobile.carsarriveplus&hl=en&gl=us,google_play_us_store,Reggie Schultz,2026-09-27,2,negative,"Update doesn't work well as far as searching. Wasn't great to began with, but now I can't get it to search at all.",Account / Access / Login,Password Reset & Login Troubleshooting,App Login Troubleshooting
rvw-000782,trustpilot.com,Trustpilot (openlane.com),https://www.trustpilot.com/reviews/6ab54ef4ab5d9ede5bcf9a0d,trustpilot_us_slug,Trustpilot user,2026-09-22,,negative,"Scam, Scam and More Scam. This company is a total scam. Lucid uses them to inspect their vehicles at the end of leases. The inspector literallyu doctored up pictures to make it look as though there were massive scratches on the car that DO NOT EXIST! And when I called them to speak to someone about their fraudulent report, they told me I had to take it up with the leasing company. The leasing company, however, just sends you back to OpenLane. I tried reaching the inspector, but of course, she refused to communicate also. They falsely report on the condition of the car and then refuse to give you the information you need to have repairs done before the car must be turned in. This company is clearly nothing more than a shill to create additional unearned revenue for the leasing company. Lucid is a horrible company to begin with. The fact that they have this company report fake damage on your vehicle is just the icing on the cake.",Customer Service & Communication,Agent Professionalism & Responsiveness,Rude/Unhelpful Support
rvw-000783,play.google.com,Google Play (com.openlane.mobile.carsarriveplus),https://play.google.com/store/apps/details?id=com.openlane.mobile.carsarriveplus&hl=en&gl=us,google_play_us_store,Veritas justus,2026-09-22,1,negative,"Takimg picturrs is standard industry biz.....but this app takes forever and wqstes time Let us take all the pictures, then upload them all at once. Let us select from our files the entire pocture list rather than take 2 minutes for every picture, also, the app filters the pictures with its own filter.. ..which is a lawsuit pending.",Account / Access / Login,Document Upload & Verification,Upload Troubleshooting
rvw-000784,play.google.com,Google Play (com.openlane.mobile.carsarriveplus),https://play.google.com/store/apps/details?id=com.openlane.mobile.carsarriveplus&hl=en&gl=us,google_play_us_store,Said Takpara,2026-09-18,1,negative,app takes too long to fetch loads,Account / Access / Login,Password Reset & Login Troubleshooting,App Login Troubleshooting
rvw-000785,google.com,Google Business Profile (OPENLANE),https://www.google.com/maps/reviews/data=!4m8!14m7!1m6!2m5!1sCi9DQUlRQUNvZENodHljRjlvT2sweWNGTlJUWEpmVmt4eWRHMVFiMlZTTjBKMVNHYxAB!2m1!1s0x0:0x82ddb1a9ae334e23!3m1!1s2@1:CAIQACodChtycF9oOk0ycFNRTXJfVkxydG1Qb2VSN0J1SGc%7C%7C?hl=en,google_business_us_profile,Khristopher Carlton,2026-09-18,5,positive,Love it! Source almost all of our inventory here!,"Lot Condition, Listing Status and related",Listing Status,Selling/ Relisting vehicle or Parts purchase
rvw-000786,google.com,Google Business Profile (OPENLANE),https://www.google.com/maps/reviews/data=!4m8!14m7!1m6!2m5!1sCi9DQUlRQUNvZENodHljRjlvT2xaTmNtMXlWMGRWUkZKRGVtRkJNMVp4V2xFelVVRRAB!2m1!1s0x0:0x82ddb1a9ae334e23!3m1!1s2@1:CAIQACodChtycF9oOlZNcm1yV0dVRFJDemFBM1ZxWlEzUUE%7C%7C?hl=en,google_business_us_profile,Олександр Пільстрем,2026-09-17,5,positive,"Great online auction with exellent support. Overthe past six mounths,id sayabout 15% of all my purchases have been though OpenLane",Customer Service & Communication,Agent Professionalism & Responsiveness,Helpful Support Experience
rvw-000787,play.google.com,Google Play (com.openlane.mobile.carsarriveplus),https://play.google.com/store/apps/details?id=com.openlane.mobile.carsarriveplus&hl=en&gl=us,google_play_us_store,Elias Garcia,2026-09-15,2,negative,the new update doesn't always put your local loads.,Account / Access / Login,Password Reset & Login Troubleshooting,App Login Troubleshooting
rvw-000788,apps.apple.com,"Apple App Store (1566419386, us)",https://itunes.apple.com/us/review?id=1566419386&type=Purple%20Software&reviewId=14554862818,apple_us_store,Terrible updates67,2026-09-15,1,negative,"Poor updates. Why does every update make this app worse, like now I literally have to wait 30 min for the loads to load on the search bar. Nobody has time for that. Why not stick with what was working already",Account / Access / Login,Password Reset & Login Troubleshooting,App Login Troubleshooting
rvw-000789,play.google.com,Google Play (com.openlane.mobile.carsarriveplus),https://play.google.com/store/apps/details?id=com.openlane.mobile.carsarriveplus&hl=en&gl=us,google_play_us_store,JAIFER TRANSPORTATION,2026-09-10,1,negative,New update sucks!! Won't load loads,Account / Access / Login,Password Reset & Login Troubleshooting,App Login Troubleshooting
rvw-000790,google.com,Google Business Profile (OPENLANE),https://www.google.com/maps/reviews/data=!4m8!14m7!1m6!2m5!1sCi9DQUlRQUNvZENodHljRjlvT2xFNFZWZHNTakp6TFZoRmJYaHVkVjlrVm5BM09YYxAB!2m1!1s0x0:0x82ddb1a9ae334e23!3m1!1s2@1:CAIQACodChtycF9oOlE4VVdsSjJzLVhFbXhudV9kVnA3OXc%7C%7C?hl=en,google_business_us_profile,Richard Miller,2026-09-10,5,positive,The Best Of The Dealer Auction Platforms!,Membership / Licensing / Fees & Bidding Policies,"Bidding Process, Rules and Fees",How to Bid (First Time)
rvw-000791,play.google.com,Google Play (com.openlane.mobile.carsarriveplus),https://play.google.com/store/apps/details?id=com.openlane.mobile.carsarriveplus&hl=en&gl=us,google_play_us_store,Denruss,2026-09-07,1,negative,Please don’t put notes in the address fields. It causes the app to show the wrong location. Please fix this issue as soon as possible. This is directly affecting my ability to know whether I’ll be available to pick up a load or not. I need this resolved urgently so I can properly plan my schedule and avoid missing loads.,"Vehicle Pickup, Delivery and Scheduling",Scheduled Pickup Status,Pickup Hours and Cutoff
rvw-000792,birdeye.com,Birdeye (Google),https://reviews.birdeye.com/openlane-166516131772584#review-1,birdeye_us_profile,Dayvon Hicks,2026-09-07,,positive,"I had a great experience working with Tyler VanSickle at OPENLANE. I was dealing with a stressful situation involving payments and vehicle titles, and Tyler handled everything with professionalism, patience, and clear communication from beginning to end. What I appreciated most was that he took the time to explain what was going on, kept communication open, and worked with everyone involved toward a resolution instead of making an already stressful situation more difficult. He was respectful, straightforward, and followed th... read more",Customer Service & Communication,Agent Professionalism & Responsiveness,Helpful Support Experience
rvw-000793,play.google.com,Google Play (com.openlane.mobile.carsarriveplus),https://play.google.com/store/apps/details?id=com.openlane.mobile.carsarriveplus&hl=en&gl=us,google_play_us_store,Michael Barnett,2026-09-06,1,negative,"Horrible app. Search feature takes forever to load vehicles. Vehicles release is never available, and have to call in and sit on hold at each dealership when trying to pick up cars. Worst app of any company I deal with!",Account / Access / Login,Password Reset & Login Troubleshooting,App Login Troubleshooting
rvw-000794,apps.apple.com,"Apple App Store (1566419386, us)",https://itunes.apple.com/us/review?id=1566419386&type=Purple%20Software&reviewId=14507327908,apple_us_store,MMS reports,2026-09-03,1,negative,User interface isn’t great. As a user. The loads and docs need to be fully updated for example gate pass is the key to get cars if you guys don’t have gate pass in your system don’t release the car on the system. It’s really important to us get everything done before. Safe travels and time Thank you for understanding,"Vehicle Pickup, Delivery and Scheduling",Pickup Order Management,Gate Pass Assistance
rvw-000795,play.google.com,Google Play (com.openlane.mobile.carsarriveplus),https://play.google.com/store/apps/details?id=com.openlane.mobile.carsarriveplus&hl=en&gl=us,google_play_us_store,John Plewa,2026-09-02,1,negative,What are you guys doing? Now the drivers can't look at available loads only the dispatcher? I've run hundreds of loads for you guys but thats going to be coming to end if I cant see loads on a driver account.,Account / Access / Login,Password Reset & Login Troubleshooting,App Login Troubleshooting
rvw-000796,apps.apple.com,"Apple App Store (1566419386, us)",https://itunes.apple.com/us/review?id=1566419386&type=Purple%20Software&reviewId=14502675000,apple_us_store,Sana-PAL,2026-09-02,1,negative,"The worst app. We keep completing the loads on the app then the inspection disappear, this app sucks","Lot Condition, Listing Status and related",Third-Party Inspection Authorization & Scheduling,Previewing/ Inspecting Vehicles
rvw-000797,apps.apple.com,"Apple App Store (1566419386, us)",https://itunes.apple.com/us/review?id=1566419386&type=Purple%20Software&reviewId=14501677930,apple_us_store,XxjohngxX,2026-09-02,1,negative,Junk. Spend more time trying to login or the app shutting down are freezing then you can do your job cars arrive should pay us to have their app for so much time that we waste,Account / Access / Login,Password Reset & Login Troubleshooting,App Login Troubleshooting
rvw-000798,apps.apple.com,"Apple App Store (1175036411, us)",https://itunes.apple.com/us/review?id=1175036411&type=Purple%20Software&reviewId=14498997760,apple_us_store,Rocky-max,2026-09-01,1,negative,"Owner. I am a longtime dealer who has purchased more than 400 vehicles through OPENLANE, so my expectations are based on significant experience with their platform and arbitration process. Unfortunately, my recent experience with the arbitration department was extremely disappointing. The biggest concern was not simply the outcome of the arbitration, but the lack of communication and accountability during the process. I was not given a reasonable opportunity to speak with a manager or supervisor to discuss my concerns or have the situation properly reviewed. As a dealer who has spent considerable time and money doing business with OPENLANE, I expect a higher level of customer service, professionalism, and transparency. When an arbitration issue arises, dealers should have access to appropriate management when they believe their concerns have not been properly addressed. I understand that not every arbitration decision will go in my favor, and I can accept a fair decision. However, I expect to be treated with respect and to have a reasonable escalation process available. Being unable to speak with a manager after purchasing more than 400 vehicles through the company is very disappointing. I hope OPENLANE takes dealer concerns seriously and improves communication, transparency, and management accessibility within its arbitration department. Long-term customers deserve to feel that their concerns are heard and properly reviewed.",Customer Service & Communication,Case Resolution Quality,Escalation Required
rvw-000799,apps.apple.com,"Apple App Store (1566419386, us)",https://itunes.apple.com/us/review?id=1566419386&type=Purple%20Software&reviewId=14495262345,apple_us_store,Userid taken,2026-08-31,1,negative,Transport user. Has anyone from corporate actually tried to use the app? The latest update makes it very painful to take photos/upload and now search for loads using the app. It loads a couple before the wheel start spinning to refresh to load two more.,Account / Access / Login,Document Upload & Verification,Upload Troubleshooting
rvw-000747,google.com,Google Business Profile (OPENLANE),https://www.google.com/maps/reviews/data=!4m8!14m7!1m6!2m5!1sCi9DQUlRQUNvZENodHljRjlvT21aUWEwTnVORTVWT1hKUkxYcG1Sa1p4V0hFeFMyYxAB!2m1!1s0x0:0x82ddb1a9ae334e23!3m1!1s2@1:CAIQACodChtycF9oOmZQa0NuNE5VOXJRLXpmRkZxWHExS2c%7C%7C?hl=en,google_business_us_profile,Edward Acosta,2026-08-27,1,negative,"They need to fire all inspectors and hire professional ones, Junk vehicles arbitration policy very bad they don’t care independent dealers",Customer Service & Communication,Agent Professionalism & Responsiveness,Rude/Unhelpful Support
rvw-000748,google.com,Google Business Profile (OPENLANE),https://www.google.com/maps/reviews/data=!4m8!14m7!1m6!2m5!1sCi9DQUlRQUNvZENodHljRjlvT2tOVVptMURORUprYzNCbU5uWkpZbmROWmt4MWVIYxAB!2m1!1s0x0:0x82ddb1a9ae334e23!3m1!1s2@1:CAIQACodChtycF9oOkNUZm1DNEJkc3BmNnZJYndNZkx1eHc%7C%7C?hl=en,google_business_us_profile,Adam B.,2026-08-26,5,positive,"Fair, easy and honest platform for dealers to buy from. My rep Chris O'Dell is very helpful and always goes the extra mile. I've purchased almost 400 cars from openlane for my lot.",Customer Service & Communication,Agent Professionalism & Responsiveness,Helpful Support Experience
rvw-000749,google.com,Google Business Profile (OPENLANE),https://www.google.com/maps/reviews/data=!4m8!14m7!1m6!2m5!1sCi9DQUlRQUNvZENodHljRjlvT214a1gwVnJVemhYU1dOR01WRlljSEJZYkU4eGFGRRAB!2m1!1s0x0:0x7af4135fd6c841d8!3m1!1s2@1:CAIQACodChtycF9oOmxkX0VrUzhXSWNGMVFYcHBYbE8xaFE%7C%7C?hl=en,google_business_us_profile,mobile crusaders,2026-08-19,5,positive,Open Lane transport service is outstanding. Definitely a five star. I recommend this To any Auto Broker or dealership,"Vehicle Pickup, Delivery and Scheduling",Scheduled Pickup Status,Schedule/ Reschedule Pickup
rvw-000750,birdeye.com,Birdeye (Google),https://reviews.birdeye.com/openlane-166516131772584#review-1,birdeye_us_profile,Dayvon Hicks,2026-08-19,,positive,"I had a great experience working with Tyler VanSickle at OPENLANE. I was dealing with a stressful situation involving payments and vehicle titles, and Tyler handled everything with professionalism, patience, and clear communication from beginning to end. What I appreciated most was that he took the time to explain what was going on, kept communication open, and worked with everyone involved toward a resolution instead of making an already stressful situation more difficult. He was respectful, straightforward, and followed th... read more",Customer Service & Communication,Agent Professionalism & Responsiveness,Helpful Support Experience
rvw-000751,google.com,Google Business Profile (OPENLANE),https://www.google.com/maps/reviews/data=!4m8!14m7!1m6!2m5!1sCi9DQUlRQUNvZENodHljRjlvT21wTmRFTkNUa2hFVmtKTWJIVnNOVGt6Y1dadlRWRRAB!2m1!1s0x0:0x82ddb1a9ae334e23!3m1!1s2@1:CAIQACodChtycF9oOmpNdENCTkhEVkJMbHVsNTkzcWZvTVE%7C%7C?hl=en,google_business_us_profile,Kamol Bayramov,2026-08-17,1,negative,"Extremely Frustrating Experience With OPENLANE I am extremely disappointed with my experience with OPENLANE. I purchased a 2016 Lexus RX 350 through my dealership, KAN AUTO INC, and I have been trying for over a week to resolve a title issue. My floorplan company is ready to fund the vehicle, but they are waiting for OPENLANE to send the title. OPENLANE has the title, yet the issue still has not been resolved despite repeated calls and follow-ups. Every time I contact them, I spend more time trying to get answers, but the problem continues. As a dealer, I depend on an auction to handle titles and funding properly and promptly. Delays like this can cost a dealership money and prevent us from doing business. The most frustrating part isn't simply that there was a problem—problems happen. It's that after repeatedly contacting OPENLANE, I still haven't received an effective resolution. Based on my experience so far, I cannot recommend OPENLANE to other dealers. Their title handling and customer support have been extremely disappointing. I will update this review if OPENLANE finally resolves the issue. If I had option I would put negative 100 for this company",Customer Service & Communication,Communication Follow-up & Escalation,No Callback / Unresolved Case
rvw-000752,google.com,Google Business Profile (OPENLANE),https://www.google.com/maps/reviews/data=!4m8!14m7!1m6!2m5!1sCi9DQUlRQUNvZENodHljRjlvT20xcGNVVjFibWd4VkZwSFVEbFhORTVqYjJSWVgwRRAB!2m1!1s0x0:0x82ddb1a9ae334e23!3m1!1s2@1:CAIQACodChtycF9oOm1pcUV1bmgxVFpHUDlXNE5jb2RYX0E%7C%7C?hl=en,google_business_us_profile,Christian White,2026-08-16,5,positive,"Joe is the man! I'm very new to all of this, and he's helped me navigate my first two purchases. I couldn't ask for better support. With auction prices in the rise, this platform is very promising. Thanks, Joe P!!!",Customer Service & Communication,Case Resolution Quality,Issue Resolved
rvw-000753,trustpilot.com,Trustpilot (openlane.com),https://www.trustpilot.com/reviews/6a7e3982c1d3bf36f8d1d7d4,trustpilot_us_slug,Trustpilot user,2026-08-13,,negative,"LendCare & OPENLANE fabricated a…. LendCare & OPENLANE fabricated a default over a $360 payment to seize my car, demanding $2,600 and erasing my trade credit. LendCare changed my email to lock me out of my portal. The bailiff left zero papers, stalked my business door after emails to stop, and refused to leave. I have video proof of them laughing at my crying, autistic children.LendCare hid the Notice of Intention to Sell by omitting my unit number. LendCare extorted $5,000 under duress plus a $399 fee. OPENLANE double-dipped with a $200 fee and used 347carkeys to break into car compartments and strip my property. They dropped a fake $600 key fee when caught; I paid $905.75 under protest.Probes live: Consumer Protection ON (CPO accepted in 2 days), OPP, CAFC, HRTO, OMVIC, CIRO/TSX. Small Claims suit filed for conversion and $7,800 business loss.REMEDY: Full loan cancellation, credit repair, refund of all fees. Court file number SC-26-00006695-0000",Customer Service & Communication,Agent Professionalism & Responsiveness,Rude/Unhelpful Support
rvw-000754,google.com,Google Business Profile (OPENLANE),https://www.google.com/maps/reviews/data=!4m8!14m7!1m6!2m5!1sCi9DQUlRQUNvZENodHljRjlvT2xreVVIZ3llV1pDUXpsR1JVc3RZVUpTYURsWVoxRRAB!2m1!1s0x0:0x7af4135fd6c841d8!3m1!1s2@1:CAIQACodChtycF9oOlkyUHgyeWZCQzlGRUstYUJSaDlYZ1E%7C%7C?hl=en,google_business_us_profile,Vicente Acosta,2026-08-13,5,positive,"OPENLANE has been my go-to auction for years, since they were known as backlotcars. They have an excellent inventory, and their arbitration process is fair and transparent. They don’t play games; they make things right. Customer service at OPENLANE is top-notch. I recently got a new account manager, Mark Zigler, and he has made my experience even better. He genuinely cares about his dealers and is always willing to help. I’ve called Mark with random questions, and he’s always willing to look into them and call me back. He’s incredibly helpful and knowledgeable. If you’re considering buying at OPENLANE, I highly recommend it. My experience has been great, and I’m confident that you’ll have a positive experience as well.",Customer Service & Communication,Agent Professionalism & Responsiveness,Helpful Support Experience
rvw-000755,apps.apple.com,"Apple App Store (1566419386, us)",https://itunes.apple.com/us/review?id=1566419386&type=Purple%20Software&reviewId=14418955111,apple_us_store,lhutewefhii,2026-08-12,1,negative,Wayne. I don’t like any app that wants to track me! I’m a baby that needs tracked or my hands held!,Account / Access / Login,Password Reset & Login Troubleshooting,App Login Troubleshooting
rvw-000756,google.com,Google Business Profile (OPENLANE),https://www.google.com/maps/reviews/data=!4m8!14m7!1m6!2m5!1sCi9DQUlRQUNvZENodHljRjlvT2xScWMyeHhjM0Z2UW1nM1ExcE1SWEJhTkZCTlRVRRAB!2m1!1s0x0:0x7af4135fd6c841d8!3m1!1s2@1:CAIQACodChtycF9oOlRqc2xxc3FvQmg3Q1pMRXBaNFBNTUE%7C%7C?hl=en,google_business_us_profile,PXŁ AŁPHA YT,2026-08-11,5,positive,"""I am incredibly grateful to “ Tim Eversole ” at Openlane. When I was struggling to sell my inventory on Manheim and ACV, he advised me to purchase a vehicle to activate my sales account. Following his guidance, I listed three cars and they all sold within two weeks! Thanks to his expertise, my business is back on track and I'm expanding my listings. Highly recommend working with him!""","Lot Condition, Listing Status and related",Listing Status,Selling/ Relisting vehicle or Parts purchase
rvw-000757,trustpilot.com,Trustpilot (openlane.com),https://www.trustpilot.com/reviews/6a81d9c53b4a34e35d7322b2,trustpilot_us_slug,Trustpilot user,2026-08-10,,negative,"I have had nothing but BS from these…. I have had nothing but BS from these guys. Rolled back odometers that they don't do anything about, 2 vehicles that I bought and paid for and went to pick up but 1 of them the dealer sold for more money and the other just relisted it and backed out and it's still available. I had 1 title that took 3 months and they cashed my money anyways. Many are misrepresented. They don't care. I gave it a 2 star because I have made big money on a couple of them because I know how to cherry pick. That really is a star for me not them. One of them was a 2023 Kia Soul with 18k miles on it that they pretended it wouldn't power up to cover up a blown motor. I got the motor replaced for free at Kia under warranty and made $5k. Karma.",Membership / Licensing / Fees & Bidding Policies,"Bidding Process, Rules and Fees",Bid Cancellation & Relist Fees
rvw-000758,google.com,Google Business Profile (OPENLANE),https://www.google.com/maps/reviews/data=!4m8!14m7!1m6!2m5!1sCi9DQUlRQUNvZENodHljRjlvT2t4YWVWWnlNMUppT0ZReFQwYzViM1JSUWs1VE5tYxAB!2m1!1s0x0:0x7af4135fd6c841d8!3m1!1s2@1:CAIQACodChtycF9oOkxaeVZyM1JiOFQxT0c5b3RRQk5TNmc%7C%7C?hl=en,google_business_us_profile,Robert R,2026-08-10,5,positive,"Tim has been a great representative and a huge asset to OpenLane. He is extremely knowledgeable, dependable, and always willing to assist with any of my needs. I truly appreciate his professionalism and commitment to providing excellent service. Highly recommended!",Customer Service & Communication,Agent Professionalism & Responsiveness,Helpful Support Experience
rvw-000759,play.google.com,Google Play (com.openlane.mobile.carsarriveplus),https://play.google.com/store/apps/details?id=com.openlane.mobile.carsarriveplus&hl=en&gl=us,google_play_us_store,Eugene Poncelet,2026-08-09,1,negative,please quit chirping me every 5 minutes on load jas to be picked up or late loads. Half the time the loads aren't even mine. You chirp us right when you issue the loads and I haven't even gotten them from my dispatcher yet. Drivers shouldn't have to be woken up every 5 minutes to your chirping. You can do better than this. Also your Ap is too complecated. When picking up or especially dropping one shouldn't have to be required to do all the same Ap over again to drop a car unless damaged.,"Lot Condition, Listing Status and related",Lot Condition Reporting,Lot Damage
rvw-000760,play.google.com,Google Play (com.nthgensoftware.traderev.android),https://play.google.com/store/apps/details?id=com.nthgensoftware.traderev.android&hl=en&gl=us,google_play_us_store,mike mike,2026-08-07,1,negative,"Why do we have to click so many times just to see the Buy It Now price? It should be displayed in the same place as the bid price, just like every other auction app. Hiding it only wastes users' time and makes the app frustrating to use.",Account / Access / Login,Password Reset & Login Troubleshooting,App Login Troubleshooting
rvw-000761,google.com,Google Business Profile (OPENLANE),https://www.google.com/maps/reviews/data=!4m8!14m7!1m6!2m5!1sCi9DQUlRQUNvZENodHljRjlvT25weU1VNTVlWHAyVVRKbVUzY3dVVkpPVjJ4elMzYxAB!2m1!1s0x0:0x7af4135fd6c841d8!3m1!1s2@1:CAIQACodChtycF9oOnpyMU55eXp2UTJmU3cwUVJOV2xzS3c%7C%7C?hl=en,google_business_us_profile,Aleksey Izmaylov,2026-08-07,5,positive,I really love the transparency and professionalism of Bethany Skates. She makes the process very easy and always follow up. I appreciate the business with OPENLANE. Great job Bethany. Great job OPENLANE!,Customer Service & Communication,Communication Follow-up & Escalation,Proactive Follow-up
rvw-000762,apps.apple.com,"Apple App Store (1566419386, us)",https://itunes.apple.com/us/review?id=1566419386&type=Purple%20Software&reviewId=14386826679,apple_us_store,Am zb,2026-08-04,1,negative,Driver. Bad application ever I use on my life to slow feel like stupid app Also stupid people working there Once some apply for damage they are not investing they just charge company directly and company charge driver I don’t like it at all below than 0000,Membership / Licensing / Fees & Bidding Policies,"Bidding Process, Rules and Fees",Fees
rvw-000763,trustpilot.com,Trustpilot (openlane.com),https://www.trustpilot.com/reviews/6a8588b35a2cac1582a8a978,trustpilot_us_slug,Trustpilot user,2026-08-01,,negative,"A total scam company that GM uses at…. A total scam company that GM uses at the end of your lease - they send a jerk in a BMW to your home who scrutinizes every inch of your vehicle, then sends the report to GM and you over and over again The texts are annoying. They even had the wrong maturity date for my vehicle earlier than it actually was. Then after we put better tires on and fixed minor issue to avoid the exorbitant wear and damage prices GM was going to charge me, open lane won’t come back and reinspect your vehicle!!! Then GM sent me same final bill before we fixed tire and deck lid issue!!! Don’t ever Lease anything with GM !!!! Them and open Lane totally out to scam people!!!! I took impeccable care of my leased Blazer and treated beyond horrible- NY attorney general should be contacted about these 2 companies!!!!",Customer Service & Communication,Agent Professionalism & Responsiveness,Rude/Unhelpful Support
rvw-000490,play.google.com,Google Play (com.nthgensoftware.traderev.android),https://play.google.com/store/apps/details?id=com.nthgensoftware.traderev.android&hl=en&gl=us,google_play_us_store,Hethin Khaira,2026-07-29,1,negative,So hard to bid when the spinning circle of death shows up and then it kicks you out....having to log back in and get the code sent again. By then its too late and the auction is over. This happens over and over all day long. Desktop no problem. The app needs serious fixing.,Account / Access / Login,Password Reset & Login Troubleshooting,App Login Troubleshooting
rvw-000514,google.com,Google Business Profile (OPENLANE),https://www.google.com/maps/reviews/data=!4m8!14m7!1m6!2m5!1sCi9DQUlRQUNvZENodHljRjlvT25sbFdsRkViR2wxWWtSYU5rWTRjRkJ6YjNSS1ZFRRAB!2m1!1s0x0:0x7af4135fd6c841d8!3m1!1s2@1:CAIQACodChtycF9oOnllWlFEbGl1YkRaNkY4cFBzb3RKVEE%7C%7C?hl=en,google_business_us_profile,K Anthony,2026-07-29,5,positive,Open Lane seems to be where all the cars are being Auction in Savannah. The go to for used cars with less hassle. No late titles or issues. Easy online convenience.,"Title, Ownership, POA and Documentation",Power of Attorney (POA) Handling,POA Requirements Clarification
rvw-000515,google.com,Google Business Profile (OPENLANE),https://www.google.com/maps/reviews/data=!4m8!14m7!1m6!2m5!1sCi9DQUlRQUNvZENodHljRjlvT21OYVZFeHhRbmxUZFZsMVYySmlZVmw1WVY5b2RsRRAB!2m1!1s0x0:0x7af4135fd6c841d8!3m1!1s2@1:CAIQACodChtycF9oOmNaVExxQnlTdVl1V2JiYVl5YV9odlE%7C%7C?hl=en,google_business_us_profile,Roger Casillas,2026-07-28,5,positive,"Easy to use web page very detailed vehicle description. Big shout out to Tomas V for such high level of knowledge, excellent customer service and always being available to assist when I need him. Thank you Tomas for always making my buying experience very pleasant.",Customer Service & Communication,Agent Professionalism & Responsiveness,Helpful Support Experience
rvw-000764,bbb.org,BBB Complaints,http://www.bbb.org/us/in/carmel/profile/car-dealers/openlane-inc-0382-90024496/complaints#0382_90024496_25089481,bbb_us_business,BBB complainant,2026-07-25,1,negative,Service or Repair Issues complaint (Answered). On 7/8 I bought a REMOVED forte on Openlane for $9900 that per their inspection had no issues. When the car arrived if was blowing smoke from the tail pipe. I took the car to a dealer as they requested. REMOVED found the cylinder walls were scored beyond repair and the car needed a new engine. $7700 repair. I forwarded all documents to Openlane. An arbitrator calls me and says they use an internal labor rate of $95 an hour (even thought they dont do repairs) and he found a used engine at LKQ for $2100. So the best they will do is comp me 3 grand. I do not have a shop that will do the job for under 5 grand because no one does labor for $95 an hour nor do I have any interest in replacing an engine in a car I expected to have quick turn around. Now I have to lose money and have a car down for weeks because of their bad inspection. I took it a step further because the seller had bought the car from REMOVED. Turns out they tried to arb it for the SAME ISSUE. So now not only is it just plain fraud but Openlane will still not take the car back.,"Lot Condition, Listing Status and related",Third-Party Inspection Authorization & Scheduling,Previewing/ Inspecting Vehicles
rvw-000491,apps.apple.com,"Apple App Store (1175036411, us)",https://itunes.apple.com/us/review?id=1175036411&type=Purple%20Software&reviewId=14347413741,apple_us_store,hvntergvtherer,2026-07-25,1,negative,DO NOT BUY CARS FROM THEM. I bought a Kia forte on Openlane that per their inspection had no issues. When the car arrived if was blowing smoke from the tail pipe. I took the car to a dealer as they requested. Kia found the cylinder walls were scored beyond repair and the car needed a new engine. $7700 repair. I forwarded all documents to Openlane. An arbitrator calls me and says they use an internal labor rate of $95 an hour (even thought they don’t do repairs) and he found a used engine at LKQ for $2100. So the best they will do is comp me 3 grand. I do not have a shop that will do the job for under 5 grand because no one does labor for $95 an hour. Now I have to lose money and have a car down for weeks because of their bad inspection. I took it a step further because the seller had bought the car from Manheim. Turns out they tried to arb it for the SAME ISSUE. So now not only is it just plain fraud but Openlane will still not take the car back.,"Lot Condition, Listing Status and related",Third-Party Inspection Authorization & Scheduling,Previewing/ Inspecting Vehicles
rvw-000765,apps.apple.com,"Apple App Store (1175036411, us)",https://apps.apple.com/us/app/id1175036411?see-all=reviews&platform=iphone&reviewId=14347413741,apple_us_store,hvntergvtherer,2026-07-25,1,negative,DO NOT BUY CARS FROM THEM. I bought a Kia forte on Openlane that per their inspection had no issues. When the car arrived if was blowing smoke from the tail pipe. I took the car to a dealer as they requested. Kia found the cylinder walls were scored beyond repair and the car needed a new engine. $7700 repair. I forwarded all documents to Openlane. An arbitrator calls me and says they use an internal labor rate of $95 an hour (even thought they don’t do repairs) and he found a used engine at LKQ for $2100. So the best they will do is comp me 3 grand. I do not have a shop that will do the job for under 5 grand because no one does labor for $95 an hour. Now I have to lose money and have a car down for weeks because of their bad inspection. I took it a step further because the seller had bought the car from Manheim. Turns out they tried to arb it for the SAME ISSUE. So now not only is it just plain fraud but Openlane will still not take the car back,"Lot Condition, Listing Status and related",Third-Party Inspection Authorization & Scheduling,Previewing/ Inspecting Vehicles
rvw-000492,trustpilot.com,Trustpilot (openlane.com),https://www.trustpilot.com/reviews/6a617ee78bd5ce1c4f62f2cd,trustpilot_us_slug,Trustpilot user,2026-07-22,,negative,"Condition reports are biased and probably payola based. Condition reports are biased. I think payola is going on for the inspector to NOT SHOW all the damages or even make sure a shadow appears on the damaged areas so to try to get top dollar for a piece of crap car. I've bought over a hundred cars from them so far, shame on me. More than 70 percent NEVER match the condition report. BUYER BEWARE go to another platform if you want an honest online experience, And I thought Backlot was bad. Much worse here. I try to arbitrate and they basically say GO POUND SAND. Total Crap Site.","Lot Condition, Listing Status and related",Lot Condition Reporting,Lot Damage
rvw-000493,play.google.com,Google Play (com.openlane.mobile.carsarriveplus),https://play.google.com/store/apps/details?id=com.openlane.mobile.carsarriveplus&hl=en&gl=us,google_play_us_store,james graffa,2026-07-21,1,negative,this is a terrible app. quit messing around and use super dispatch,Account / Access / Login,Password Reset & Login Troubleshooting,App Login Troubleshooting
rvw-000494,apps.apple.com,"Apple App Store (1566419386, us)",https://itunes.apple.com/us/review?id=1566419386&type=Purple%20Software&reviewId=14328551450,apple_us_store,dusselldorf,2026-07-20,1,negative,"Slow app, Freezing Up. Keep freezing up, slow app, can’t copy any address. Needs to be updated to better experience.","Vehicle Pickup, Delivery and Scheduling",Scheduled Pickup Status,Pickup Hours and Cutoff
rvw-000766,bbb.org,BBB Complaints,http://www.bbb.org/us/in/carmel/profile/car-dealers/openlane-inc-0382-90024496/complaints#0382_90024496_25065696,bbb_us_business,BBB complainant,2026-07-19,1,negative,"Service or Repair Issues complaint (Answered). I am filing this formal complaint against OPENLANE due to gross misrepresentation in their vehicle Condition Report (CR), the delivery of an unsafe/inoperable asset, and an inadequate arbitration response that fails to cover severe, pre-existing safety hazards.On 06/30/2026 I purchased a 2018 Chevrolet Suburban through OPENLANE. Prior to bidding, I relied entirely on the official OPENLANE Condition Report. The inspector gave the vehicle a completely clean, ""all-green"" status across the board and did not mark or disclose a single issue.Upon delivery of the vehicle, it was immediately apparent that the Condition Report was entirely falsified. The vehicle arrived with:Complete Brake Failure: The brakes do not function whatsoever. Delivering a vehicle in this state represents a severe, life-threatening safety hazard.Transmission Defects: The transmission jerks violently and fails to operate correctly.I immediately took the vehicle to a certified mechanic for a full diagnostic evaluation. The certified mechanic confirmed that these severe faultsspecifically the complete brake failureare pre-existing issues that were absolutely present at the time of OPENLANEs inspection.I opened an arbitration case and submitted the certified mechanic's diagnostic report. OPENLANE closed the case and offered a flat, arbitrary adjustment of only $1,100. They are attempting to shield themselves behind their 125,000-mile ""As-Is"" policy.While a mileage policy may govern standard wear-and-tear mechanical items, it does not protect or excuse outright inspector misrepresentation and negligence. An ""all-green"" report means the inspector verified the core systems were functional. A non-functional braking system is a fundamental life-safety issue. Marking an inoperable, dangerous vehicle as completely green is a direct breach of contract and an unfair business practice. A flat $1,100 credit does not even cover a fraction of the cost to make this vehicle safe or drivable.",Customer Service & Communication,Agent Professionalism & Responsiveness,Rude/Unhelpful Support
rvw-000516,google.com,Google Business Profile (OPENLANE),https://www.google.com/maps/reviews/data=!4m8!14m7!1m6!2m5!1sCi9DQUlRQUNvZENodHljRjlvT21KTlgyWTBkVEJPVkRSWFgzSmpTbEJzVDE5QkxXYxAB!2m1!1s0x0:0x7af4135fd6c841d8!3m1!1s2@1:CAIQACodChtycF9oOmJNX2Y0dTBOVDRXX3JjSlBsT19BLWc%7C%7C?hl=en,google_business_us_profile,Haley Busick,2026-07-15,1,negative,"I’m in the process of turning in my leased vehicle and have been trying for weeks to schedule the complimentary pre-return inspection. I’ve sent multiple emails and made several phone calls with little to no response. On the rare occasion I do get through, I’m told there are no available appointments—either for a mobile inspector to come to my home or for an inspection at a dealership. I don’t understand the purpose of advertising a complimentary inspection if there are never any appointments available, especially when my lease still has three months remaining. This has been an incredibly frustrating and disappointing experience due to the lack of communication and availability. If I could give this company zero stars, I would. EDIT: after writing this bad review the next day I received a text message with an appointment date and time.",Customer Service & Communication,Support Access & Response Time,Delayed Email/Phone Response
rvw-000495,bbb.org,BBB Complaints,http://www.bbb.org/us/in/carmel/profile/car-dealers/openlane-inc-0382-90024496/complaints#0382_90024496_25053390,bbb_us_business,BBB complainant,2026-07-15,1,negative,"Service or Repair Issues complaint (Answered). Purchased a vehicle in February of 2026 vin #REMOVED that did not have pictures nor disclose significant damage on the roof of the vehicle. They hid behind an arbitration rule that they sold the vehicle as is and were not required to disclose pictures or anything because the vehicle was sold as is. They then said they would issue a $500 credit for their mistake, but needed to call and have it applied before paying for a vehicle. I tried to do such numerous times and they said there was not credit on the account that they promised was on their. They are the judge and jury of the arbitration policy. Based on REMOVED they are guilty of Procedural and Substantive Unconscionability. Regardless of whatever arbitration policy they force a company to sign to utilize their platform, they can not do what they are currently doing.","Lot Condition, Listing Status and related",Lot Condition Reporting,Lot Damage
rvw-000496,apps.apple.com,"Apple App Store (1566419386, us)",https://itunes.apple.com/us/review?id=1566419386&type=Purple%20Software&reviewId=14307067054,apple_us_store,Azazhaga,2026-07-15,1,negative,Not convenient. Lewis asking to update loads. When i have no loads,Account / Access / Login,Password Reset & Login Troubleshooting,App Login Troubleshooting
rvw-000497,apps.apple.com,"Apple App Store (1566419386, us)",https://itunes.apple.com/us/review?id=1566419386&type=Purple%20Software&reviewId=14299130739,apple_us_store,Tekno3g,2026-07-13,1,negative,Performance. It takes too long at times to load or perform horrible and you can’t take a pic sideways with your phone looks weird,Account / Access / Login,Password Reset & Login Troubleshooting,App Login Troubleshooting
rvw-000498,trustpilot.com,Trustpilot (openlane.com),https://www.trustpilot.com/reviews/6a5132537a2ba2f795242c5d,trustpilot_us_slug,Trustpilot user,2026-07-09,,negative,"Cars are not as described. Cars are not as described, customer service is awful, they don’t take accountability for any mistakes, absolutely the worst company in the Auction industry. In a 60 day period they cost me over $10,000 in losses due to horrible condition reports and inspection. For a platform that relies solely on sight unseen purchases they’re absolutely terrible",Customer Service & Communication,Agent Professionalism & Responsiveness,Rude/Unhelpful Support
rvw-000499,trustpilot.com,Trustpilot (openlane.com),https://www.trustpilot.com/reviews/6a4fb4414467999cc1271926,trustpilot_us_slug,Trustpilot user,2026-07-09,,negative,Worst auction of them all. Worst auction of them all . They will not stand behind their arbitration. Everyone put their junk threw here do to that . I’ve lost so much money dealing with them . Go to any auction but open lane and you’ll make money,Membership / Licensing / Fees & Bidding Policies,"Bidding Process, Rules and Fees",Fees
rvw-000500,play.google.com,Google Play (com.openlane.mobile.carsarriveplus),https://play.google.com/store/apps/details?id=com.openlane.mobile.carsarriveplus&hl=en&gl=us,google_play_us_store,joe faiola,2026-07-09,2,negative,"The scanning capability of this app is almost the worst in the industry this app would not scan a twenty two nissan, there's a lot of things that won't scan you should be able to hit a scan button and scan a vin and it pull up any car that is assigned to you.Whether it's been picked up or not picked up yet i really think you should take some lessons from ready's app.It is by far the best in the industry and i don't like working for ready",Account / Access / Login,Password Reset & Login Troubleshooting,App Login Troubleshooting
rvw-000517,google.com,Google Business Profile (OPENLANE),https://www.google.com/maps/reviews/data=!4m8!14m7!1m6!2m5!1sCi9DQUlRQUNvZENodHljRjlvT2tsUWEyeHNkekZWY2xsV05FeHRSbkJYZGpkUFNWRRAB!2m1!1s0x0:0x82ddb1a9ae334e23!3m1!1s2@1:CAIQACodChtycF9oOklQa2xsdzFVcllWNExtRnBXdjdPSVE%7C%7C?hl=en,google_business_us_profile,heath vines,2026-07-09,5,positive,"I have been using OpenLane for a few months now and I absolutely love the platform, the process and the support I get from OpenLane. I have the best rep (Jayma Stamper) that is so responsive and helpful. Unfortunately, I did arbitrate one of the vehicles I purchased. I was dreading the process due to my experience with another online auction, but OpenLane made the process so simple and easy. They went above and beyond my expectations. I highly recommend OpenLane and plan to use them consistently with my business.",Customer Service & Communication,Agent Professionalism & Responsiveness,Helpful Support Experience
rvw-000800,birdeye.com,Birdeye (Google),https://reviews.birdeye.com/openlane-166516131772584#review-3,birdeye_us_profile,Khoshhal Ahadi,2026-07-09,,negative,"Heavily slanted toward sellers; zero protection for independent buyers This platform is completely seller-oriented and offers zero accountability or protection for buyers. I purchased a vehicle, paid the full asking price immediately, and arranged for my transporter to pick it up. When my transport driver arrived, we discovered the seller had completely reneged on the deal and sold the car to someone else—likely for a few hundred dollars more. To make matters worse, OPENLANE has yet to issue my refund or provide any sort of ... read more","Payment Refunds, Transaction Issues and Deposits",Refunds & Membership Billing,Deposit Refund Status
rvw-000501,apps.apple.com,"Apple App Store (1566419386, us)",https://itunes.apple.com/us/review?id=1566419386&type=Purple%20Software&reviewId=14282411977,apple_us_store,Garbaaage,2026-07-09,1,negative,Check out Super Dispatch. Over thought time consumer,"Vehicle Pickup, Delivery and Scheduling",Scheduled Pickup Status,Missed/ Delayed Pickup and Dispatch Window
rvw-000502,apps.apple.com,"Apple App Store (1566419386, us)",https://itunes.apple.com/us/review?id=1566419386&type=Purple%20Software&reviewId=14279210408,apple_us_store,Erluha,2026-07-08,1,negative,"Not good at all. Whe don’t need to know your nearby loads , we don’t want you to use your app. If u force us to use it, make it at least normal app as SD at least",Account / Access / Login,Password Reset & Login Troubleshooting,App Login Troubleshooting
rvw-000767,birdeye.com,Birdeye (Google),https://reviews.birdeye.com/openlane-166516131772584#review-3,birdeye_us_profile,Khoshhal Ahadi,2026-07-04,,negative,"Heavily slanted toward sellers; zero protection for independent buyers This platform is completely seller-oriented and offers zero accountability or protection for buyers. I purchased a vehicle, paid the full asking price immediately, and arranged for my transporter to pick it up. When my transport driver arrived, we discovered the seller had completely reneged on the deal and sold the car to someone else—likely for a few hundred dollars more. To make matters worse, OPENLANE has yet to issue my refund or provide any sort of ... read more","Payment Refunds, Transaction Issues and Deposits",Refunds & Membership Billing,Deposit Refund Status
rvw-000503,birdeye.com,Birdeye (Google),https://reviews.birdeye.com/openlane-166516131772584#review-2,birdeye_us_profile,Khoshhal Ahadi,2026-07-03,,negative,"Heavily slanted toward sellers; zero protection for independent buyers This platform is completely seller-oriented and offers zero accountability or protection for buyers. I purchased a vehicle, paid the full asking price immediately, and arranged for my transporter to pick it up. When my transport driver arrived, we discovered the seller had completely reneged on the deal and sold the car to someone else—likely for a few hundred dollars more. To make matters worse, OPENLANE has yet to issue my refund or provide any sort of ... read more","Payment Refunds, Transaction Issues and Deposits",Refunds & Membership Billing,Deposit Refund Status
rvw-000504,play.google.com,Google Play (com.openlane.mobile.carsarriveplus),https://play.google.com/store/apps/details?id=com.openlane.mobile.carsarriveplus&hl=en&gl=us,google_play_us_store,HUMAN_19XX Gaming,2026-07-02,1,negative,I hate using this app it is not user-friendly let me use super dispatch,Account / Access / Login,Password Reset & Login Troubleshooting,App Login Troubleshooting
rvw-000505,trustpilot.com,Trustpilot (openlane.com),https://www.trustpilot.com/reviews/6a57ca0914e9551264767096,trustpilot_us_slug,Trustpilot user,2026-07-01,,positive,"One of the worst auctions I’ve ever…. One of the worst auctions I’ve ever dealt with in my life. You have all the proof that you’ve been trying to pay their end for some apparent reason can’t get it done. They blame you and lock you off for three months after we have proof of them being in our bank account, depositing money like one cent to prove that open up the account then they remove it and say it’s awful the person that runs the credit department. He is so horrible. He blames everybody else but themselves I will never recommend this Auction at all they are the worst of the worst by four cars try to get them paid and you can’t even get them paid. It’s unbelievable then you try to get it resolved and they want to do nothing but screw you. I don’t recommend them at all.",Membership / Licensing / Fees & Bidding Policies,"Bidding Process, Rules and Fees",How to Bid (First Time)
rvw-000506,bbb.org,BBB Complaints,http://www.bbb.org/us/in/carmel/profile/car-dealers/openlane-inc-0382-90024496/complaints#0382_90024496_24998087,bbb_us_business,BBB complainant,2026-06-30,1,negative,"Service or Repair Issues complaint (Answered). I purchased a 2019 Jeep Cherokee on the Openlane site on 6/5/26 and also purchased an extended guarantee for $75. I received the vehicle on 6/10/26. Vehicle was sent to an auction for a quick flip, the vehicle received a bid and I guaranteed the vehicle so it went thru an inspection. The inspection found the rear end was making noise so the vehicle was deemed as a no sale. The vehicle was sent to REMOVED dealer because Openlane requiered it be sent there to confirm inspection, cost me $50 Jeep dealer stated needs rear diff assembly and fluid at a cost of $4,453.21. Diag cost me $185. Openlane will only pay $689, they say the rear diff components are not covered. This vehicle should have been announced that it had rear end noise but instead no issues were noted other than a check engine light but no codes were given as to what the REMOVED was on for...another mistake by their inspector. Openlane's inspector said he drove to 35mph and into 3rd gear, plenty of time to hear any grinding noise in the rear end. I'm over $300 out of pocket and nothing has been fixed, plus fees and interest on my floorplan for a vehicle that had issues prior to purchasing. Openlane took over a week to call me back the 2nd time after I called them multiple times not happy with the original $500 ""good will"" credit the sent. This company will do anything and everything to not stand by their inspections.",Membership / Licensing / Fees & Bidding Policies,"Bidding Process, Rules and Fees",Fees
rvw-000507,apps.apple.com,"Apple App Store (1566419386, us)",https://itunes.apple.com/us/review?id=1566419386&type=Purple%20Software&reviewId=14246256894,apple_us_store,Zombie Fein,2026-06-30,1,negative,"User. Had issue with ca, tried telling me my insurance was cancelled which it was not and already paid a month in advance for renewal. Showed up today to pick up first car fo ca, someone else has already picked up the car. Won’t pay dry run. I tried calling yesterday and this morning. But now ca is saying I should have called them. Never had this issue with the other load boards before.",Account / Access / Login,Password Reset & Login Troubleshooting,App Login Troubleshooting
rvw-000475,apps.apple.com,"Apple App Store (1566419386, us)",https://itunes.apple.com/us/review?id=1566419386&type=Purple%20Software&reviewId=14241570883,apple_us_store,trulalalta,2026-06-29,1,negative,Freeze bugs. Freezes every time you start app. Freezing every time when trying to take picture. Overall I wouldn’t even give 1 star,Account / Access / Login,Password Reset & Login Troubleshooting,App Login Troubleshooting
rvw-000476,birdeye.com,Birdeye (Google),https://reviews.birdeye.com/openlane-166516131772584#review-1,birdeye_us_profile,Khoshhal Ahadi,2026-06-25,,negative,"Heavily slanted toward sellers; zero protection for independent buyers This platform is completely seller-oriented and offers zero accountability or protection for buyers. I purchased a vehicle, paid the full asking price immediately, and arranged for my transporter to pick it up. When my transport driver arrived, we discovered the seller had completely reneged on the deal and sold the car to someone else—likely for a few hundred dollars more. To make matters worse, OPENLANE has yet to issue my refund or provide any sort of ... read more","Payment Refunds, Transaction Issues and Deposits",Refunds & Membership Billing,Deposit Refund Status
rvw-000518,google.com,Google Business Profile (OPENLANE),https://www.google.com/maps/reviews/data=!4m8!14m7!1m6!2m5!1sCi9DQUlRQUNvZENodHljRjlvT2toak5rTkRWMjlKYTA5NVZqaDVkSGxFY1hCaVYxRRAB!2m1!1s0x0:0x7af4135fd6c841d8!3m1!1s2@1:CAIQACodChtycF9oOkhjNkNDV29Ja095Vjh5dHlEcXBiV1E%7C%7C?hl=en,google_business_us_profile,Nelson Bueno,2026-06-23,5,positive,"We purchase 95% of our inventory from OPENLANE and it’s a pleasure working with Mabel, she goes above and beyond to help with pricing and customer service. Not only does she make the effort all the time but she is also there when the issues arise. I would love it if everyone worked as efficient and gave their all when it comes to customer service, well done Mabel.",Customer Service & Communication,Agent Professionalism & Responsiveness,Helpful Support Experience
rvw-000508,bbb.org,BBB Complaints,http://www.bbb.org/us/in/carmel/profile/car-dealers/openlane-inc-0382-90024496/complaints#0382_90024496_24975266,bbb_us_business,BBB complainant,2026-06-23,1,negative,"Service or Repair Issues complaint (Answered). Hello,I am writing to express my concerns regarding the handling of my arbitration claim related to the 2014 REMOVED Fusion SE (VIN: REMOVED).Throughout the arbitration process, I felt that my concerns and supporting evidence were not given proper consideration. In particular, my interactions with REMOVED left me feeling dismissed and unheard. I found her communication to be unprofessional, discourteous, and lacking the level of customer service and impartiality that I expected during the arbitration REMOVED a customer attempting to resolve serious undisclosed mechanical issues with a recently purchased vehicle, I expected a fair review of the facts and respectful communication. Instead, I was left with the impression that my concerns were not taken seriously.I respectfully request that Openlane review my complaint regarding the arbitration process and Ms. REMOVED handling of my case. I would also appreciate a review of my claim in light of the significant mechanical defects discovered immediately after delivery of the vehicle.Thank you for your attention to this matter. I look forward to your response.Sincerely,Orhan REMOVED",Customer Service & Communication,Agent Professionalism & Responsiveness,Rude/Unhelpful Support
rvw-000477,play.google.com,Google Play (com.openlane.mobile.carsarriveplus),https://play.google.com/store/apps/details?id=com.openlane.mobile.carsarriveplus&hl=en&gl=us,google_play_us_store,jacob vaks,2026-06-18,5,positive,"horrible app vin not scanning ,take a long time to inspect the vehicle, can't mark damage","Lot Condition, Listing Status and related",Lot Condition Reporting,Lot Damage
rvw-000509,bbb.org,BBB Complaints,http://www.bbb.org/us/in/carmel/profile/car-dealers/openlane-inc-0382-90024496/complaints#0382_90024496_24949670,bbb_us_business,BBB complainant,2026-06-16,1,negative,"Sales and Advertising Issues complaint (Unresolved). I purchased a vehicle through OpenLane on November 29, 2025. To date, June 16, 2026, OpenLane has failed to provide a merchantable title for the vehicle. Instead, all I have received for the past six plus months is the runaround and a bunch of generic emails stating they have attempted but still have not been able to get a title. They have even, on multiple occasions in writing, threatened to ban my business from the platform if I reach out to the selling dealer regarding the title. After 180 days, they chose to wash their hands of the situation and attempted to ACH my account for the vehicle that was already paid for. Nobody in upper management seems to have any knowledge of the car business or how it works, nor the legalities involved in providing merchantable titles. They also lack the integrity and professionalism to reach out to buyers in an effort to remedy or rectify issues that arise from their lack of proper leadership and professionalism. While I have provided OpenLane with the information that is needed to apply for and receive a merchantable title for the vehicle, they continue to refuse to assist in obtaining a title or even providing the necessary information and funding for myself to apply for and receive a merchantable title.",Customer Service & Communication,Case Resolution Quality,Issue Not Resolved
rvw-000478,play.google.com,Google Play (com.nthgensoftware.traderev.android),https://play.google.com/store/apps/details?id=com.nthgensoftware.traderev.android&hl=en&gl=us,google_play_us_store,ben mikel,2026-06-11,1,negative,"Please add the Buy Now price so we can see it right away without having to click ""Bid Now"" on every vehicle. All other auction platforms display the Buy Now price on the listing page, but OpenLane does not. This is a basic feature that should be easy to implement and should be displayed prominently.",Membership / Licensing / Fees & Bidding Policies,"Bidding Process, Rules and Fees",Fees
rvw-000519,google.com,Google Business Profile (OPENLANE),https://www.google.com/maps/reviews/data=!4m8!14m7!1m6!2m5!1sCi9DQUlRQUNvZENodHljRjlvT2pCYU1HVnVhRVozWVU5NWFsbE9TVzluWkc1dGIxRRAB!2m1!1s0x0:0x7af4135fd6c841d8!3m1!1s2@1:CAIQACodChtycF9oOjBaMGVuaEZ3YU95allOSW9nZG5tb1E%7C%7C?hl=en,google_business_us_profile,Drive Remarketing,2026-06-11,5,positive,"The measure of any company is what they do when things go wrong. I had an issue with a vehicle I purchased that initially was not handled properly. However when my rep Bobby Green got Bill Williams involved they handled it properly. It is a pleasure to deal with a company of integrity! Thank you for taking the trickery out of the automotive auction industry! Congratulations to the CEO, Peter Kelly.",Membership / Licensing / Fees & Bidding Policies,"Bidding Process, Rules and Fees",How to Bid (First Time)
rvw-000801,birdeye.com,Birdeye (Google),https://reviews.birdeye.com/openlane-166516131772584#review-4,birdeye_us_profile,Pam Baumgardner,2026-06-09,,positive,Max Balley was absolutely patient and helpful in getting my husband Don on the site to bid for cars. He so knowledgeable and willing to make Dons buying experience successful. Truly an asset to Open Lane,Customer Service & Communication,Agent Professionalism & Responsiveness,Helpful Support Experience
rvw-000479,apps.apple.com,"Apple App Store (1566419386, us)",https://itunes.apple.com/us/review?id=1566419386&type=Purple%20Software&reviewId=14162802186,apple_us_store,Manduca 123,2026-06-09,1,negative,Owner. This app sucks what did you do fire whoever did this ty,Account / Access / Login,Password Reset & Login Troubleshooting,App Login Troubleshooting
rvw-000480,play.google.com,Google Play (com.backlotcars.backlotcars),https://play.google.com/store/apps/details?id=com.backlotcars.backlotcars&hl=en&gl=us,google_play_us_store,SHAHAB TABATABAEI,2026-06-08,1,negative,"arbitration does not exist, I have thought over three hundred cars from them ,Every time there was a problem with arbitration.Somehow the problem that part was not covered, Chevy got delivered with a rod coming out of the block, was not covered, mustang manual teasmission bad, not covered no manual transmissions are covered. I won't be buying from them anymore inspections are bad","Lot Condition, Listing Status and related",Third-Party Inspection Authorization & Scheduling,Previewing/ Inspecting Vehicles
rvw-000481,apps.apple.com,"Apple App Store (1566419386, us)",https://itunes.apple.com/us/review?id=1566419386&type=Purple%20Software&reviewId=14159569903,apple_us_store,C!a!s!e!y!s,2026-06-08,1,negative,👎👎. Clearly someone who hasn’t transported cars made this app,Account / Access / Login,Password Reset & Login Troubleshooting,App Login Troubleshooting
rvw-000768,birdeye.com,Birdeye (Google),https://reviews.birdeye.com/openlane-166516131772584#review-4,birdeye_us_profile,Pam Baumgardner,2026-06-04,,positive,Max Balley was absolutely patient and helpful in getting my husband Don on the site to bid for cars. He so knowledgeable and willing to make Dons buying experience successful. Truly an asset to Open Lane,Customer Service & Communication,Agent Professionalism & Responsiveness,Helpful Support Experience
rvw-000510,birdeye.com,Birdeye (Google),https://reviews.birdeye.com/openlane-166516131772584#review-3,birdeye_us_profile,Pam Baumgardner,2026-06-03,,positive,Max Balley was absolutely patient and helpful in getting my husband Don on the site to bid for cars. He so knowledgeable and willing to make Dons buying experience successful. Truly an asset to Open Lane,Customer Service & Communication,Agent Professionalism & Responsiveness,Helpful Support Experience
rvw-000482,apps.apple.com,"Apple App Store (1566419386, us)",https://itunes.apple.com/us/review?id=1566419386&type=Purple%20Software&reviewId=14140355961,apple_us_store,systempolicy,2026-06-03,1,negative,"CarsArrive Plus is a Garbage App. It freezes and crashes every single time it’s used. Just opening the app causes it to freeze and sometimes crash, it will freeze again when you are selecting a load. Once it unfreeze, it will freeze again multiple times or crash altogether when you are doing an inspection. Again, this happens every single time the app is used. Don’t know of any other app that behaves like this, completely unusable, freezing every single time & every step of the process., Ive not encountered a worse app than CarsArrive Plus, it is garbage.","Lot Condition, Listing Status and related",Third-Party Inspection Authorization & Scheduling,Previewing/ Inspecting Vehicles
rvw-000511,apps.apple.com,"Apple App Store (1566419386, us)",https://apps.apple.com/us/app/id1566419386?see-all=reviews&platform=iphone&reviewId=14140355961,apple_us_store,systempolicy,2026-06-03,1,negative,"CarsArrive Plus is a Garbage App. It freezes and crashes every single time it’s used. Just opening the app causes it to freeze and sometimes crash, it will freeze again when you are selecting a load. Once it unfreeze, it will freeze again multiple times or crash altogether when you are doing an inspection. Again, this happens every single time the app is used. Don’t know of any other app that behaves like this, completely unusable, freezing every single time & every step of the process., Ive not encountered a worse app than CarsArrive Plus, it is garbage","Lot Condition, Listing Status and related",Third-Party Inspection Authorization & Scheduling,Previewing/ Inspecting Vehicles
rvw-000802,apps.apple.com,"Apple App Store (1566419386, us)",https://apps.apple.com/us/app/id1566419386?see-all=reviews&platform=iphone&reviewId=14140355961,apple_us_store,systempolicy,2026-06-03,1,negative,CarsArrive Plus is a Garbage App. We apologize for any frustrations you are experiencing with the CarsArrive+ App. We will forward your feedback to our development team to assess,Customer Service & Communication,Agent Professionalism & Responsiveness,Rude/Unhelpful Support
rvw-000483,trustpilot.com,Trustpilot (openlane.com),https://www.trustpilot.com/reviews/6a1f3921974048e99b3a1b2b,trustpilot_us_slug,Trustpilot user,2026-06-02,,negative,"ARbitration costs dealer extra. As a dealer who has purchased approximately 340 vehicles through OPENLANE, my biggest disappointment is not the occasional condition report issue—it's the arbitration process when those issues arise. Dealers pay for premium condition reports with the expectation that undisclosed problems will be handled fairly. Unfortunately, my experience has been the opposite. OPENLANE often calculates settlements using the lowest-priced parts they can locate, regardless of distance from the dealer, while excluding shipping costs, diagnostic expenses, fluids, and other related repair costs. They also rely on labor rates that many dealers and repair facilities simply cannot find in today's market. What is even more frustrating is that when a dealer disputes an offer, the burden shifts almost entirely to the buyer. Dealers can be required to obtain additional diagnostics and inspections at their own expense, often costing hundreds or even thousands of dollars, with no clear explanation of how those additional expenses will impact the final outcome. In my experience, there appears to be very little accountability when condition reports fail to identify major issues. Instead of focusing on why the issue was missed and making the dealer whole, the process often becomes a series of additional requests for documentation, diagnostics, and time-consuming follow-ups that place the financial burden on the buyer. Time is money for independent dealers. Every hour spent chasing diagnostics, transporting vehicles, and managing arbitration claims is time that cannot be spent purchasing inventory, serving customers, or growing the business. I believe OPENLANE could significantly improve dealer confidence by using realistic local parts and labor pricing, reimbursing necessary diagnostic expenses, increasing quality control on inspections, and creating an arbitration process that truly seeks to make dealers whole rather than minimizing payouts. After purchasing hundreds of vehicles through the platform, I expected a more dealer-focused resolution process.",Customer Service & Communication,Communication Follow-up & Escalation,No Callback / Unresolved Case
rvw-000484,play.google.com,Google Play (com.openlane.mobile.carsarriveplus),https://play.google.com/store/apps/details?id=com.openlane.mobile.carsarriveplus&hl=en&gl=us,google_play_us_store,Hector Cordero,2026-06-02,1,negative,this app really sucks,Account / Access / Login,Password Reset & Login Troubleshooting,App Login Troubleshooting
rvw-000485,birdeye.com,Birdeye (Google),https://reviews.birdeye.com/openlane-166516131772584#review-2,birdeye_us_profile,Pam Baumgardner,2026-06-02,,positive,Max Balley was absolutely patient and helpful in getting my husband Don on the site to bid for cars. He so knowledgeable and willing to make Dons buying experience successful. Truly an asset to Open Lane,Customer Service & Communication,Agent Professionalism & Responsiveness,Helpful Support Experience
rvw-000486,bbb.org,BBB Complaints,http://www.bbb.org/us/in/carmel/profile/car-dealers/openlane-inc-0382-90024496/complaints#0382_90024496_24904964,bbb_us_business,BBB complainant,2026-06-02,1,negative,"Sales and Advertising Issues complaint (Answered). At the time of bidding, I relied on the condition report and representations advertised by Openlane Buyers are entitled to bid with confidence based on the accuracy of the information presented The auction listing represented the vehicle as being in substantially better condition than what was actually delivered. Significant defects diagnostic trouble codes, and operational issues were not disclosed prior to the sale Had the vehicle's true condition been accurately disclosed, I would not have submitted a bid or entered into the transaction When the vehicle was scheduled for pickup I refused to take possession after discovering that its condition materially differed from the representations made in the listing I immediately notified Openlane of the discrepancies and requested that the transaction be canceled. Rather than addressing the apparent misrepresentation Openlane informed me that I was required to proceed with the transaction. As a result, I was compelled to accept delivery of a vehicle that I had already rejected due to its undisclosed defects Following delivery, I documented and reported the vehicle's issues through emails and telephone communications. Despite receiving notice of the discrepancies, Openlane failed to provide an adequate remedy or meaningful resolution The matter has been further aggravated by an ongoing delay in the transfer of title The title remains delayed, preventing me from registering reselling, or otherwise disposing of the vehicle. This delay has caused additional financial harm and uncertainty while I remain in possession of a vehicle that was not delivered as represented Openlane's failure to accurately represent the vehicle deprived me of the ability to make an informed purchasing decision and undermined the integrity of the auction process I respectfully request rescission of the transaction a full refund of the purchase price reimbursement of related fees and transportation costs and any other relief deemed appropriate",Customer Service & Communication,Agent Professionalism & Responsiveness,Rude/Unhelpful Support
rvw-000487,trustpilot.com,Trustpilot (openlane.com),https://www.trustpilot.com/reviews/6a3162e9f5372ad2ca1517b8,trustpilot_us_slug,Trustpilot user,2026-06-01,,negative,"Dishonest, unprofessional, and the worst in the industry!. OpenLane is the worst amongst the online dealer only auction platforms. Their condition reports are fueled by complete lies and backed up by a policy designed to screw the buyer in every way possible. It is very common to see an OpenLane CR in the mid 4s and locate the same vehicle on Manheim or Adesa with a CR in the low to mid 2s. Their transportation is horrendous with it taking three to four weeks and even longer to receive vehicles. They absolutely will NOT provide titles to buyers in a timely manner and will in no way hold sellers accountable for failure to produce titles. After six months, OpenLane simply attempts to wash their hands of the situation and steal the money from your account. If you want to speak to anyone in ""management"", well that's too bad, they are all too cowardly and unprofessional to deal with the issues their poor leadership and mismanagement causes. They are a sinking ship! If you want to protect yourself and your business, DO NOT do business with OpenLane.",Customer Service & Communication,Agent Professionalism & Responsiveness,Rude/Unhelpful Support
rvw-000488,apps.apple.com,"Apple App Store (1566419386, us)",https://itunes.apple.com/us/review?id=1566419386&type=Purple%20Software&reviewId=14131410229,apple_us_store,matthewsarver,2026-06-01,1,negative,Lag. Lags every 2 seconds lags after every picture taken app force closes constantly needs fixing and bugs figured out,Account / Access / Login,Password Reset & Login Troubleshooting,App Login Troubleshooting
rvw-000412,birdeye.com,Birdeye (Google),https://reviews.birdeye.com/openlane-166516131772584#review-1,birdeye_us_profile,Pam Baumgardner,2026-05-31,,positive,Max Balley was absolutely patient and helpful in getting my husband Don on the site to bid for cars. He so knowledgeable and willing to make Dons buying experience successful. Truly an asset to Open Lane,Customer Service & Communication,Agent Professionalism & Responsiveness,Helpful Support Experience
rvw-000413,apps.apple.com,"Apple App Store (1566419386, us)",https://itunes.apple.com/us/review?id=1566419386&type=Purple%20Software&reviewId=14124352825,apple_us_store,Davesaf,2026-05-30,1,negative,Dave’s. App is terrible really slow too much going on.,Account / Access / Login,Password Reset & Login Troubleshooting,App Login Troubleshooting
rvw-000427,trustpilot.com,Trustpilot (openlane.com),https://www.trustpilot.com/reviews/6a19cab88d36b3d9bbba9fb5,trustpilot_us_slug,Trustpilot user,2026-05-29,,negative,"I purchased a 2022 Fiat 500e through…. I purchased a 2022 Fiat 500e through OpenLane. The vehicle report stated only minor cosmetic imperfections and did not mention any technical defects, electronic failures, or issues affecting the operation of the vehicle's systems. After delivery, it became clear that the vehicle suffers from serious faults affecting the Uconnect system and communication modules. As a result, many essential functions cannot be used correctly, including climate control, infotainment functions, audio controls, language settings, vehicle settings, and other features that are part of the normal operation of the vehicle. Although the vehicle is able to drive, it cannot be considered fully functional or reliable. A modern electric vehicle relies heavily on its electronic systems, and when these systems fail, the vehicle does not correspond to the condition that was presented at the time of sale. The estimated repair cost exceeds €3,000 and requires the replacement of major electronic modules. Such a significant defect should have been detected during inspection and clearly disclosed in the vehicle condition report before the vehicle was offered for sale. I am also concerned about OpenLane's three-day claim and return period. In practice, three days is not sufficient to identify and properly diagnose complex electronic defects in a modern electric vehicle. When the vehicle was delivered, the problems initially appeared to be software-related. Determining the true cause required inspection and diagnosis by an authorized Fiat service center, which cannot realistically be arranged and completed within only three days of delivery. Complex electronic and communication system failures often require specialized diagnostic equipment, technical expertise, and time for investigation. A buyer cannot reasonably be expected to discover and document such hidden defects within such a short period. I believe that the current three-day deadline does not provide adequate protection for buyers when hidden technical defects are involved, especially defects that require professional diagnosis by an authorized service center. The information provided by OpenLane did not accurately reflect the actual condition of the vehicle and prevented me from making a fully informed purchasing decision. I therefore request a formal explanation as to how these defects were not detected or reported before the vehicle was listed for sale and ask OpenLane to review this case and provide an appropriate resolution. A vehicle that can move but cannot properly operate many of its essential functions should not be described as having only cosmetic defects.",Customer Service & Communication,Communication Follow-up & Escalation,No Callback / Unresolved Case
rvw-000414,apps.apple.com,"Apple App Store (1566419386, us)",https://itunes.apple.com/us/review?id=1566419386&type=Purple%20Software&reviewId=14120404291,apple_us_store,No time for this 1,2026-05-29,1,negative,App updates. The more you work on it the worse it gets,Account / Access / Login,Password Reset & Login Troubleshooting,App Login Troubleshooting
rvw-000415,play.google.com,Google Play (com.openlane.mobile.carsarriveplus),https://play.google.com/store/apps/details?id=com.openlane.mobile.carsarriveplus&hl=en&gl=us,google_play_us_store,Sergei Zubku,2026-05-27,1,negative,This app is junk.,Account / Access / Login,Password Reset & Login Troubleshooting,App Login Troubleshooting
rvw-000428,birdeye.com,Birdeye (Google),https://reviews.birdeye.com/openlane-166516131772584#review-2,birdeye_us_profile,Pam Baumgardner,2026-05-27,,positive,Max Balley was absolutely patient and helpful in getting my husband Don on the site to bid for cars. He so knowledgeable and willing to make Dons buying experience successful. Truly an asset to Open Lane,Customer Service & Communication,Agent Professionalism & Responsiveness,Helpful Support Experience
rvw-000416,apps.apple.com,"Apple App Store (1566419386, us)",https://itunes.apple.com/us/review?id=1566419386&type=Purple%20Software&reviewId=14113800277,apple_us_store,Froze up…..,2026-05-27,1,negative,Worst app ever!!!!. Terrible terrible app! Costs us all time and money,Membership / Licensing / Fees & Bidding Policies,"Bidding Process, Rules and Fees",Fees
rvw-000417,apps.apple.com,"Apple App Store (6753570460, us)",https://apps.apple.com/us/app/id6753570460?see-all=reviews&platform=iphone&reviewId=14110137853,apple_us_store,tntkarp71,2026-05-27,1,negative,Constant close. Horrible. It will log out constantly in the middle of inspections. Not meant for IPhones at all. My work only will use IPhone. When using android in the beginning much better. Better picture quality as well,"Lot Condition, Listing Status and related",Third-Party Inspection Authorization & Scheduling,Previewing/ Inspecting Vehicles
rvw-000429,trustpilot.com,Trustpilot (openlane.com),https://www.trustpilot.com/reviews/6a15c7a1f15bf8718155b15d,trustpilot_us_slug,Trustpilot user,2026-05-26,,positive,"Open lane 1 (800) 556-2811. Open lane 1 (800) 556-2811. The customer service on the phone is really not up to the task. If you're unhappy with your job, you leave it to someone else's",Customer Service & Communication,Agent Professionalism & Responsiveness,Helpful Support Experience
rvw-000520,google.com,Google Business Profile (OPENLANE),https://www.google.com/maps/reviews/data=!4m8!14m7!1m6!2m5!1sCi9DQUlRQUNvZENodHljRjlvT21GNmVEY3hlbTlxVG5GQ2RtSklZVGxxWHpkTkxWRRAB!2m1!1s0x0:0x7af4135fd6c841d8!3m1!1s2@1:CAIQACodChtycF9oOmF6eDcxem9qTnFCdmJIYTlqXzdNLVE%7C%7C?hl=en,google_business_us_profile,kenyatta young,2026-05-26,5,positive,fast delivery couldn't believe it,"Vehicle Pickup, Delivery and Scheduling",Scheduled Pickup Status,Schedule/ Reschedule Pickup
rvw-000418,apps.apple.com,"Apple App Store (1566419386, us)",https://itunes.apple.com/us/review?id=1566419386&type=Purple%20Software&reviewId=14097008789,apple_us_store,&:8:!8:&:9,2026-05-23,5,positive,Great app. Very helpful,Customer Service & Communication,Agent Professionalism & Responsiveness,Helpful Support Experience
rvw-000419,apps.apple.com,"Apple App Store (1566419386, us)",https://itunes.apple.com/us/review?id=1566419386&type=Purple%20Software&reviewId=14096980639,apple_us_store,quit1234,2026-05-23,1,negative,Nearby loads. The app at the top of the screen says nearby loads. It’s showing me loads in Florida when I’m in New York. That’s not nearby.,Account / Access / Login,Password Reset & Login Troubleshooting,App Login Troubleshooting
rvw-000430,trustpilot.com,Trustpilot (openlane.com),https://www.trustpilot.com/reviews/6a10f4f59954d1a978d0a30e,trustpilot_us_slug,Trustpilot user,2026-05-22,,negative,"One of the most untrusted Auctions ever…. One of the most untrusted Auctions ever out there. They still pass vehicles as a green light, and when you get the vehicle, you will find out a loud noise in side the transmission. I mean a kid can tell that the tranny has an issue, and they pass it for a green light???. The level of dishonesty is beyond ethical business code. And that's not the only vehicle. 2 more with major issues and they pass them for a green light. I would give them NO STAR if i can. So i confronted the arbitration manager with the truth and demanded a full return of the 2 vehicles. He ended up locking my account and calling our company an unfit dealer for their business. No wounder why there is so many bad reviews out there proving they are the one who is unfit for this industry.",Customer Service & Communication,Agent Professionalism & Responsiveness,Rude/Unhelpful Support
rvw-000420,apps.apple.com,"Apple App Store (1566419386, us)",https://itunes.apple.com/us/review?id=1566419386&type=Purple%20Software&reviewId=14086387477,apple_us_store,Johnnnnnnnnnnnnnnnnnnnnnnny,2026-05-20,1,negative,Sucks. This app is sucks,Account / Access / Login,Password Reset & Login Troubleshooting,App Login Troubleshooting
rvw-000521,google.com,Google Business Profile (OPENLANE),https://www.google.com/maps/reviews/data=!4m8!14m7!1m6!2m5!1sCi9DQUlRQUNvZENodHljRjlvT2xndGEzTjNibVJZT1ZGbVRXdGxkREZ6YUY5b2FXYxAB!2m1!1s0x0:0x7af4135fd6c841d8!3m1!1s2@1:CAIQACodChtycF9oOlgta3N3bmRYOVFmTWtldDFzaF9oaWc%7C%7C?hl=en,google_business_us_profile,CHECKCASHING MART01,2026-05-18,5,positive,great auction great cx service im very happy with openlane they work with you thank you openlane team way to goooo!,Customer Service & Communication,Agent Professionalism & Responsiveness,Helpful Support Experience
rvw-000522,google.com,Google Business Profile (OPENLANE),https://www.google.com/maps/reviews/data=!4m8!14m7!1m6!2m5!1sCi9DQUlRQUNvZENodHljRjlvT2kxMFFYUnZUSFZaTWpOMk1HOWFhMVk1TmtaNVEyYxAB!2m1!1s0x0:0x82ddb1a9ae334e23!3m1!1s2@1:CAIQACodChtycF9oOi10QXRvTHVZMjN2MG9aa1Y5NkZ5Q2c%7C%7C?hl=en,google_business_us_profile,Sajjad Popal,2026-05-18,1,negative,"Terrible experience with OPENLANE. Mark The auction representative was unprofessional, unresponsive, and not helpful at all. Communication was poor, and my concerns were ignored instead of being properly addressed. The whole process felt disorganized and frustrating. I expected much better from a company like this. Definitely would not recommend.",Customer Service & Communication,Agent Professionalism & Responsiveness,Rude/Unhelpful Support
rvw-000431,trustpilot.com,Trustpilot (openlane.com),https://www.trustpilot.com/reviews/6a0790e75ebcd0752b699489,trustpilot_us_slug,Trustpilot user,2026-05-15,,negative,absolutely the worst experience ever.. I have been buying vehicles for 30 plus years. this is the worst platform I have ever used. I am the highest bidder on cars and they won't sell them to me and send me a counter offer. They should have their floor be the opening bid. I think this is a bait and switch set up and might be against the law,Membership / Licensing / Fees & Bidding Policies,"Bidding Process, Rules and Fees",Fees
rvw-000421,apps.apple.com,"Apple App Store (1566419386, us)",https://itunes.apple.com/us/review?id=1566419386&type=Purple%20Software&reviewId=14060405314,apple_us_store,Myxa5,2026-05-13,1,negative,"The notification popping up all the time saying it needs to be updated, but I did updated already,. Constantly asking me to update this application, but It’s already been updated can’t use this abnormal",Account / Access / Login,Password Reset & Login Troubleshooting,App Login Troubleshooting
rvw-000422,play.google.com,Google Play (com.openlane.mobile.carsarriveplus),https://play.google.com/store/apps/details?id=com.openlane.mobile.carsarriveplus&hl=en&gl=us,google_play_us_store,Divine Ways,2026-05-12,1,negative,"App is slow, and crashes often. I deleted and re downloaded it and it was still slow. I switched to a new phone and it still was slow and crashing.",Account / Access / Login,Password Reset & Login Troubleshooting,App Login Troubleshooting
rvw-000423,play.google.com,Google Play (com.openlane.mobile.carsarriveplus),https://play.google.com/store/apps/details?id=com.openlane.mobile.carsarriveplus&hl=en&gl=us,google_play_us_store,Inkshotz Collective,2026-05-12,1,negative,app has major issues i have purchased 3 new phones trying to get this app to function properly and it doesn't it freezes have to log in and out multiple times pics don't work when untake them I have calculated I loose 2 hours a day plus missed app times taking money out of my pocket due to this app... needs to be fixed the concept is great but performance is garbage,Account / Access / Login,Password Reset & Login Troubleshooting,App Login Troubleshooting
rvw-000523,google.com,Google Business Profile (OPENLANE),https://www.google.com/maps/reviews/data=!4m8!14m7!1m6!2m5!1sCi9DQUlRQUNvZENodHljRjlvT25GMGFYRTRaSHBKZVd4NFF6WXdlbkZPTmtGS1duYxAB!2m1!1s0x0:0x7af4135fd6c841d8!3m1!1s2@1:CAIQACodChtycF9oOnF0aXE4ZHpJeWx4QzYwenFONkFKWnc%7C%7C?hl=en,google_business_us_profile,Joseph Morrow,2026-05-11,5,positive,I am well pleased with the vehicles that I purchase from OPENLANE. My rep Matt always take care of and questions I have as well as tries to get me the best price when I’m bidding on vehicles that haven’t reached what the sellers think they should be getting. It’s always good to have a motivated rep on your side.,Membership / Licensing / Fees & Bidding Policies,"Bidding Process, Rules and Fees",How to Bid (First Time)
rvw-000524,google.com,Google Business Profile (OPENLANE),https://www.google.com/maps/reviews/data=!4m8!14m7!1m6!2m5!1sCi9DQUlRQUNvZENodHljRjlvT2tsMlF6STRSMHBxT1cxbGVqVllVRmx4U0ZGWFExRRAB!2m1!1s0x0:0x7af4135fd6c841d8!3m1!1s2@1:CAIQACodChtycF9oOkl2QzI4R0pqOW1lejVYUFlxSFFXQ1E%7C%7C?hl=en,google_business_us_profile,Chris Schnell,2026-05-11,5,positive,"Zach: is a very good sales rep with very good attention to detail traits that do well my companies, prosperity, and Open Lane, you have a good one here please don’t screw it up. Take care of this young man he’s gonna go places…","Vehicle Pickup, Delivery and Scheduling",Delivery Coordination & Handoffs,Delivery Status and ETA
rvw-000525,google.com,Google Business Profile (OPENLANE),https://www.google.com/maps/reviews/data=!4m8!14m7!1m6!2m5!1sCi9DQUlRQUNvZENodHljRjlvT2t4NFVGUlRZVmRCWm5Oa1NIcG1PR3BzVWxVeWJFRRAB!2m1!1s0x0:0x7af4135fd6c841d8!3m1!1s2@1:CAIQACodChtycF9oOkx4UFRTYVdBZnNkSHpmOGpsUlUybEE%7C%7C?hl=en,google_business_us_profile,david kaye,2026-05-07,5,positive,Purchased transportation after winning vehicle at auction. Was an oversized vehicle and there was no issues having the vehicle picked up and delivered in a timely matter.,"Vehicle Pickup, Delivery and Scheduling",Scheduled Pickup Status,Schedule/ Reschedule Pickup
rvw-000432,trustpilot.com,Trustpilot (openlane.com),https://www.trustpilot.com/reviews/69f8c6f1e9f4d3430f147ac5,trustpilot_us_slug,Trustpilot user,2026-05-04,,negative,Worst Company ever to deal with. Worst Company ever to deal with. They never give you a phone number to call. Titles are messed up and they won’t help you. Car been sitting a month waiting for delivery and keep getting the same answer. They are trying to find a driver to deliver it. I’m a dealer and we need to report this company to the BBB.,"Title, Ownership, POA and Documentation",Title Delivery & Status,Title Not Received
rvw-000424,play.google.com,Google Play (com.openlane.mobile.carsarriveplus),https://play.google.com/store/apps/details?id=com.openlane.mobile.carsarriveplus&hl=en&gl=us,google_play_us_store,John Boink,2026-05-04,1,negative,janky app can't find the loads it says it synced but no access to loads while on website they are there but can't access gatepasses through website and won't be able to find loads in the app such a stupid app,Account / Access / Login,Password Reset & Login Troubleshooting,App Login Troubleshooting
rvw-000433,trustpilot.com,Trustpilot (openlane.com),https://www.trustpilot.com/reviews/69f67c7b38663ae2fc7c7a3b,trustpilot_us_slug,Trustpilot user,2026-05-02,,positive,"Will not honer buy back when tiles are…. Will not honer buy back when tiles are 90 days plus. Do not buy from this auction, inspection reports are bogus and arbitration is a joke . Again do not sign up with this auction and if you do good luck !","Lot Condition, Listing Status and related",Third-Party Inspection Authorization & Scheduling,Previewing/ Inspecting Vehicles
rvw-000434,trustpilot.com,Trustpilot (openlane.com),https://www.trustpilot.com/reviews/69f3ad40e95d32eb4b5372ce,trustpilot_us_slug,Trustpilot user,2026-04-30,,negative,"Worst Auction I've ever dealt with. Worst Auction I've ever dealt with, meanest, rude customer service, unhelpful, and downright condescending. They don't care about fairness or making it right, its there way or the highway. DO NOT PURCHASE from Open Lane or whatever they change their name to next time. No Ethics",Customer Service & Communication,Agent Professionalism & Responsiveness,Rude/Unhelpful Support
rvw-000526,google.com,Google Business Profile (OPENLANE),https://www.google.com/maps/reviews/data=!4m8!14m7!1m6!2m5!1sCi9DQUlRQUNvZENodHljRjlvT25seVdEbFRabk4wVkhOSFRHdHlkalp1UWtKMWRuYxAB!2m1!1s0x0:0x7af4135fd6c841d8!3m1!1s2@1:CAIQACodChtycF9oOnlyWDlTZnN0VHNHTGtydjZuQkJ1dnc%7C%7C?hl=en,google_business_us_profile,Don Baumgardner,2026-04-30,5,positive,Working with Max made thing very easy for me to bid. I highly recommend and appreciate his patience and customer service service. He is a real asset to Openlane. Don Baumgardner,Customer Service & Communication,Agent Professionalism & Responsiveness,Helpful Support Experience
rvw-000527,google.com,Google Business Profile (OPENLANE),https://www.google.com/maps/reviews/data=!4m8!14m7!1m6!2m5!1sCi9DQUlRQUNvZENodHljRjlvT2xFelVFeEVlVnBrUjJ0U2JFZENhVU41YlhwdE1XYxAB!2m1!1s0x0:0x82ddb1a9ae334e23!3m1!1s2@1:CAIQACodChtycF9oOlEzUExEeVpkR2tSbEdCaUN5bXptMWc%7C%7C?hl=en,google_business_us_profile,Timothy Vescovi,2026-04-29,5,positive,"Great service, great product, gives me all the details I need and very responsive. 33 year dealer so not easy to please.","Vehicle Pickup, Delivery and Scheduling",Delivery Coordination & Handoffs,Delivery Status and ETA
rvw-000528,google.com,Google Business Profile (OPENLANE),https://www.google.com/maps/reviews/data=!4m8!14m7!1m6!2m5!1sCi9DQUlRQUNvZENodHljRjlvT2tzMlJUVndVV2hoU2xwMVlUWlZUVmh2UVd4YWRFRRAB!2m1!1s0x0:0x7af4135fd6c841d8!3m1!1s2@1:CAIQACodChtycF9oOks2RTVwUWhhSlp1YTZVTVhvQWxadEE%7C%7C?hl=en,google_business_us_profile,Nik,2026-04-28,5,positive,"Buy lots of cars from OPENLANE, customer service is good, our rep is Angela Maldonado is GREAT and she is always very responsive and professional.",Customer Service & Communication,Agent Professionalism & Responsiveness,Helpful Support Experience
rvw-000368,play.google.com,Google Play (com.nthgensoftware.traderev.android),https://play.google.com/store/apps/details?id=com.nthgensoftware.traderev.android&hl=en&gl=us,google_play_us_store,Nin Bilg,2026-04-27,1,negative,"The absolute worst app. Horrible to use...logging in is a pain...keeps sending you in loops. ""Remember Me"" function doesn't do anything. The search function is terrible and inaccurate...you can't even find cars that you know are there without playing tricks with the app. We have went from regular buying and selling to none at all because of how terrible this app is. Whoever designed this should be fired and never let near a computer again.",Account / Access / Login,Password Reset & Login Troubleshooting,App Login Troubleshooting
rvw-000369,play.google.com,Google Play (com.nthgensoftware.traderev.android),https://play.google.com/store/apps/details?id=com.nthgensoftware.traderev.android&hl=en&gl=us,google_play_us_store,Sahab,2026-04-26,1,negative,every time new update comes and gives more problems. its getting worse and worse. I don't know what they're doing with this app day by day,Account / Access / Login,Password Reset & Login Troubleshooting,App Login Troubleshooting
rvw-000425,play.google.com,Google Play (com.nthgensoftware.traderev.android),https://play.google.com/store/apps/details?id=com.nthgensoftware.traderev.android&hl=en&gl=us,google_play_us_store,Sahab,2026-04-25,1,negative,every time new update comes and gives more problems. its getting worse and worse. I don't know what they're doing with this app day by day,Account / Access / Login,Password Reset & Login Troubleshooting,App Login Troubleshooting
rvw-000370,apps.apple.com,"Apple App Store (1566419386, us)",https://itunes.apple.com/us/review?id=1566419386&type=Purple%20Software&reviewId=13995909544,apple_us_store,Srjhgffdch,2026-04-25,1,negative,Bad. It ask for password all the time it is annoying,Account / Access / Login,Password Reset & Login Troubleshooting,App Login Troubleshooting
rvw-000337,play.google.com,Google Play (com.backlotcars.backlotcars),https://play.google.com/store/apps/details?id=com.backlotcars.backlotcars&hl=en&gl=us,google_play_us_store,Scott Guell,2026-04-23,5,positive,Great app! Travis helped out a ton!,Account / Access / Login,Password Reset & Login Troubleshooting,App Login Troubleshooting
rvw-000338,apps.apple.com,"Apple App Store (6753570460, us)",https://apps.apple.com/us/app/id6753570460?see-all=reviews&platform=iphone&reviewId=13989857472,apple_us_store,josemono912,2026-04-23,1,negative,Autohawk was better. I used to use the android version of this app that was discontinued and never had this amount of issues,Account / Access / Login,Password Reset & Login Troubleshooting,App Login Troubleshooting
rvw-000529,google.com,Google Business Profile (OPENLANE),https://www.google.com/maps/reviews/data=!4m8!14m7!1m6!2m5!1sCi9DQUlRQUNvZENodHljRjlvT25oZlVVTm5TREkxVVVWQ2VIWkRWR2MzTm5jdFpFRRAB!2m1!1s0x0:0x82ddb1a9ae334e23!3m1!1s2@1:CAIQACodChtycF9oOnhfUUNnSDI1UUVCeHZDVGc3NnctZEE%7C%7C?hl=en,google_business_us_profile,bob elsisi,2026-04-22,5,positive,"Joseph was great. He helped me set up my new account and made the whole process smooth and easy. He’s a very kind and patient man, answering all of my questions with clarity and care. I really appreciate how he took the time to make sure I fully understood everything. Fantastic customer service!",Customer Service & Communication,Case Resolution Quality,Issue Resolved
rvw-000371,apps.apple.com,"Apple App Store (1566419386, us)",https://itunes.apple.com/us/review?id=1566419386&type=Purple%20Software&reviewId=13986755298,apple_us_store,Keep improving 12,2026-04-22,1,negative,Getting better. Getting worse. Freeze’s and crashes on every use. Glad I don’t have to call for BOL’s now. But Would like to know if it’s a repo without calling ahead first or accepting load first. Also because some repo companies only open certain days. Had one that only lets you pickup one day a week.,Account / Access / Login,Password Reset & Login Troubleshooting,App Login Troubleshooting
rvw-000530,google.com,Google Business Profile (OPENLANE),https://www.google.com/maps/reviews/data=!4m8!14m7!1m6!2m5!1sCi9DQUlRQUNvZENodHljRjlvT2pSa2VuRXdOSGRsTkUxYWVHaEpkVFZIUkVjMGJGRRAB!2m1!1s0x0:0x7af4135fd6c841d8!3m1!1s2@1:CAIQACodChtycF9oOjRkenEwNHdlNE1aeGhJdTVHREc0bFE%7C%7C?hl=en,google_business_us_profile,M Martin,2026-04-21,1,negative,After buying hundreds of cars through open Lane they ended up scamming Me by demanding a better title than the one I sent in. This was about 3 weeks after they had already received the title and paid me I guess it was not legible for the out of State DMV to accept it. I tried to do a duplicate title and they wouldn't take that so they made me get a new title which I promptly acted on once I got the new title they Unwound the deal because it was 45 days with no title which is not true because they already had the title they just didn't like the one they had and they could have asked for a new title much sooner. So anyway I will never be doing business with them again I sold a $500 car they charged me back $860 making me pay for the shipping on the way back this was a complete scam I would have rather forfeit it to 500 dollars and not have to deal with this mess and pay for shipping,Membership / Licensing / Fees & Bidding Policies,"Bidding Process, Rules and Fees",Fees
rvw-000531,google.com,Google Business Profile (OPENLANE),https://www.google.com/maps/reviews/data=!4m8!14m7!1m6!2m5!1sCi9DQUlRQUNvZENodHljRjlvT2poMGJsaGlaSEZsU21FNFNIUmtaMFJzZDFkb00zYxAB!2m1!1s0x0:0x7af4135fd6c841d8!3m1!1s2@1:CAIQACodChtycF9oOjh0blhiZHFlSmE4SHRkZ0Rsd1doM3c%7C%7C?hl=en,google_business_us_profile,Phillip Dres,2026-04-21,5,positive,Abraham has been amazing! He is so helpful and kind and has endless patience for all my questions. He is the reason we buy here!,Customer Service & Communication,Agent Professionalism & Responsiveness,Helpful Support Experience
rvw-000435,bbb.org,BBB Customer Reviews,https://www.bbb.org/us/in/carmel/profile/car-dealers/openlane-inc-0382-90024496/customer-reviews#review-1,bbb_us_business,Jimmy S,2026-04-21,1,negative,Scheduled an inspection through my car company and the inspector didn't show. I missed work and stuck around waiting for nothing.,"Lot Condition, Listing Status and related",Third-Party Inspection Authorization & Scheduling,Previewing/ Inspecting Vehicles
rvw-000532,google.com,Google Business Profile (OPENLANE),https://www.google.com/maps/reviews/data=!4m8!14m7!1m6!2m5!1sCi9DQUlRQUNvZENodHljRjlvT2pCQ2MwVjNhMVJaUm1SeVNEWnNXakpLUWxSemJtYxAB!2m1!1s0x0:0x7af4135fd6c841d8!3m1!1s2@1:CAIQACodChtycF9oOjBCc0V3a1RZRmRySDZsWjJKQlRzbmc%7C%7C?hl=en,google_business_us_profile,Mujeeb Afridi,2026-04-20,5,positive,"Fast delivery, easy to communicate with the driver.",Customer Service & Communication,Agent Professionalism & Responsiveness,Helpful Support Experience
rvw-000533,google.com,Google Business Profile (OPENLANE),https://www.google.com/maps/reviews/data=!4m8!14m7!1m6!2m5!1sCi9DQUlRQUNvZENodHljRjlvT2xkaVYyZHNNMVZWUkZvNWRIQTJiamhNTlRoMFNsRRAB!2m1!1s0x0:0x7af4135fd6c841d8!3m1!1s2@1:CAIQACodChtycF9oOldiV2dsM1VVRFo5dHA2bjhMNTh0SlE%7C%7C?hl=en,google_business_us_profile,saleh diab,2026-04-20,5,positive,"We’ve had an excellent experience with Openlane and truly appreciate the convenience it provides in connecting buyers and sellers. Our dealer representative, Yunni Alvarez, consistently goes above and beyond to support our needs, and the entire Openlane team delivers outstanding customer service! Thank you from the Diab family!",Customer Service & Communication,Agent Professionalism & Responsiveness,Helpful Support Experience
rvw-000339,play.google.com,Google Play (com.nthgensoftware.traderev.android),https://play.google.com/store/apps/details?id=com.nthgensoftware.traderev.android&hl=en&gl=us,google_play_us_store,Erik Blaney,2026-04-19,1,negative,Slow Slow and Slow- super glitchy update,Account / Access / Login,Password Reset & Login Troubleshooting,App Login Troubleshooting
rvw-000512,apps.apple.com,"Apple App Store (1175036411, us)",https://itunes.apple.com/us/review?id=1175036411&type=Purple%20Software&reviewId=13973287476,apple_us_store,Syed0755,2026-04-18,1,negative,Not anymore wholesale marketplace. From December 2025 they have hired extra staff to sign up excessive buyers. So how it used to be not anymore. Most of the time big dealers pay retail price to acquire inventory. They are trying to favor sellers the most to generate more revenue of the company.,Customer Service & Communication,Agent Professionalism & Responsiveness,Rude/Unhelpful Support
rvw-000534,google.com,Google Business Profile (OPENLANE),https://www.google.com/maps/reviews/data=!4m8!14m7!1m6!2m5!1sCi9DQUlRQUNvZENodHljRjlvT2t0blJUTjBZV3RUYlcxdloyWTNRWHBLWkZkdk0yYxAB!2m1!1s0x0:0x7af4135fd6c841d8!3m1!1s2@1:CAIQACodChtycF9oOktnRTN0YWtTbW1vZ2Y3QXpKZFdvM2c%7C%7C?hl=en,google_business_us_profile,chris k,2026-04-17,5,positive,Angela Maldonado's customer service really stands out on the openlane platform. She is one of the few people on the platform that actually listens to you and cares about her dealers. If the rest of the platform adopted her behavior and values..it would be very refreshing. Thank you for being there Angela!!,Customer Service & Communication,Agent Professionalism & Responsiveness,Helpful Support Experience
rvw-000535,google.com,Google Business Profile (OPENLANE),https://www.google.com/maps/reviews/data=!4m8!14m7!1m6!2m5!1sCi9DQUlRQUNvZENodHljRjlvT2t3MlgwNWllbkJ1VVV0TFVGTXdka3BzUW1oSlkwRRAB!2m1!1s0x0:0x7af4135fd6c841d8!3m1!1s2@1:CAIQACodChtycF9oOkw2X05ienBuUUtLUFMwdkpsQmhJY0E%7C%7C?hl=en,google_business_us_profile,michael barber,2026-04-17,5,positive,"Angela Maldonado at OpenLane is a rockstar! Very Professional, and goes above and beyond.",Customer Service & Communication,Agent Professionalism & Responsiveness,Helpful Support Experience
rvw-000536,google.com,Google Business Profile (OPENLANE),https://www.google.com/maps/reviews/data=!4m8!14m7!1m6!2m5!1sCi9DQUlRQUNvZENodHljRjlvT2s1clVXVnlZVlE1T0dnM2MyNVdTM2t4VlZGdlNVRRAB!2m1!1s0x0:0x7af4135fd6c841d8!3m1!1s2@1:CAIQACodChtycF9oOk5rUWVyYVQ5OGg3c25WS3kxVVFvSUE%7C%7C?hl=en,google_business_us_profile,CARS AVENUE,2026-04-17,5,positive,"Angela Maldonado is a kind and honest person who consistently delivers outstanding customer service. Her communication is clear and professional, and she always treats others with respect. She answers calls promptly, explains things clearly, and resolves issues quickly and efficiently. Thank you, Angela",Customer Service & Communication,Agent Professionalism & Responsiveness,Helpful Support Experience
rvw-000537,google.com,Google Business Profile (OPENLANE),https://www.google.com/maps/reviews/data=!4m8!14m7!1m6!2m5!1sCi9DQUlRQUNvZENodHljRjlvT21wYWVYTlNabEp5VkRaaGVYVmZabk55UWpkWFNIYxAB!2m1!1s0x0:0x82ddb1a9ae334e23!3m1!1s2@1:CAIQACodChtycF9oOmpaeXNSZlJyVDZheXVfZnNyQjdXSHc%7C%7C?hl=en,google_business_us_profile,Mike Barber,2026-04-17,5,positive,"In the automotive industry, you rarely come across someone as dedicated and sharp as Angela Maldonado. Working with her at OPENLANE has completely changed my workflow. She doesn't just 'do her job'—she masters it. Her attention to detail, lightning-fast communication, and genuine commitment to helping my business succeed are second to none. If every representative had Angela’s work ethic, the industry would be in a much better place. Five stars isn't enough",Customer Service & Communication,Agent Professionalism & Responsiveness,Helpful Support Experience
rvw-000340,play.google.com,Google Play (com.openlane.mobile.carsarriveplus),https://play.google.com/store/apps/details?id=com.openlane.mobile.carsarriveplus&hl=en&gl=us,google_play_us_store,kegan palozola,2026-04-15,1,negative,"lags, won't load, annoying process to log in, glitchs terribly. Wish my company didn't use it.",Account / Access / Login,Password Reset & Login Troubleshooting,App Login Troubleshooting
rvw-000538,google.com,Google Business Profile (OPENLANE),https://www.google.com/maps/reviews/data=!4m8!14m7!1m6!2m5!1sCi9DQUlRQUNvZENodHljRjlvT2pscE1rVjZWa1k1T1hZdE1WcFdaM2xtVVcwNFJrRRAB!2m1!1s0x0:0x7af4135fd6c841d8!3m1!1s2@1:CAIQACodChtycF9oOjlpMkV6VkY5OXYtMVpWZ3lmUW04RkE%7C%7C?hl=en,google_business_us_profile,Ferhat Belli,2026-04-15,5,positive,"Excellent customer service. Mabel is very helpful and attentive, thanks for your quick responses and solutions Mabel !",Customer Service & Communication,Support Access & Response Time,Quick Support Response
rvw-000341,play.google.com,Google Play (com.openlane.mobile.carsarriveplus),https://play.google.com/store/apps/details?id=com.openlane.mobile.carsarriveplus&hl=en&gl=us,google_play_us_store,Lay,2026-04-14,1,negative,"app functionality is terrible , constantly freezing and logging you out , makes transporters jobs harder",Account / Access / Login,Password Reset & Login Troubleshooting,App Login Troubleshooting
rvw-000436,trustpilot.com,Trustpilot (openlane.com),https://www.trustpilot.com/reviews/69dd84560b96f52b9e362892,trustpilot_us_slug,Trustpilot user,2026-04-13,,negative,"A Few Reasons I will be searching for…. A Few Reasons I will be searching for another platform. 1) Numerous times after purchasing a vehicle I arrived at said location and vehicle is not there. Had to travel to another destination to get it. 2) Purchased a vehicle and when arrived to pick it up I was told it was sold and they no longer have it. The ""sorry"" I was told from Openlane and $200 did not compensate the 4 hour roundtrip drive, wasted my day and my drivers day, made my customer very unhappy, and the potential business I could have accomplished had I been at work. 3) Their ""As Described Guarantee"" doesn't cover unannounced prior paint, check engine lights, blowed out tire, dead battery, oil leaks of any kind, any electrical malfunctions, missing trim pieces, im sorry but what does it cover ? Instead of honoring their warranty they say ""in good faith here's $500 credit"" which that will cover a battery and a tire and i still have to track down oil leak, have entire vehicle sanded and clear coated, check engine light checked out, low coolant light checked, traction control light checked, air suspension is shot doesnt work at all but hey heres $500 to help with the $5000 undisclosed misrepresented vehicle we scammed you into buying by saying trust our ""as described guarantee"". No more purchases from this guy. Cant afford to lose my a$$ like this again.","Lot Condition, Listing Status and related",Lot Condition Reporting,Lot Damage
rvw-000342,play.google.com,Google Play (com.openlane.mobile.carsarriveplus),https://play.google.com/store/apps/details?id=com.openlane.mobile.carsarriveplus&hl=en&gl=us,google_play_us_store,Tom Pryor,2026-04-10,1,negative,worst app I have used,Account / Access / Login,Password Reset & Login Troubleshooting,App Login Troubleshooting
rvw-000343,play.google.com,Google Play (com.openlane.mobile.carsarriveplus),https://play.google.com/store/apps/details?id=com.openlane.mobile.carsarriveplus&hl=en&gl=us,google_play_us_store,Michael Polk,2026-04-09,2,negative,app crashes entirely too much,Account / Access / Login,Password Reset & Login Troubleshooting,App Login Troubleshooting
rvw-000372,play.google.com,Google Play (com.openlane.mobile.carsarriveplus),https://play.google.com/store/apps/details?id=com.openlane.mobile.carsarriveplus&hl=en&gl=us,google_play_us_store,Roman C,2026-04-09,1,negative,App freezes all the time. Most times it will not load. please fix it,Account / Access / Login,Password Reset & Login Troubleshooting,App Login Troubleshooting
rvw-000437,bbb.org,BBB Complaints,http://www.bbb.org/us/in/carmel/profile/car-dealers/openlane-inc-0382-90024496/complaints#0382_90024496_24732482,bbb_us_business,BBB complainant,2026-04-09,1,negative,"Sales and Advertising Issues complaint (Answered). I am filing this complaint against OPENLANE regarding a vehicle purchase that has not been fulfilled and a complete lack of communication from their team.On December 9, 2025, I purchased a 2011 GMC REMOVED 1500 through OPENLANE (Order #E313302). Full payment in the amount of $1,470 was completed on December 19, 2025.The vehicle was listed for pickup at REMOVED Of REMOVED. However, for over three months, we have been unable to retrieve the vehicle. The car has not been made available for pickup, and there has been no clear explanation as to its location or status.Additionally, our assigned OPENLANE account representative has been completely unresponsive despite multiple attempts to contact them. There has been a clear lack of communication and failure to provide support or resolution.This situation is unacceptable. A paid vehicle should not be missing or unavailable for this length of time, and the lack of response from OPENLANE only makes the situation worse.",Customer Service & Communication,Agent Professionalism & Responsiveness,Rude/Unhelpful Support
rvw-000344,play.google.com,Google Play (com.openlane.mobile.carsarriveplus),https://play.google.com/store/apps/details?id=com.openlane.mobile.carsarriveplus&hl=en&gl=us,google_play_us_store,Roman C,2026-04-08,1,negative,App freezes all the time. Most times it will not load. please fix it,Account / Access / Login,Password Reset & Login Troubleshooting,App Login Troubleshooting
rvw-000345,play.google.com,Google Play (com.openlane.mobile.carsarriveplus),https://play.google.com/store/apps/details?id=com.openlane.mobile.carsarriveplus&hl=en&gl=us,google_play_us_store,Charlie Davis,2026-04-08,1,negative,don't like the app nothing but problems. constantly freezing up while taking the pictures and keeps being hard to get into.,Account / Access / Login,Password Reset & Login Troubleshooting,App Login Troubleshooting
rvw-000346,play.google.com,Google Play (com.openlane.mobile.carsarriveplus),https://play.google.com/store/apps/details?id=com.openlane.mobile.carsarriveplus&hl=ru&gl=us,google_play_us_store,Nugo Tapie,2026-04-08,1,negative,"Terrible app. It works with constant lag, awkward software, and constant problems when logging into your account. Take a cue from Super Dispatch",Account / Access / Login,Password Reset & Login Troubleshooting,App Login Troubleshooting
rvw-000347,play.google.com,Google Play (com.openlane.mobile.carsarriveplus),https://play.google.com/store/apps/details?id=com.openlane.mobile.carsarriveplus&hl=en&gl=us,google_play_us_store,Walter Temples,2026-04-06,1,negative,needs a lot of work. continuously freezing up and taking too much time to do inspections.,"Lot Condition, Listing Status and related",Third-Party Inspection Authorization & Scheduling,Previewing/ Inspecting Vehicles
rvw-000373,play.google.com,Google Play (com.nthgensoftware.traderev.android),https://play.google.com/store/apps/details?id=com.nthgensoftware.traderev.android&hl=en&gl=us,google_play_us_store,Sergio Silva,2026-04-04,1,negative,"Update 2026-04-03: Keep pushing the users away! One more reason to use eblock. Another update/revamp, another feature gone. Can no longer share vehicle info with customers unless one pays another $699/month subscription. Update 2023-06-27: Perhaps not surprising, corporate greed strikes again. Market research, which was a great feature of the Traderev app, is now a $149/month ""service"" on top of the usual buy/sell fees. Way to go Adesa!",Membership / Licensing / Fees & Bidding Policies,"Bidding Process, Rules and Fees",Fees
rvw-000348,play.google.com,Google Play (com.nthgensoftware.traderev.android),https://play.google.com/store/apps/details?id=com.nthgensoftware.traderev.android&hl=en&gl=us,google_play_us_store,Sergio Silva,2026-04-03,1,negative,"Update 2026-04-03: Keep pushing the users away! One more reason to use eblock. Another update/revamp, another feature gone. Can no longer share vehicle info with customers unless one pays another $699/month subscription. Update 2023-06-27: Perhaps not surprising, corporate greed strikes again. Market research, which was a great feature of the Traderev app, is now a $149/month ""service"" on top of the usual buy/sell fees. Way to go Adesa!",Membership / Licensing / Fees & Bidding Policies,"Bidding Process, Rules and Fees",Fees
rvw-000349,play.google.com,Google Play (com.openlane.mobile.carsarriveplus),https://play.google.com/store/apps/details?id=com.openlane.mobile.carsarriveplus&hl=en&gl=us,google_play_us_store,Bryan Albayeros,2026-04-03,1,negative,bad app! i have to sig in every day,Account / Access / Login,Password Reset & Login Troubleshooting,App Login Troubleshooting
rvw-000539,google.com,Google Business Profile (OPENLANE),https://www.google.com/maps/reviews/data=!4m8!14m7!1m6!2m5!1sCi9DQUlRQUNvZENodHljRjlvT2tkU05WTlRaVE5JYjNwcGFUVk5ZMHhPT1hKZlpXYxAB!2m1!1s0x0:0x7af4135fd6c841d8!3m1!1s2@1:CAIQACodChtycF9oOkdSNVNTZTNIb3ppaTVNY0xOOXJfZWc%7C%7C?hl=en,google_business_us_profile,Max Evans,2026-04-03,5,positive,"These 5 stars are all for my rep Shey. She has helped me in ways. I can't even tell you As far as buying, helping me to buy and transportation issues, the transporters leave a lot to be desired. And Shay helps me work the way through it. She is 5 stars or more.","Vehicle Pickup, Delivery and Scheduling",Scheduled Pickup Status,Schedule/ Reschedule Pickup
rvw-000350,play.google.com,Google Play (com.openlane.mobile.carsarriveplus),https://play.google.com/store/apps/details?id=com.openlane.mobile.carsarriveplus&hl=en&gl=us,google_play_us_store,TOW-INCDIRECT,2026-04-02,5,positive,great app easy access pretty straightforward..,Account / Access / Login,Password Reset & Login Troubleshooting,App Login Troubleshooting
rvw-000769,play.google.com,Google Play (com.openlane.mobile.carsarriveplus),https://play.google.com/store/apps/details?id=com.openlane.mobile.carsarriveplus&hl=en&gl=us,google_play_us_store,TOW-INCDIRECT Direct,2026-04-02,5,positive,great app easy access pretty straightforward..,Account / Access / Login,Password Reset & Login Troubleshooting,App Login Troubleshooting
rvw-000540,google.com,Google Business Profile (OPENLANE),https://www.google.com/maps/reviews/data=!4m8!14m7!1m6!2m5!1sCi9DQUlRQUNvZENodHljRjlvT21aR2RrUmlhSEpOZFU1ck5sQjJkazlWUVVsd1VYYxAB!2m1!1s0x0:0x7af4135fd6c841d8!3m1!1s2@1:CAIQACodChtycF9oOmZGdkRiaHJNdU5rNlB2dk9VQUlwUXc%7C%7C?hl=en,google_business_us_profile,Michael Younathan,2026-04-02,5,positive,"I’ve had the pleasure of working with my auction rep, Shey. I can’t say enough good things. She’s always incredibly responsive and helpful. Every interaction has been smooth, and I’m genuinely pleased to collaborate with her. Highly recommend! Thank you, Shey, from all of us at Devine!",Customer Service & Communication,Agent Professionalism & Responsiveness,Helpful Support Experience
rvw-000541,google.com,Google Business Profile (OPENLANE),https://www.google.com/maps/reviews/data=!4m8!14m7!1m6!2m5!1sCi9DQUlRQUNvZENodHljRjlvT2xkR2RrMWpUREpOZVhOR1ZrZDViVEJzZVZGTU5XYxAB!2m1!1s0x0:0x7af4135fd6c841d8!3m1!1s2@1:CAIQACodChtycF9oOldGdk1jTDJNeXNGVkd5bTBseVFMNWc%7C%7C?hl=en,google_business_us_profile,Brandon Hillard,2026-04-01,1,negative,Absolutely TRASH buy a car with the as described price comes with trans issue have to take it to a dealership pay $300 diag fee they take a $300 arb fee(OPENLANE) and want to give me like $600 bucks back plus all the other issues the car has with the as described price won’t buy a dang thing from them again they are for the seller not the buyer TRASH,Membership / Licensing / Fees & Bidding Policies,"Bidding Process, Rules and Fees",Fees
rvw-000542,google.com,Google Business Profile (OPENLANE),https://www.google.com/maps/reviews/data=!4m8!14m7!1m6!2m5!1sCi9DQUlRQUNvZENodHljRjlvT2s1bk5sZGFUVTAyVmtSRVpGWlJNblZIWjBGQ2JHYxAB!2m1!1s0x0:0x7af4135fd6c841d8!3m1!1s2@1:CAIQACodChtycF9oOk5nNldaTU02VkREZFZRMnVHZ0FCbGc%7C%7C?hl=en,google_business_us_profile,Rokhan Momand,2026-03-31,5,positive,The driver was professional. He took Akbar care of my car park the car in front of my office as per direction and drop the key safely and dropbox,Customer Service & Communication,Agent Professionalism & Responsiveness,Helpful Support Experience
rvw-000001,trustpilot.com,Trustpilot (openlane.com),https://www.trustpilot.com/reviews/69cab5f9745c84e1f851508c,trustpilot_us_slug,BP,2026-03-30,1,negative,"They are denying our application…. They are denying our application because former dealer on same address had some issue with them!! bad customer service , no explanation at all and rude!!",Customer Service & Communication,Agent Professionalism & Responsiveness,Rude/Unhelpful Support
rvw-000438,trustpilot.com,Trustpilot (openlane.com),https://www.trustpilot.com/reviews/69cab5f9745c84e1f851508c,trustpilot_us_slug,Trustpilot user,2026-03-30,,negative,"They are denying our application…. They are denying our application because former dealer on same address had some issue with them!! bad customer service , no explanation at all and rude!!",Customer Service & Communication,Agent Professionalism & Responsiveness,Rude/Unhelpful Support
rvw-000002,apps.apple.com,"Apple App Store (1566419386, us)",https://itunes.apple.com/us/review?id=1566419386&type=Purple%20Software&reviewId=13904699397,apple_us_store,Mustirotary,2026-03-30,1,negative,Really bad. You guys updated and all things dosen’t work my driver he has to enter the password again every time.,Account / Access / Login,Password Reset & Login Troubleshooting,App Login Troubleshooting
rvw-000543,google.com,Google Business Profile (OPENLANE),https://www.google.com/maps/reviews/data=!4m8!14m7!1m6!2m5!1sCi9DQUlRQUNvZENodHljRjlvT21vM2FrRnhPRTloVUZoNVRrSjRRa1ZQYkhaWFNFRRAB!2m1!1s0x0:0x7af4135fd6c841d8!3m1!1s2@1:CAIQACodChtycF9oOmo3akFxOE9hUFh5TkJ4QkVPbHZXSEE%7C%7C?hl=en,google_business_us_profile,MICHAEL BALLOS,2026-03-29,5,positive,"Love this auction. The support team is spot on, very attentive to me needs. The transportation services are very fast and efficient.",Customer Service & Communication,Agent Professionalism & Responsiveness,Helpful Support Experience
rvw-000544,google.com,Google Business Profile (OPENLANE),https://www.google.com/maps/reviews/data=!4m8!14m7!1m6!2m5!1sCi9DQUlRQUNvZENodHljRjlvT2toTVkxVkpTRWx2TWtGdVYwUkhhVEk1T1c5bmRrRRAB!2m1!1s0x0:0x7af4135fd6c841d8!3m1!1s2@1:CAIQACodChtycF9oOkhMY1VJSElvMkFuV0RHaTI5OW9ndkE%7C%7C?hl=en,google_business_us_profile,Sean Downey,2026-03-27,5,positive,"OPENLANE has been incredible to work with. My business has had nothing but amazing interactions and experiences with Denise Mann and her team. Communication, strong $$$ and fast responses for on sight inspections. They clearly are very organized and I am looking forward to the future together!",Customer Service & Communication,Support Access & Response Time,Quick Support Response
rvw-000003,play.google.com,Google Play (com.openlane.mobile.carsarriveplus),https://play.google.com/store/apps/details?id=com.openlane.mobile.carsarriveplus&hl=en&gl=us,google_play_us_store,"Bvn Enterprises, llc",2026-03-24,1,negative,the app keeps getting stuck on fetching loads screen with the only go around being uninstall to reinstall. Doing an inspection takes longer than necessary.,"Lot Condition, Listing Status and related",Third-Party Inspection Authorization & Scheduling,Previewing/ Inspecting Vehicles
rvw-000545,google.com,Google Business Profile (OPENLANE),https://www.google.com/maps/reviews/data=!4m8!14m7!1m6!2m5!1sCi9DQUlRQUNvZENodHljRjlvT25NelVucFVNVkEzTjBWTFJXNHlZVVZwVGprNFowRRAB!2m1!1s0x0:0x7af4135fd6c841d8!3m1!1s2@1:CAIQACodChtycF9oOnMzUnpUMVA3N0VLRW4yYUVpTjk4Z0E%7C%7C?hl=en,google_business_us_profile,Chris Larsen,2026-03-24,5,positive,"Openlane is a fantastic way for dealers and wholesalers to buy and sell inventory. I’ve been using them for over a year now and I am impressed with the overall quality of the platform. More than that, my account rep., Shey Machado is AWESOME! She is professional and personable and is always ready to help. I would highly recommend both the Openlane platform and my account representative, Shey!",Customer Service & Communication,Agent Professionalism & Responsiveness,Helpful Support Experience
rvw-000004,apps.apple.com,"Apple App Store (1566419386, us)",https://itunes.apple.com/us/review?id=1566419386&type=Purple%20Software&reviewId=13882169321,apple_us_store,Chainslingerr,2026-03-24,1,negative,Fix the problems. The app is trash everytime i open it there’s another new problem that has occurred yall need to fix the issues thats what yall get paid to do not create new ones,Account / Access / Login,Password Reset & Login Troubleshooting,App Login Troubleshooting
rvw-000005,trustpilot.com,Trustpilot (openlane.com),https://www.trustpilot.com/reviews/69c1b306f7cb6b04721276cd,trustpilot_us_slug,P&C Auto,2026-03-23,1,negative,I have the same problem as everyone on…. I have the same problem as everyone on here. I have bought several cars on their online platform. We just bout a Ram 2500 truck with a 5.0 Condition grade and it said the frame had a green check mark and guaranteed to be as described. The truck is eat up with rust and someone covered it up with spray paint. You can hit the bed and see the rust fall out from underneath. We tried to arbitrate with no luck. They said unless it has holes in the frame it was not covered. We will definitely not buy another car from them,"Lot Condition, Listing Status and related",Lot Condition Reporting,Lot Damage
rvw-000006,play.google.com,Google Play (com.openlane.mobile.carsarriveplus),https://play.google.com/store/apps/details?id=com.openlane.mobile.carsarriveplus&hl=en&gl=us,google_play_us_store,Jason Robbins,2026-03-23,1,negative,All it does is says fetching for loads. It's been doing it for almost thirty minutes,Account / Access / Login,Password Reset & Login Troubleshooting,App Login Troubleshooting
rvw-000546,google.com,Google Business Profile (OPENLANE),https://www.google.com/maps/reviews/data=!4m8!14m7!1m6!2m5!1sCi9DQUlRQUNvZENodHljRjlvT2xkM1ZFZG1jMDB0TjFaNFltdHBXbVJ3YUdoWmRIYxAB!2m1!1s0x0:0x7af4135fd6c841d8!3m1!1s2@1:CAIQACodChtycF9oOld3VEdmc00tN1Z4YmtpWmRwaGhZdHc%7C%7C?hl=en,google_business_us_profile,Brent Shocklee,2026-03-23,1,negative,"First off, I have bought hundreds of vehicles off of this platform. I currently am not satisfied with all of the headaches I’ve encountered. We recently had a reckless transportation company crash a vehicle off of their trailer causing nearly $4,000 in damages. The vehicle was immobilized and required a tow to a collision center. The driver was cited by local law enforcement for this. We submitted all of the information to the claims department with cars arrive as they requested. I was under the impression this issue would be resolved in a timely manner. We need this unit repaired so we can sell it. I have not received any compensation for this nor have I been able to get any real answers. Additionally, we lost out on our as described guarantee of major components due to the vehicle being inoperable now. Very bad experiences all around.","Lot Condition, Listing Status and related",Lot Condition Reporting,Lot Damage
rvw-000374,play.google.com,Google Play (com.openlane.mobile.carsarriveplus),https://play.google.com/store/apps/details?id=com.openlane.mobile.carsarriveplus&hl=en&gl=us,google_play_us_store,Adam Ford,2026-03-22,1,negative,This app crashes and constantly logs you out...absolutely ridiculous,Account / Access / Login,Password Reset & Login Troubleshooting,App Login Troubleshooting
rvw-000007,play.google.com,Google Play (com.openlane.mobile.carsarriveplus),https://play.google.com/store/apps/details?id=com.openlane.mobile.carsarriveplus&hl=en&gl=us,google_play_us_store,Adam Ford,2026-03-21,1,negative,This app crashes and constantly logs you out...absolutely ridiculous,Account / Access / Login,Password Reset & Login Troubleshooting,App Login Troubleshooting
rvw-000008,play.google.com,Google Play (com.openlane.mobile.carsarriveplus),https://play.google.com/store/apps/details?id=com.openlane.mobile.carsarriveplus&hl=en&gl=us,google_play_us_store,Ryan Gravelle,2026-03-21,1,negative,crash jam glitch over and over cant add self dispatch drives. aka managers/admins junk app. fix it already..,Customer Service & Communication,Agent Professionalism & Responsiveness,Rude/Unhelpful Support
rvw-000009,play.google.com,Google Play (com.openlane.mobile.carsarriveplus),https://play.google.com/store/apps/details?id=com.openlane.mobile.carsarriveplus&hl=en&gl=us,google_play_us_store,Darle-Ray Moore,2026-03-20,1,negative,"Sequences out of order. When walking up to a unit, key in hand. Confirm serial number, take pictures, then inside check list. NOT manually enter odometer, get out of unit to take pictures only to get back in unit to take another picture of odometer. Get out of the office and talk to REAL drivers or haulers. Not the guy in the office that hasn't done it in 30 years. (Nearby Loads) I don't need that. My TM and/or I can't turn it off",Account / Access / Login,Password Reset & Login Troubleshooting,App Login Troubleshooting
rvw-000010,play.google.com,Google Play (com.openlane.mobile.carsarriveplus),https://play.google.com/store/apps/details?id=com.openlane.mobile.carsarriveplus&hl=en&gl=us,google_play_us_store,Timothy Amberger,2026-03-20,1,negative,app is almost useless. can't log on without having to reinstall. doesn't scan small GM QR codes. constantly freezing up,Account / Access / Login,Password Reset & Login Troubleshooting,App Login Troubleshooting
rvw-000547,google.com,Google Business Profile (OPENLANE),https://www.google.com/maps/reviews/data=!4m8!14m7!1m6!2m5!1sCi9DQUlRQUNvZENodHljRjlvT21kQmFFOXdSVUZ2WW10VmMxRkNiemRxWmtReVRYYxAB!2m1!1s0x0:0x7af4135fd6c841d8!3m1!1s2@1:CAIQACodChtycF9oOmdBaE9wRUFvYmtVc1FCbzdqZkQyTXc%7C%7C?hl=en,google_business_us_profile,Frank Frank,2026-03-20,5,positive,Favorite spot to buy cars especially with Denise Mann amazing rep to work with always helping out always pumping up the sales I’m glad to have her as my rep she makes my bad days into good days lol open lane is very lucky to have her on there team thank you Denise Mann keep up the great work.,Customer Service & Communication,Agent Professionalism & Responsiveness,Helpful Support Experience
rvw-000011,apps.apple.com,"Apple App Store (1566419386, us)",https://itunes.apple.com/us/review?id=1566419386&type=Purple%20Software&reviewId=13867642123,apple_us_store,Jeremiah Shamberger,2026-03-20,1,negative,Slow and lags. The app is slow and lags a lot of the time. Taking pictures during pick up makes sense but at the delivery it should give the option to say car is in the same condition as pick up or add a new picture if need be. Very time consuming taking all those pictures.,Account / Access / Login,Password Reset & Login Troubleshooting,App Login Troubleshooting
rvw-000012,play.google.com,Google Play (com.openlane.mobile.carsarriveplus),https://play.google.com/store/apps/details?id=com.openlane.mobile.carsarriveplus&hl=en&gl=us,google_play_us_store,sergiy nadal,2026-03-19,1,negative,Glitches all the time!!! unable to work at all!!!,Account / Access / Login,Password Reset & Login Troubleshooting,App Login Troubleshooting
rvw-000013,apps.apple.com,"Apple App Store (1566419386, us)",https://itunes.apple.com/us/review?id=1566419386&type=Purple%20Software&reviewId=13866440339,apple_us_store,OrehRaff,2026-03-19,2,negative,So dumb.. It has stopped working across multiple devices. Now my colleagues and I have to log back in a hundred times a day just to do our jobs and earn a living. Thanks for completely ruining the app.,Account / Access / Login,Password Reset & Login Troubleshooting,App Login Troubleshooting
rvw-000014,apps.apple.com,"Apple App Store (1566419386, us)",https://itunes.apple.com/us/review?id=1566419386&type=Purple%20Software&reviewId=13864324880,apple_us_store,Fastronaught,2026-03-19,1,negative,"Unfriendly. This app is very restrictive for the user. Pictures are forced sizes, I need to stand out in the middle of the road to fit a car in it. If you have a car by itself in the middle of a vacant parking lot you'd be ok, but not with any traffic or real life situations (bushes, walls, other cars, guardrails) It constantly closes out and makes you sign back in again time and time again. You can't just leave it running in the background and pull it up easily to retrieve a contact number to call while operating your truck. If you lose signal bc you're in a remote area the gps location to retrieve the release slip won't come up The order in which you must take photos during inspection makes you get in and out of the vehicle multiple times which adds time to each car delivered/picked up and if it's inop needing to jump the vehicle multiple times if it can't stay running Also the load board of vehicles assigned becomes confusing due to a slide scroll lists rather than a typical listed view. It shows me potential pickups I would never get rather than the ones already assigned.",Customer Service & Communication,Agent Professionalism & Responsiveness,Rude/Unhelpful Support
rvw-000351,apps.apple.com,"Apple App Store (1566419386, us)",https://apps.apple.com/us/app/id1566419386?see-all=reviews&platform=iphone&reviewId=13864324880,apple_us_store,Fastronaught,2026-03-19,1,negative,"Unfriendly. This app is very restrictive for the user. Pictures are forced sizes, I need to stand out in the middle of the road to fit a car in it. If you have a car by itself in the middle of a vacant parking lot you'd be ok, but not with any traffic or real life situations (bushes, walls, other cars, guardrails) It constantly closes out and makes you sign back in again time and time again. You can't just leave it running in the background and pull it up easily to retrieve a contact number to call while operating your truck. If you lose signal bc you're in a remote area the gps location to retrieve the release slip won't come up The order in which you must take photos during inspection makes you get in and out of the vehicle multiple times which adds time to each car delivered/picked up and if it's inop needing to jump the vehicle multiple times if it can't stay running Also the load board of vehicles assigned becomes confusing due to a slide scroll lists rather than a typical listed view. It shows me potential pickups I would never get rather than the ones already assigned",Customer Service & Communication,Agent Professionalism & Responsiveness,Rude/Unhelpful Support
rvw-000803,apps.apple.com,"Apple App Store (1566419386, us)",https://apps.apple.com/us/app/id1566419386?see-all=reviews&platform=iphone&reviewId=13864324880,apple_us_store,Fastronaught,2026-03-19,1,negative,Unfriendly. We apologize for any frustrations you are experiencing with the CarsArrive+ App. We will forward your feedback to our development team to assess,Customer Service & Communication,Agent Professionalism & Responsiveness,Rude/Unhelpful Support
rvw-000015,trustpilot.com,Trustpilot (openlane.com),https://www.trustpilot.com/reviews/69bae914bd8c26ac0a7c73a1,trustpilot_us_slug,Citybudowa Sp. z o.o.,2026-03-18,1,negative,"swindlers. Don't buy any car under any circumstances; 90% of them are painted and technically faulty. Not a single complaint has been satisfied. You can't talk to the claims department by phone, they don't respond to emails, and if they do, they're blatantly lying. I don't recommend anyone do business with them.",Customer Service & Communication,Communication Follow-up & Escalation,No Callback / Unresolved Case
rvw-000439,trustpilot.com,Trustpilot (openlane.com),https://www.trustpilot.com/reviews/69bae914bd8c26ac0a7c73a1,trustpilot_us_slug,Trustpilot user,2026-03-18,,positive,"swindlers. Don't buy any car under any circumstances; 90% of them are painted and technically faulty. Not a single complaint has been satisfied. You can't talk to the claims department by phone, they don't respond to emails, and if they do, they're blatantly lying. I don't recommend anyone do business with them.",Customer Service & Communication,Communication Follow-up & Escalation,Proactive Follow-up
rvw-000016,play.google.com,Google Play (com.openlane.mobile.carsarriveplus),https://play.google.com/store/apps/details?id=com.openlane.mobile.carsarriveplus&hl=en&gl=us,google_play_us_store,Rob W,2026-03-18,2,negative,"App worked fine for a long time, few annoying glitches here and there, nothing major. All of a sudden the app is stuck on fetching loads screen. it won't work unless I delete the app and redownload it. than once I close the app out , I must go through the process of deleting the app again for it to work..gotta do better",Account / Access / Login,Password Reset & Login Troubleshooting,App Login Troubleshooting
rvw-000017,play.google.com,Google Play (com.openlane.mobile.carsarriveplus),https://play.google.com/store/apps/details?id=com.openlane.mobile.carsarriveplus&hl=en&gl=us,google_play_us_store,David Chichinadze,2026-03-18,1,negative,"worst app ever. VERY slow, stupid engine and functionality, design, inspection process. try to copy from superdispatch app quick and informative.","Lot Condition, Listing Status and related",Third-Party Inspection Authorization & Scheduling,Previewing/ Inspecting Vehicles
rvw-000548,google.com,Google Business Profile (OPENLANE),https://www.google.com/maps/reviews/data=!4m8!14m7!1m6!2m5!1sCi9DQUlRQUNvZENodHljRjlvT2tJNVNrNUJVV0paTnpBM056ZEtZV2R4Wm0xMlRWRRAB!2m1!1s0x0:0x7af4135fd6c841d8!3m1!1s2@1:CAIQACodChtycF9oOkI5Sk5BUWJZNzA3NzdKYWdxZm12TVE%7C%7C?hl=en,google_business_us_profile,Tigran,2026-03-18,5,positive,"As a licensed auto dealer actively working with auctions, I can confidently say that having the right account representative makes a huge difference — and Denise Mann at OPENLANE is truly outstanding. Denise has been incredibly reliable, professional, and always quick to respond. She understands the needs of dealers, moves fast, and helps resolve any issues efficiently. In this business, time is money, and having someone like Denise on your side is a major advantage. Her communication is clear, consistent, and always helpful. She goes above and beyond to make sure everything runs smoothly, from transactions to general support. Denise Mann is exactly the kind of rep every dealer hopes to have. I genuinely appreciate her support and highly recommend working with her.",Customer Service & Communication,Communication Follow-up & Escalation,Proactive Follow-up
rvw-000549,google.com,Google Business Profile (OPENLANE),https://www.google.com/maps/reviews/data=!4m8!14m7!1m6!2m5!1sCi9DQUlRQUNvZENodHljRjlvT21WdlJuY3hNRkZ2UkhoVVowOVFXR1ZtYkVKSGMwRRAB!2m1!1s0x0:0x7af4135fd6c841d8!3m1!1s2@1:CAIQACodChtycF9oOmVvRncxMFFvRHhUZ09QWGVmbEJHc0E%7C%7C?hl=en,google_business_us_profile,Daniel Solorio,2026-03-18,5,positive,best resources to sell trades & buy cars customer service is what separates them from others . They picked up cars as fast as the same day once sold recommend.,Customer Service & Communication,Agent Professionalism & Responsiveness,Helpful Support Experience
rvw-000018,apps.apple.com,"Apple App Store (1566419386, us)",https://itunes.apple.com/us/review?id=1566419386&type=Purple%20Software&reviewId=13863106027,apple_us_store,thomasulrich77,2026-03-18,1,negative,"Status updates. Why are we not able to upload status update updates through the app ourselves?? Also, you guys are improperly notating vehicle descriptions in office no keys no access wheels turned all of the above a fact how we transport these vehicle vehicles There’s also no after hours communication you guys shut down while we all are still working",Customer Service & Communication,Agent Professionalism & Responsiveness,Rude/Unhelpful Support
rvw-000019,trustpilot.com,Trustpilot (openlane.com),https://www.trustpilot.com/reviews/69b97a444a7ebc35c5d2fb34,trustpilot_us_slug,Cathy Taylor-Blay,2026-03-17,1,negative,Don't deal with open lane I bought a…. Don't deal with open lane I bought a Silverado truck said no issues I went to pick up parts missing off engine and engine was locked up.i made a complaint they locked me out of my account for making a abstraction on the vehicle.then put shipping on vehicle and charged me for shipping and I picked it up and loaded it on my trailer.open lane is a scammer website that needs to be shut down there doing a lot of elegal activities,Membership / Licensing / Fees & Bidding Policies,"Bidding Process, Rules and Fees",Fees
rvw-000020,trustpilot.com,Trustpilot (openlane.com),https://www.trustpilot.com/reviews/69b865cff9cb2ad0cfb1b6ad,trustpilot_us_slug,LAL,2026-03-16,1,negative,"AUTO PAPERWORK INCOMPETENCE!. My Auto finance company sent all payoff and release of lien paperwork for a lease buyout to Openlane, Mesa AZ in May 2022. Openlane NEVER sent lien release to DMV. I had financed the buyout thru another bank, so didn't realize I had to check on the original release. Only found out when the car was totaled in 10/25 and the original lien for lease was STILL on the title!!! Of course with a zero balance. Openlane NOW wants $$ to correct their mistake and complete INCOMPETENCE!","Title, Ownership, POA and Documentation",Title Delivery & Status,Title Not Received
rvw-000021,play.google.com,Google Play (com.openlane.mobile.carsarriveplus),https://play.google.com/store/apps/details?id=com.openlane.mobile.carsarriveplus&hl=en&gl=us,google_play_us_store,Garry Brooks,2026-03-16,1,negative,Vin reader DOESN'T WORK. TOO COMPLICATED APP. SUPERDISPATCH IS THE BEST.,Account / Access / Login,Password Reset & Login Troubleshooting,App Login Troubleshooting
rvw-000550,google.com,Google Business Profile (OPENLANE),https://www.google.com/maps/reviews/data=!4m8!14m7!1m6!2m5!1sCi9DQUlRQUNvZENodHljRjlvT21SR015MHljM0ZSU0RGWFVuUlBXa0ZVUTFwSWIwRRAB!2m1!1s0x0:0x7af4135fd6c841d8!3m1!1s2@1:CAIQACodChtycF9oOmRGMy0yc3FRSDFXUnRPWkFUQ1pIb0E%7C%7C?hl=en,google_business_us_profile,Fazil Farzad,2026-03-16,5,positive,"Openlane has been great to work with. They really take care of me and make the buying process smooth every time. The platform is easy to use, the listings are accurate, and everything runs professionally. A big shoutout to my sales representative Mark, who is always there to help whenever I need something. He’s responsive, knowledgeable, and makes sure I’m taken care of. I’m very happy working with Openlane and look forward to continuing to do business with them.",Customer Service & Communication,Agent Professionalism & Responsiveness,Helpful Support Experience
rvw-000022,play.google.com,Google Play (com.nthgensoftware.traderev.android),https://play.google.com/store/apps/details?id=com.nthgensoftware.traderev.android&hl=en&gl=us,google_play_us_store,GG,2026-03-14,1,negative,"Hang tight ... Loading loading loading loading loading loading... Never works as it should. The only thing that works properly is the invoicing, that never fails.",Account / Access / Login,Password Reset & Login Troubleshooting,App Login Troubleshooting
rvw-000023,play.google.com,Google Play (com.nthgensoftware.traderev.android),https://play.google.com/store/apps/details?id=com.nthgensoftware.traderev.android&hl=en&gl=us,google_play_us_store,Home,2026-03-13,1,negative,"app keeps loading and then get an error message that we are working on it, please try again later. it's been going on for a year.",Account / Access / Login,Password Reset & Login Troubleshooting,App Login Troubleshooting
rvw-000024,trustpilot.com,Trustpilot (openlane.com),https://www.trustpilot.com/reviews/69ad3b180e197c46dd288603,trustpilot_us_slug,Bobby Dzyubenko,2026-03-08,1,negative,"Trust the 1 star reviews. Trust the 1 star reviews. We own 9 stores in the PNW area and have blacklisted OpenLane for all of our buyers. We work with all major auctions and local wholesalers, yet i have never seen such an unprofessional auction house and arbitration policy, it is downright criminal. Their inspection reports are flawed to say at the least and fraudulent at best. We purchased two trucks in one week, both green light and paid for their inspection and shipping. One arrived with a check engine light, misfire issues, electronic issues and cosmetic issues; Arbitration said ""not covered, thanks for the purchase"". The second truck, we waited for 3 weeks to arrive with no updates. After 4 weeks, we started filing serious complaints. Only once we threatened a lawsuit, we were notified that the truck was sold elsewhere and the sale was cancelled, all the while they held our money and were promising delivery. Their resolution was to offer us a discount on the next purchase buyer fees. What a joke. We have officially blocked all of our stores from buying from this backlot auction.",Customer Service & Communication,Agent Professionalism & Responsiveness,Rude/Unhelpful Support
rvw-000025,apps.apple.com,"Apple App Store (1175036411, us)",https://itunes.apple.com/us/review?id=1175036411&type=Purple%20Software&reviewId=13814539868,apple_us_store,aHiNtOfcLaP,2026-03-04,1,negative,"Not worth the stress. Bug issues with the app, issues with honest listings, please do not waste your time with this business. I learned the hard way. Several times. Never changes",Account / Access / Login,Password Reset & Login Troubleshooting,App Login Troubleshooting
rvw-000026,apps.apple.com,"Apple App Store (1566419386, us)",https://itunes.apple.com/us/review?id=1566419386&type=Purple%20Software&reviewId=13813441636,apple_us_store,systempolicy,2026-03-04,1,negative,"App is constantly freezing and crashing. App is constantly freezing and crashing, even basic things like having the App home screen open cause it to freeze up. This is by far the worst app on my iPhone. All other apps work fine. CarsArrive freezes and crashes every single time. Rebooting, reinstalling never fixes it. The app is just garbage, but has to be used for work.",Account / Access / Login,Password Reset & Login Troubleshooting,App Login Troubleshooting
rvw-000027,play.google.com,Google Play (com.openlane.mobile.carsarriveplus),https://play.google.com/store/apps/details?id=com.openlane.mobile.carsarriveplus&hl=en&gl=us,google_play_us_store,Bob,2026-03-02,1,negative,the worst app I have used. I have had it take 45 minutes to download so I can inspect the car. Have the customer sign and get bol emailed. 2 days later the app shows not delivered.,Customer Service & Communication,Agent Professionalism & Responsiveness,Rude/Unhelpful Support
rvw-000028,play.google.com,Google Play (com.openlane.mobile.carsarriveplus),https://play.google.com/store/apps/details?id=com.openlane.mobile.carsarriveplus&hl=en&gl=us,google_play_us_store,Hank Boersma,2026-03-02,1,negative,too difficult to log into the app,Account / Access / Login,Password Reset & Login Troubleshooting,App Login Troubleshooting
rvw-000029,trustpilot.com,Trustpilot (openlane.com),https://www.trustpilot.com/reviews/69a0e8624c2da3d7c264a1a1,trustpilot_us_slug,Mehran Yaver,2026-02-27,1,negative,"Corrupt platform. Corrupt platform, arbitration policy is designed to favour franchise sellers, do no expect to have any support when buying AS IS vehicles does not matter what year or KM. Instead focus on buying from EBLock, at least they have proper buyer assurance program.",Customer Service & Communication,Agent Professionalism & Responsiveness,Rude/Unhelpful Support
rvw-000551,google.com,Google Business Profile (OPENLANE),https://www.google.com/maps/reviews/data=!4m8!14m7!1m6!2m5!1sCi9DQUlRQUNvZENodHljRjlvT2psc2FGRnhaRzh6VjJGQ01VeGpUVTR3TUMxSFRVRRAB!2m1!1s0x0:0x7af4135fd6c841d8!3m1!1s2@1:CAIQACodChtycF9oOjlsaFFxZG8zV2FCMUxjTU4wMC1HTUE%7C%7C?hl=en,google_business_us_profile,Ray Milani,2026-02-27,5,positive,Always great and courteous service. Our rep Tira is the best we have worked with in many years. She has made herself available to help at any time of the day and she is a true asset to your organization. Ray Milani Auto network group,Customer Service & Communication,Agent Professionalism & Responsiveness,Helpful Support Experience
rvw-000440,trustpilot.com,Trustpilot (openlane.com),https://www.trustpilot.com/reviews/69a0e8624c2da3d7c264a1a1,trustpilot_us_slug,Trustpilot user,2026-02-26,,positive,"Corrupt platform. Corrupt platform, arbitration policy is designed to favour franchise sellers, do no expect to have any support when buying AS IS vehicles does not matter what year or KM. Instead focus on buying from EBLock, at least they have proper buyer assurance program.",Customer Service & Communication,Agent Professionalism & Responsiveness,Helpful Support Experience
rvw-000030,play.google.com,Google Play (com.nthgensoftware.traderev.android),https://play.google.com/store/apps/details?id=com.nthgensoftware.traderev.android&hl=en&gl=us,google_play_us_store,noel borg,2026-02-25,1,negative,"Same problems as everyone else,can't believe nothing done about it yet,been like this for over a year,Android phones don't show you instant live bids,if I'm the high bidder I can't see anybody outbidding me unless I leave that page and come back amd even then sometimes it still shows me as high bidder when there are 5 or more bids above me,come on traderev!!!! Over a year!!!!.... UPDATE... 3 years later the app is worse instead of better.... lol WOW!!",Account / Access / Login,Password Reset & Login Troubleshooting,App Login Troubleshooting
rvw-000552,google.com,Google Business Profile (OPENLANE),https://www.google.com/maps/reviews/data=!4m8!14m7!1m6!2m5!1sCi9DQUlRQUNvZENodHljRjlvT2tzNWRraGlPVEJ2T1c1VVZtTnhiSFZCTnpjeVQwRRAB!2m1!1s0x0:0x82ddb1a9ae334e23!3m1!1s2@1:CAIQACodChtycF9oOks5dkhiOTBvOW5UVmNxbHVBNzcyT0E%7C%7C?hl=en,google_business_us_profile,R L,2026-02-21,1,negative,Inspector 100% tried to scam me by saying my tires are below 5/32. Well I had it we measured buy a professional shop and I have more than 5/32. Secondly the bmw website states a minimum of 4/32. Beware if what they tell you. Its a scam! Even at dealer return they said it was fine.,Customer Service & Communication,Agent Professionalism & Responsiveness,Rude/Unhelpful Support
rvw-000553,google.com,Google Business Profile (OPENLANE),https://www.google.com/maps/reviews/data=!4m8!14m7!1m6!2m5!1sCi9DQUlRQUNvZENodHljRjlvT2twR01FTnJhbTVTVlVaT1dIZE9kRkZwVmxseVRsRRAB!2m1!1s0x0:0x7af4135fd6c841d8!3m1!1s2@1:CAIQACodChtycF9oOkpGMENram5SVUZOWHdOdFFpVllyTlE%7C%7C?hl=en,google_business_us_profile,Mohmednoman Kazi,2026-02-17,5,positive,"The best in the business! Greg is the man, always helpful ! I have nothing but good to say. Ever since i started buying, i have not stepped foot in any other auctions! They have what we looking for always! We had a rocky start but did not stop us from doing great business, we will be doing much more business in the future and we respect our partnership. i would love to have Greg to be my rep, we get along like childhood buddies. Greg helps me buy more cars and not afraid to tell me not to buy that car.",Customer Service & Communication,Agent Professionalism & Responsiveness,Helpful Support Experience
rvw-000554,google.com,Google Business Profile (OPENLANE),https://www.google.com/maps/reviews/data=!4m8!14m7!1m6!2m5!1sCi9DQUlRQUNvZENodHljRjlvT2w5blEzSmhlRFpIV1VWck5VWjJNbWhMT0hoaFYzYxAB!2m1!1s0x0:0x7af4135fd6c841d8!3m1!1s2@1:CAIQACodChtycF9oOl9nQ3JheDZHWUVrNUZ2MmhLOHhhV3c%7C%7C?hl=en,google_business_us_profile,Peter Talia,2026-02-17,5,positive,Great Auction! Thomas is the best he always looks out for us buyers!,Membership / Licensing / Fees & Bidding Policies,"Bidding Process, Rules and Fees",How to Bid (First Time)
rvw-000441,trustpilot.com,Trustpilot (openlane.com),https://www.trustpilot.com/reviews/69b97a444a7ebc35c5d2fb34,trustpilot_us_slug,Trustpilot user,2026-02-13,,negative,Don't deal with open lane I bought a…. Don't deal with open lane I bought a Silverado truck said no issues I went to pick up parts missing off engine and engine was locked up.i made a complaint they locked me out of my account for making a abstraction on the vehicle.then put shipping on vehicle and charged me for shipping and I picked it up and loaded it on my trailer.open lane is a scammer website that needs to be shut down there doing a lot of elegal activities,Membership / Licensing / Fees & Bidding Policies,"Bidding Process, Rules and Fees",Fees
rvw-000031,play.google.com,Google Play (com.backlotcars.backlotcars),https://play.google.com/store/apps/details?id=com.backlotcars.backlotcars&hl=en&gl=us,google_play_us_store,P Bailey,2026-02-12,5,positive,"I have bought ALL my vehicles on here for the last 5 years, 920 and counting. Really have enjoyed doing business with them since they were Backlot Cars now Openlane. If you go to the auction most all of those cars are run red light nowadays but Openlane gives you 7 days or 100 miles on covered items. Its the used car business and of course you will hit bumps in the road but I wouldnt want to buy cars anywhere else honestly!",Membership / Licensing / Fees & Bidding Policies,"Bidding Process, Rules and Fees",How to Bid (First Time)
rvw-000032,trustpilot.com,Trustpilot (openlane.com),https://www.trustpilot.com/reviews/698ca11b1037ed03fea51464,trustpilot_us_slug,Laney,2026-02-11,1,negative,GM should not use Openlane. GM utilizes openlane yet likely has no clue how they function. Attempted to schedule my end-of-lease insurrection two months before needing to return my car yet no availability. I submitted a request for someone to call me and after a week I called in to schedule. Of course no availability and I would automatically be assigned a date and time. Today my inspection window came and I received a call the no one would be coming and to call back and reschedule. Once again I'm waiting for a new inspection date yet my car is due to be returned in 3 1/2 weeks.,Customer Service & Communication,Communication Follow-up & Escalation,No Callback / Unresolved Case
rvw-000033,play.google.com,Google Play (com.openlane.mobile.carsarriveplus),https://play.google.com/store/apps/details?id=com.openlane.mobile.carsarriveplus&hl=en&gl=us,google_play_us_store,Mike S.,2026-02-10,5,positive,great app. easy to use.,Account / Access / Login,Password Reset & Login Troubleshooting,App Login Troubleshooting
rvw-000555,google.com,Google Business Profile (OPENLANE),https://www.google.com/maps/reviews/data=!4m8!14m7!1m6!2m5!1sCi9DQUlRQUNvZENodHljRjlvT2tWNmFrOHdjazlxTVVGdWFuRTBablZuWjNreFFsRRAB!2m1!1s0x0:0x82ddb1a9ae334e23!3m1!1s2@1:CAIQACodChtycF9oOkV6ak8wck9qMUFuanE0ZnVnZ3kxQlE%7C%7C?hl=en,google_business_us_profile,Patrick Stylianou,2026-02-10,5,positive,I've bought and sold thousands of units across all major auction platforms and Openlane is by far the most white glove wholesale experience a dealer can get.,Membership / Licensing / Fees & Bidding Policies,"Bidding Process, Rules and Fees",How to Bid (First Time)
rvw-000034,apps.apple.com,"Apple App Store (1566419386, us)",https://itunes.apple.com/us/review?id=1566419386&type=Purple%20Software&reviewId=13731085350,apple_us_store,Danill01111,2026-02-09,1,negative,"Complicated. The app is too hard for drivers, They could make more simple!!! That’s why superdispacth is way more better than carsarrive, bc they make simple, its easy to take photos one by one, to sign and its more fast!",Account / Access / Login,Password Reset & Login Troubleshooting,App Login Troubleshooting
rvw-000556,google.com,Google Business Profile (OPENLANE),https://www.google.com/maps/reviews/data=!4m8!14m7!1m6!2m5!1sCi9DQUlRQUNvZENodHljRjlvT2xoNlkyMW5OMDVSWVVSVWNVTkNXRzVXZFZWRk1GRRAB!2m1!1s0x0:0x7af4135fd6c841d8!3m1!1s2@1:CAIQACodChtycF9oOlh6Y21nN05RYURUcUNCWG5WdVVFMFE%7C%7C?hl=en,google_business_us_profile,greg edge,2026-02-06,5,positive,"This review is for specifically Thomas over at open lane. If you guys are in southern California you want nobody else to handle your account. He is a go get or a mover and shaker.. Truly fights for you. Whatever you need help on a car or a payment isn't going through or any problems. This guy has got your back a 100%. I know every auction has their own problems. But if you have the ability to have Thomas as your rep, you will not be wronged. That's for sure!! Keep up the good work appreciate it!",Membership / Licensing / Fees & Bidding Policies,"Bidding Process, Rules and Fees",How to Bid (First Time)
rvw-000557,google.com,Google Business Profile (OPENLANE),https://www.google.com/maps/reviews/data=!4m8!14m7!1m6!2m5!1sCi9DQUlRQUNvZENodHljRjlvT2xsemVFMXJNRUV3V1ZNd2EwOTNUemhGYkVWek1WRRAB!2m1!1s0x0:0x7af4135fd6c841d8!3m1!1s2@1:CAIQACodChtycF9oOllzeE1rMEEwWVMwa093TzhFbEVzMVE%7C%7C?hl=en,google_business_us_profile,Larry Robinson,2026-02-05,5,positive,Great customer service from Thomas he’s always spot on and helps out 100%. Love working with him as he’s fair to both parties and has top notch service 11/10.,Customer Service & Communication,Agent Professionalism & Responsiveness,Helpful Support Experience
rvw-000558,google.com,Google Business Profile (OPENLANE),https://www.google.com/maps/reviews/data=!4m8!14m7!1m6!2m5!1sCi9DQUlRQUNvZENodHljRjlvT2tscVRWSm9WRk5LYlZnNU9WOHlUVU5wTFZZelNXYxAB!2m1!1s0x0:0x7af4135fd6c841d8!3m1!1s2@1:CAIQACodChtycF9oOklqTVJoVFNKbVg5OV8yTUNpLVYzSWc%7C%7C?hl=en,google_business_us_profile,Daniel Robinson,2026-02-05,5,positive,"Great customer service from Thomas at openlane he’s spot on , always helps out 100%. Love working with him hes fair to both parties and is top notch in every aspect.Will be sticking to openlane for a while because of their service 11/10",Customer Service & Communication,Agent Professionalism & Responsiveness,Helpful Support Experience
rvw-000035,trustpilot.com,Trustpilot (openlane.com),https://www.trustpilot.com/reviews/69834e7b02913aa3868a4851,trustpilot_us_slug,Joey Sharples,2026-02-04,5,positive,"Only great things to say about Openlane.. My experience with Openlane has been wonderful. The vehicles are far more accurately described than the ""other"" online auction and they actually drive the vehicles. Accurate descriptions are crucial to making an informed purchase and Openlane knows that. In the extremely slight chance that they happen to miss something, they stand behind the vehicle with fast and fair arbitration. My representative, Jason, provides absolutely amazing service and is a true asset. I look forward to continuing to build a strong working relationship with Openlane and its top tier associates.",Customer Service & Communication,Agent Professionalism & Responsiveness,Helpful Support Experience
rvw-000036,trustpilot.com,Trustpilot (openlane.com),https://www.trustpilot.com/reviews/698343ebef2d2b3bd1fb318e,trustpilot_us_slug,Roger Lee,2026-02-04,1,negative,"Openlane absolutely the worst. Openlane absolutely the worst, unprofessional and crooked platform with absolutely no professionalism in long term business. False condition report arbitration system absolutely does not back up any of their green light vehicles. Only fast response you get from them is when payment. All green light vehicle and title issues even after paid is zero help. This cooperation sister company of AFC is also the worst in the market. AVOID at all cost.",Customer Service & Communication,Support Access & Response Time,Quick Support Response
rvw-000559,google.com,Google Business Profile (OPENLANE),https://www.google.com/maps/reviews/data=!4m8!14m7!1m6!2m5!1sCi9DQUlRQUNvZENodHljRjlvT21oa2VEVkZTMWx6VUdoQmNGRkJVRlZrUW05Uk5tYxAB!2m1!1s0x0:0x7af4135fd6c841d8!3m1!1s2@1:CAIQACodChtycF9oOmhkeDVFS1lzUGhBcFFBUFVkQm9RNmc%7C%7C?hl=en,google_business_us_profile,Vanessa Johnson,2026-02-04,5,positive,HIGHLY RECOMMEND this auction as I go to 5 auction a week and my rep Bill Jordan has helped me throughout the last 5 years become more and more successful with my dealership as he goes above and beyond to try and work out the best deals he can for us. If you’re looking for a great reputable auction I’d definitely recommend OPENLANE and ask for Mr Jordan !,Membership / Licensing / Fees & Bidding Policies,"Bidding Process, Rules and Fees",How to Bid (First Time)
rvw-000442,trustpilot.com,Trustpilot (openlane.com),https://www.trustpilot.com/reviews/69834e7b02913aa3868a4851,trustpilot_us_slug,Trustpilot user,2026-02-02,,positive,"Only great things to say about Openlane.. My experience with Openlane has been wonderful. The vehicles are far more accurately described than the ""other"" online auction and they actually drive the vehicles. Accurate descriptions are crucial to making an informed purchase and Openlane knows that. In the extremely slight chance that they happen to miss something, they stand behind the vehicle with fast and fair arbitration. My representative, Jason, provides absolutely amazing service and is a true asset. I look forward to continuing to build a strong working relationship with Openlane and its top tier associates.",Customer Service & Communication,Agent Professionalism & Responsiveness,Helpful Support Experience
rvw-000560,google.com,Google Business Profile (OPENLANE),https://www.google.com/maps/reviews/data=!4m8!14m7!1m6!2m5!1sCi9DQUlRQUNvZENodHljRjlvT2xWMmJUTmpjR0p0V1hKQmJFRmxXbE42YlhGTFNsRRAB!2m1!1s0x0:0x7af4135fd6c841d8!3m1!1s2@1:CAIQACodChtycF9oOlV2bTNjcGJtWXJBbEFlWlN6bXFLSlE%7C%7C?hl=en,google_business_us_profile,Rich Marusa,2026-02-01,5,positive,"When I reach out to my rep, he’s always helpful and takes the time to explain anything. I need very grateful. Thanks, Rich.",Customer Service & Communication,Agent Professionalism & Responsiveness,Helpful Support Experience
rvw-000443,trustpilot.com,Trustpilot (openlane.com),https://www.trustpilot.com/reviews/69ad3b180e197c46dd288603,trustpilot_us_slug,Trustpilot user,2026-01-31,,negative,"Trust the 1 star reviews. Trust the 1 star reviews. We own 9 stores in the PNW area and have blacklisted OpenLane for all of our buyers. We work with all major auctions and local wholesalers, yet i have never seen such an unprofessional auction house and arbitration policy, it is downright criminal. Their inspection reports are flawed to say at the least and fraudulent at best. We purchased two trucks in one week, both green light and paid for their inspection and shipping. One arrived with a check engine light, misfire issues, electronic issues and cosmetic issues; Arbitration said ""not covered, thanks for the purchase"". The second truck, we waited for 3 weeks to arrive with no updates. After 4 weeks, we started filing serious complaints. Only once we threatened a lawsuit, we were notified that the truck was sold elsewhere and the sale was cancelled, all the while they held our money and were promising delivery. Their resolution was to offer us a discount on the next purchase buyer fees. What a joke. We have officially blocked all of our stores from buying from this backlot auction.",Customer Service & Communication,Agent Professionalism & Responsiveness,Rude/Unhelpful Support
rvw-000561,google.com,Google Business Profile (OPENLANE),https://www.google.com/maps/reviews/data=!4m8!14m7!1m6!2m5!1sCi9DQUlRQUNvZENodHljRjlvT2xwU1lUUkVURmg2ZVhSNlQxOTNUV0pNVTBrNVFWRRAB!2m1!1s0x0:0x7af4135fd6c841d8!3m1!1s2@1:CAIQACodChtycF9oOlpSYTRETFh6eXR6T193TWJMU0k5QVE%7C%7C?hl=en,google_business_us_profile,Muhammad Chaudhry,2026-01-30,5,positive,"Great experience, speaking with him very courteous, very polite, very professional and very patient His name is Max",Customer Service & Communication,Agent Professionalism & Responsiveness,Helpful Support Experience
rvw-000037,apps.apple.com,"Apple App Store (6753570460, us)",https://apps.apple.com/us/app/id6753570460?see-all=reviews&platform=iphone&reviewId=13688958648,apple_us_store,Tim C Henderson,2026-01-29,1,negative,"A waste of. This app was obviously designed by people who know nothing about automobiles and have never imaged a car in their life. The flow is ridiculous. At one point, you pick up your paint gauge, put it down and pick up your tire gauge, put it down pick back up your paint gauge and on and on. The people that approved this app after it was designed should have recognized the dysfunction and corrected it but my guess is they were in a rush or incompetent. The saddest part is that this information has been passed upstairs but nothing has been done. I guess important people can’t admit their mistakes",Account / Access / Login,Password Reset & Login Troubleshooting,App Login Troubleshooting
rvw-000352,apps.apple.com,"Apple App Store (6753570460, us)",https://itunes.apple.com/us/review?id=6753570460&type=Purple%20Software&reviewId=13688958648,apple_us_store,Tim C Henderson,2026-01-29,1,negative,"A waste of. This app was obviously designed by people who know nothing about automobiles and have never imaged a car in their life. The flow is ridiculous. At one point, you pick up your paint gauge, put it down and pick up your tire gauge, put it down pick back up your paint gauge and on and on. The people that approved this app after it was designed should have recognized the dysfunction and corrected it but my guess is they were in a rush or incompetent. The saddest part is that this information has been passed upstairs but nothing has been done. I guess important people can’t admit their mistakes.",Account / Access / Login,Password Reset & Login Troubleshooting,App Login Troubleshooting
rvw-000038,trustpilot.com,Trustpilot (openlane.com),https://www.trustpilot.com/reviews/697a723f0c735ece73aa83d1,trustpilot_us_slug,Apple Auto Sales,2026-01-28,1,negative,"Hello Dealers. Hello Dealers I am a dealer and I would personally request all independent dealers do not buy vehicles from Open Lane. They are defrauding small dealers for inaccurate condition report and fake vehicle engine sound and much more. When you do arbitration they just hangup and you are out of luck. I recently purchased 3 vehicles from them 1 had rear main seal leaking they did not cover; 2nd vehicle I purchased they cancel the vehicle after 10 days and took my money from my account. 3rd vehicle, I purchased had timing chain issue and so many codes, but they mentioned no codes and vehicle engine gone as soon as I picked from the dealership. Do not Buy from them. I am hiring an attorney to sue them if someone has same experience please contact me so we could sue them in a group.",Customer Service & Communication,Agent Professionalism & Responsiveness,Rude/Unhelpful Support
rvw-000039,trustpilot.com,Trustpilot (openlane.com),https://www.trustpilot.com/reviews/697a449ebf115ad4ce9a5a1f,trustpilot_us_slug,Kaytie Boens,2026-01-28,1,negative,"Beware: Serious Undisclosed Damage Inspection Reports Cannot Be Trusted Undisclosed Safety Damage and Arbitration are not real they always favor seller never buyers. I want to start by saying that the negative reviews here are not fake. Unfortunately, they are very accurate. I wish I had done my research and read them before ever doing business with Openlane. We purchased a 2019 GMC Acadia believing we could trust their inspection process. You absolutely cannot. The inspection report marked everything as good, yet we received the vehicle needing over $2,000 in repairs. The inspection failed to disclose something extremely serious: a bullet hole in the driver-side door that was covered with black tape. As buyers, we pay for these inspections because we are trusting them to be our eyes and ears. Instead, it feels like the inspectors work more for the sellers than for the buyers. The arbitration process was also a complete joke. Our case was closed in less than five minutes, without properly addressing the undisclosed safety damage. There was no real investigation or accountability. I will never buy from Openlane again. I will be sticking with Manheim, where sellers are actually held accountable for concealing vehicle conditions. If there is ever a class action lawsuit, I would absolutely join it. At this point, I am also exploring legal options to recover my losses. Buyers beware. Do your research before trusting Openlane with your money.","Lot Condition, Listing Status and related",Third-Party Inspection Authorization & Scheduling,Previewing/ Inspecting Vehicles
rvw-000444,trustpilot.com,Trustpilot (openlane.com),https://www.trustpilot.com/reviews/697a449ebf115ad4ce9a5a1f,trustpilot_us_slug,Trustpilot user,2026-01-22,,negative,"Beware: Serious Undisclosed Damage Inspection Reports Cannot Be Trusted Undisclosed Safety Damage and Arbitration are not real they always favor seller never buyers. I want to start by saying that the negative reviews here are not fake. Unfortunately, they are very accurate. I wish I had done my research and read them before ever doing business with Openlane. We purchased a 2019 GMC Acadia believing we could trust their inspection process. You absolutely cannot. The inspection report marked everything as good, yet we received the vehicle needing over $2,000 in repairs. The inspection failed to disclose something extremely serious: a bullet hole in the driver-side door that was covered with black tape. As buyers, we pay for these inspections because we are trusting them to be our eyes and ears. Instead, it feels like the inspectors work more for the sellers than for the buyers. The arbitration process was also a complete joke. Our case was closed in less than five minutes, without properly addressing the undisclosed safety damage. There was no real investigation or accountability. I will never buy from Openlane again. I will be sticking with Manheim, where sellers are actually held accountable for concealing vehicle conditions. If there is ever a class action lawsuit, I would absolutely join it. At this point, I am also exploring legal options to recover my losses. Buyers beware. Do your research before trusting Openlane with your money.","Lot Condition, Listing Status and related",Third-Party Inspection Authorization & Scheduling,Previewing/ Inspecting Vehicles
rvw-000562,google.com,Google Business Profile (OPENLANE),https://www.google.com/maps/reviews/data=!4m8!14m7!1m6!2m5!1sCi9DQUlRQUNvZENodHljRjlvT25sWGFqZERVbFJVUm0xcVUxaGZSVWh3YTNwamIzYxAB!2m1!1s0x0:0x7af4135fd6c841d8!3m1!1s2@1:CAIQACodChtycF9oOnlXajdDUlRURm1qU1hfRUhwa3pjb3c%7C%7C?hl=en,google_business_us_profile,Brett Shaiper,2026-01-22,1,negative,"I have bought hundreds of vehicles from OPENLANE (backlot cars) over the years and recently Ive been very dis satisfied with how they handle things. They will backdown your deals even tho you have already paid for them and the money had been removed from your account. For example, I bought a truck 1/13/2026 and they removed $8,855 dollar from my account. They next day I notice the truck is not on my vehicles purchased list so I reach out to my account manager and he tells me it’s backdown from the seller because they couldn’t make the trade-in work. No email, no phone call, no text letting me know it’s been removed. Now on 1/22/2026 I still don’t have the money back in my account. They won’t get back to me as to where the money is or when I will get it back. This has happened to me twice in the last month where they backdown a deal because the dealer didn’t have the trade worked out. Why put it on the website for sale if they know the trade deal isn’t finalized? I also have a vehicle in arbitration for weeks that I can’t get a callback on. At this point I’ve given up and will just deal with it. I would take your business elsewhere, this company does not care about the customer whatsoever.",Customer Service & Communication,Communication Follow-up & Escalation,No Callback / Unresolved Case
rvw-000040,apps.apple.com,"Apple App Store (1175036411, us)",https://itunes.apple.com/us/review?id=1175036411&type=Purple%20Software&reviewId=13658784706,apple_us_store,Joelevy 1,2026-01-21,5,positive,"Larry. Solid app with accurate vehicle descriptions. A few minor cosmetic details might be missed, but nothing serious. Overall, a good experience.","Vehicle Pickup, Delivery and Scheduling",Delivery Coordination & Handoffs,Delivery Status and ETA
rvw-000770,apps.apple.com,"Apple App Store (1175036411, us)",https://apps.apple.com/us/app/id1175036411?see-all=reviews&platform=iphone&reviewId=13658784706,apple_us_store,Joelevy 1,2026-01-21,5,positive,"Larry. Solid app with accurate vehicle descriptions. A few minor cosmetic details might be missed, but nothing serious. Overall, a good experience","Vehicle Pickup, Delivery and Scheduling",Delivery Coordination & Handoffs,Delivery Status and ETA
rvw-000041,apps.apple.com,"Apple App Store (1186571028, us)",https://apps.apple.com/us/app/id1186571028?see-all=reviews&platform=iphone&reviewId=13652961253,apple_us_store,iAppmore,2026-01-19,1,negative,"Glitchy. It seems like every update, adds a glitch and removes a good feature. Appointments do not load, flashlight not available during VIN scans which is one of the most important pics and usually in dark door jambs. Nonexistent tech-support",Customer Service & Communication,Agent Professionalism & Responsiveness,Rude/Unhelpful Support
rvw-000042,trustpilot.com,Trustpilot (openlane.com),https://www.trustpilot.com/reviews/696d5441118bd96038dc7cb9,trustpilot_us_slug,Gi Co,2026-01-18,1,negative,"This company is an absolute…. This company is an absolute disappointment. During the phone interview, the recruiter acted as if their organization were some kind of world‑class operation, lecturing me about work ethic while claiming they desperately needed new employees. Yet after that conversation, they completely vanished — no response, not even after I followed up. Before preaching to others, they should fix their own professionalism and learn how to treat people with basic respect.",Customer Service & Communication,Support Access & Response Time,Delayed Email/Phone Response
rvw-000353,reddit.com,Reddit r/askcarsales,https://www.reddit.com/r/askcarsales/comments/1qgepli/what_am_i_doing_wrong/,mixed_source_ok,rybab007,2026-01-18,,positive,"What am I doing wrong? I’m 48 years old. I’ve been doing used car sales/service since the mid 90’s, working for my father’s business. ..He recently sold the service business, retired and I took over the sales side of the business. I’ve been at it for 2 years, on my own. I have a nice sized lot in a busy suburb of Cincinnati, 2 doors down from where our original store was located. I keep about 25-35 cars in inventory. I have roughly $10K in monthly expenses, a couple employees, a couple floor plans, a couple lenders and I do sell some service contracts when I can. I have an older salesman working for me (helps buy and sell). He is very experienced but is very old school…he simply will not send emails, phone calls only. And he doesn’t really do much that I can’t already do. I will likely fire him this week. I have another guy working part time, helping w social media marketing. I am absolutely struggling to see any real gross lately! I buy nice clean cars ($8000- $24000 average sale price). Im selling maybe 10-15 cars a month but am only seeing $600-$1000 gross/unit, if you factor in the losers. And that’s the problem, the amount of losers is getting more and more as time goes on. Most of the cars on my lot have been here for 90 plus days, some even 200 plus days. These are all huge losers. Most units come from Manheim/adesa/openlane, 4.0 CR’s or better…nice clean cars..but still end up costing me $1000 plus in recon. Hell, Lately I’ve been sending almost half the units back to auction for arbitration. By the time I get a buyer, there just isn’t any skin left on the bone, and my customers don’t want it unless I’m discounting even further. It’s getting to be too hard of a game to play. I haven’t paid myself since August. I’m considering getting out of the business but this is literally all I’ve done, my whole life. Is there an obvious solution here, that I’m blind to? Any tips or ideas would be greatly appreciated. I’m happy to post specific expenses etc.. Also, I do not own the building. I share rent with a service center, who does most of our repairs.",Customer Service & Communication,Agent Professionalism & Responsiveness,Helpful Support Experience
rvw-000445,trustpilot.com,Trustpilot (openlane.com),https://www.trustpilot.com/reviews/696d5441118bd96038dc7cb9,trustpilot_us_slug,Trustpilot user,2026-01-15,,positive,"This company is an absolute…. This company is an absolute disappointment. During the phone interview, the recruiter acted as if their organization were some kind of world‑class operation, lecturing me about work ethic while claiming they desperately needed new employees. Yet after that conversation, they completely vanished — no response, not even after I followed up. Before preaching to others, they should fix their own professionalism and learn how to treat people with basic respect.",Customer Service & Communication,Support Access & Response Time,Delayed Email/Phone Response
rvw-000043,play.google.com,Google Play (com.openlane.mobile.carsarriveplus),https://play.google.com/store/apps/details?id=com.openlane.mobile.carsarriveplus&hl=en&gl=us,google_play_us_store,Ben,2026-01-15,1,negative,"buggy AF gets stuck in a ""fetching loads"" loop.",Account / Access / Login,Password Reset & Login Troubleshooting,App Login Troubleshooting
rvw-000446,trustpilot.com,Trustpilot (openlane.com),https://www.trustpilot.com/reviews/697a723f0c735ece73aa83d1,trustpilot_us_slug,Trustpilot user,2026-01-14,,negative,"Hello Dealers. I am a dealer and I would personally request all independent dealers do not buy vehicles from Open Lane. They are defrauding small dealers for inaccurate condition report and fake vehicle engine sound and much more. When you do arbitration they just hangup and you are out of luck. I recently purchased 3 vehicles from them 1 had rear main seal leaking they did not cover; 2nd vehicle I purchased they cancel the vehicle after 10 days and took my money from my account. 3rd vehicle, I purchased had timing chain issue and so many codes, but they mentioned no codes and vehicle engine gone as soon as I picked from the dealership. Do not Buy from them. I am hiring an attorney to sue them if someone has same experience please contact me so we could sue them in a group.",Customer Service & Communication,Agent Professionalism & Responsiveness,Rude/Unhelpful Support
rvw-000563,google.com,Google Business Profile (OPENLANE),https://www.google.com/maps/reviews/data=!4m8!14m7!1m6!2m5!1sCi9DQUlRQUNvZENodHljRjlvT2pOV09GaFdSMWRHY201WVJUbHRiMkZhVUVWWGRHYxAB!2m1!1s0x0:0x7af4135fd6c841d8!3m1!1s2@1:CAIQACodChtycF9oOjNWOFhWR1dGcm5YRTltb2FaUEVXdGc%7C%7C?hl=en,google_business_us_profile,Bianka Wynn,2026-01-13,5,positive,"I am writing this review for my sale rep AJ (Adam) who does an AMAZING JOB, I’ve had previous sale reps but no one compares to him, even from other auctions sites . He is the ONLY reason I continue to use OPENLANE . He gives me the confidence I need to continue to work with this company. I always tell him how great he is at his job , however, it was important for me to write a review because he makes just that much of a difference. If you ever see this AJ I want to thank you many times over for your professionalism and trustworthiness!",Customer Service & Communication,Agent Professionalism & Responsiveness,Helpful Support Experience
rvw-000044,play.google.com,Google Play (com.openlane.mobile.carsarriveplus),https://play.google.com/store/apps/details?id=com.openlane.mobile.carsarriveplus&hl=en&gl=us,google_play_us_store,Jerry Vickers,2026-01-12,1,negative,"Freezes up, can't enter any information, pictures takes forever to get a car load in the system. The worst app I have to use.",Account / Access / Login,Password Reset & Login Troubleshooting,App Login Troubleshooting
rvw-000045,play.google.com,Google Play (com.openlane.mobile.carsarriveplus),https://play.google.com/store/apps/details?id=com.openlane.mobile.carsarriveplus&hl=en&gl=us,google_play_us_store,MIKE JONES want to luagh let me just be me,2026-01-10,1,negative,the app is easy to learn however it freezes glitchy and takes forever to load while doing an inspection something that should take 5 mins tops turns into a 30 minute process because you can't proceed to the next step without completing it also the vin reader never works I always just manually input it it's faster and easier,"Lot Condition, Listing Status and related",Third-Party Inspection Authorization & Scheduling,Previewing/ Inspecting Vehicles
rvw-000046,play.google.com,Google Play (com.openlane.mobile.carsarriveplus),https://play.google.com/store/apps/details?id=com.openlane.mobile.carsarriveplus&hl=en&gl=us,google_play_us_store,IGOR GRIGORYEV,2026-01-09,1,negative,"such a complicated app. verifications, tons of emails..passwords. 1 star. guys! You aren't Superdispatch and you will never be.",Customer Service & Communication,Agent Professionalism & Responsiveness,Rude/Unhelpful Support
rvw-000047,play.google.com,Google Play (com.openlane.mobile.carsarriveplus),https://play.google.com/store/apps/details?id=com.openlane.mobile.carsarriveplus&hl=en&gl=us,google_play_us_store,R Smith,2026-01-09,2,negative,"The app doesn't always work, drivers can't see loads assigned to them or it kicks them off app. Hard time getting gate passes.","Vehicle Pickup, Delivery and Scheduling",Pickup Order Management,Gate Pass Assistance
rvw-000048,trustpilot.com,Trustpilot (openlane.com),https://www.trustpilot.com/reviews/695d9dcef8448d57fec17e03,trustpilot_us_slug,JUDI JENSEN,2026-01-07,1,negative,"Misleading Sale & Joke of an Arbitration Process. OPENLANE sold us a 2021 Hyundai Palisade with undisclosed structural damage. This was not announced, not disclosed, and not flagged anywhere in the listing. We only discovered it after the purchase, when the vehicle was already in our possession. Their arbitration process is a complete joke. It was unprofessional, dismissive, and clearly designed to protect the auction and the seller rather than the buyer. There was zero accountability for a major defect that should never be missed or hidden. This was not a minor oversight. It cost us time, money, and trust. Do not buy from OPENLANE.",Customer Service & Communication,Agent Professionalism & Responsiveness,Rude/Unhelpful Support
rvw-000564,google.com,Google Business Profile (OPENLANE),https://www.google.com/maps/reviews/data=!4m8!14m7!1m6!2m5!1sCi9DQUlRQUNvZENodHljRjlvT2pGbmVEazVUVVpET1dwMVF6Rm5NbGs0U0VRMlZYYxAB!2m1!1s0x0:0x7af4135fd6c841d8!3m1!1s2@1:CAIQACodChtycF9oOjFneDk5TUZDOWp1QzFnMlk4SEQ2VXc%7C%7C?hl=en,google_business_us_profile,Dean Ferraro,2026-01-07,5,positive,"Yunni Alvarez is fantastic! New rep at OpenLane solved a problem with AutoCheck that everyone else wouldn't address for 2/12 months and did it overnight! Her Customer Service is excellent. She got on this and didn't stop! Great hire! Thank you. Dean Ferraro , Ferraro Motor Company.",Customer Service & Communication,Agent Professionalism & Responsiveness,Helpful Support Experience
rvw-000565,google.com,Google Business Profile (OPENLANE),https://www.google.com/maps/reviews/data=!4m8!14m7!1m6!2m5!1sCi9DQUlRQUNvZENodHljRjlvT21kMGRXOHhlR0ZqVW1KaWNFOTVlWGxvWjBWalkxRRAB!2m1!1s0x0:0x7af4135fd6c841d8!3m1!1s2@1:CAIQACodChtycF9oOmd0dW8xeGFjUmJicE95eXloZ0VjY1E%7C%7C?hl=en,google_business_us_profile,Paul Messersmith,2026-01-06,5,positive,After being in the business 20 years you know a rockstar when you meet one and Thomas is absolutely the most helpful person that I've worked with and I really appreciate all he does at open Lane they don't know how lucky they are to have him.,Customer Service & Communication,Agent Professionalism & Responsiveness,Helpful Support Experience
rvw-000049,trustpilot.com,Trustpilot (openlane.com),https://www.trustpilot.com/reviews/695017c62bb32b76496817fd,trustpilot_us_slug,Annette Gloyd,2025-12-27,1,negative,BUYER BEWARE. BUYER BEWARE! This company does not inspect the vehicles well. You will get stuck with a vehicle that has problems.,"Lot Condition, Listing Status and related",Third-Party Inspection Authorization & Scheduling,Previewing/ Inspecting Vehicles
rvw-000354,reddit.com,Reddit r/askcarsales,https://www.reddit.com/r/askcarsales/comments/1px326o/openlane_web_scrape/,mixed_source_ok,jupyterpeak,2025-12-27,,positive,openlane web scrape has anyone tried to web scrape openlane? just generally curious. i'm pretty dissapointed in their portal and i think combining their data with other dealerships could be super helpful,Customer Service & Communication,Agent Professionalism & Responsiveness,Helpful Support Experience
rvw-000566,google.com,Google Business Profile (OPENLANE),https://www.google.com/maps/reviews/data=!4m8!14m7!1m6!2m5!1sCi9DQUlRQUNvZENodHljRjlvT25oeFpqWndTbFpQVVcxUlZVUXdXVVpMZDFsa1VYYxAB!2m1!1s0x0:0x7af4135fd6c841d8!3m1!1s2@1:CAIQACodChtycF9oOnhxZjZwSlZPUW1RVUQwWUZLd1lkUXc%7C%7C?hl=en,google_business_us_profile,Hasan Almansour,2025-12-26,5,positive,It has been nothing short of spectacular experience working with Melissa and George! Their customer care is on a personal level with the dealer ensuring that everything is done in most professional way. Thank you Melissa and Thank you George for the wonderful support.,Customer Service & Communication,Agent Professionalism & Responsiveness,Helpful Support Experience
rvw-000050,trustpilot.com,Trustpilot (openlane.com),https://www.trustpilot.com/reviews/694c661eb4281e996fe09654,trustpilot_us_slug,Isahi DeMontecristo,2025-12-25,1,negative,"No wonder they have so low score. No wonder they have so low score, worst company ever, they let franchise overprice their cars claiming there’s no issues till you get the cars. Mine had the suspension messed up and came back saying that’s not covered and the inspection “conveniently “ forgot to take a clear picture of a warning with an electrical issue by changing the message on it. Now I’m deep in a hole because I bought at book with a whole lot of problems.. word of advice: stay away anff do go to auctions where at least you can see and turn on the car by yourself if you don’t want to get screwed over","Lot Condition, Listing Status and related",Third-Party Inspection Authorization & Scheduling,Previewing/ Inspecting Vehicles
rvw-000375,play.google.com,Google Play (com.openlane.mobile.carsarriveplus),https://play.google.com/store/apps/details?id=com.openlane.mobile.carsarriveplus&hl=en&gl=us,google_play_us_store,Airbud d,2025-12-22,2,negative,needs improvement. each time I use it I have to log out and back in every time for the app to work properly.,Account / Access / Login,Password Reset & Login Troubleshooting,App Login Troubleshooting
rvw-000051,play.google.com,Google Play (com.openlane.mobile.carsarriveplus),https://play.google.com/store/apps/details?id=com.openlane.mobile.carsarriveplus&hl=en&gl=us,google_play_us_store,Airbud d,2025-12-21,2,negative,needs improvement. each time I use it I have to log out and back in every time for the app to work properly.,Account / Access / Login,Password Reset & Login Troubleshooting,App Login Troubleshooting
rvw-000567,google.com,Google Business Profile (OPENLANE),https://www.google.com/maps/reviews/data=!4m8!14m7!1m6!2m5!1sCi9DQUlRQUNvZENodHljRjlvT21oRFMyUnVSVEkxV0daM1RuQkZWRzVFV214WFpsRRAB!2m1!1s0x0:0x7af4135fd6c841d8!3m1!1s2@1:CAIQACodChtycF9oOmhDS2RuRTI1WGZ3TnBFVG5EWmxXZlE%7C%7C?hl=en,google_business_us_profile,Charlie Owens,2025-12-21,5,positive,"This platform has gone from my least liked and last resort to my 1st choice in buying. They went from an app that crashes and freezes every 2 minutes to a well oiled machine. I was at wits end and had actually decided to just stop doing business here. My account manager Chris Odell is the ONLY reason I decide to give it a 2nd chance. I don’t know who they fired or hired but they definitely made some great changes in the last quarter of 2025 and I couldn’t be happier with the ease of use of their system now. If/when they finally get ALL of their features on the APP where you don’t have to stop and go find a computer for things like actual vehicle pickup locations and payment history they just might be perfect. I do have to add 1 aggravating thing though… Title Delay should NOT be allowed past 30 days for NON California vehicles! If these dealers can’t produce a title in 30 Days they shouldn’t be allowed on this or any platform! 45 Days across the board because of CA is Unacceptable and this is the only platform doing this. I must say that for the most part I have had my titles in 2-3 weeks. Again, Thank you OPENLANE for Finally fixing you APP. It’s worked flawlessly for several weeks now! 🙂",Customer Service & Communication,Agent Professionalism & Responsiveness,Helpful Support Experience
rvw-000355,apps.apple.com,"Apple App Store (6753570460, us)",https://apps.apple.com/us/app/id6753570460?see-all=reviews&platform=iphone&reviewId=13526214223,apple_us_store,iAppmore,2025-12-18,1,negative,"Full of bugs and crashes randomly. The app crashes upon startup and I must repeat the login procedure many times, if it somehow remains running long enough to do some work it will unexpectedly crash and delete all the previous work. The user interface is complicated and glitchy. The app is full of bugs and needs a major overhaul",Account / Access / Login,Password Reset & Login Troubleshooting,App Login Troubleshooting
rvw-000568,google.com,Google Business Profile (OPENLANE),https://www.google.com/maps/reviews/data=!4m8!14m7!1m6!2m5!1sCi9DQUlRQUNvZENodHljRjlvT2pSMVEwMUVhMnMxWTBaVlNHNTViV2wxTTJrNGFVRRAB!2m1!1s0x0:0x82ddb1a9ae334e23!3m1!1s2@1:CAIQACodChtycF9oOjR1Q01Ea2s1Y0ZVSG55bWl1M2k4aUE%7C%7C?hl=en,google_business_us_profile,Majd Bob,2025-12-17,5,positive,"I love using Openlane to purchase inventory for my dealership, fast and easy with no hassle. My account rep Tim always goes above and beyond to make sure everything is in order for my dealership. Thank You Tim and the Openlane team for your business!!!",Customer Service & Communication,Agent Professionalism & Responsiveness,Helpful Support Experience
rvw-000052,apps.apple.com,"Apple App Store (1175036411, us)",https://itunes.apple.com/us/review?id=1175036411&type=Purple%20Software&reviewId=13526208369,apple_us_store,iAppmore,2025-12-17,1,negative,"So glitchy. Horrible App, I don’t know who they have building these apps, it’s so glitchy, the timestamps don’t work. The filters don’t save. The notifications are outdated. The bidding options don’t work. And the worst part is that they don’t update it!",Account / Access / Login,Password Reset & Login Troubleshooting,App Login Troubleshooting
rvw-000053,apps.apple.com,"Apple App Store (6753570460, us)",https://itunes.apple.com/us/review?id=6753570460&type=Purple%20Software&reviewId=13526214223,apple_us_store,iAppmore,2025-12-17,1,negative,"Full of bugs and crashes randomly. The app crashes upon startup and I must repeat the login procedure many times, if it somehow remains running long enough to do some work it will unexpectedly crash and delete all the previous work. The user interface is complicated and glitchy. The app is full of bugs and needs a major overhaul.",Account / Access / Login,Password Reset & Login Troubleshooting,App Login Troubleshooting
rvw-000569,google.com,Google Business Profile (OPENLANE),https://www.google.com/maps/reviews/data=!4m8!14m7!1m6!2m5!1sCi9DQUlRQUNvZENodHljRjlvT21sRFlVbE1iVTlFYm5sU1FXVXdjWFJTWm1oSWJtYxAB!2m1!1s0x0:0x7af4135fd6c841d8!3m1!1s2@1:CAIQACodChtycF9oOmlDYUlMbU9EbnlSQWUwcXRSZmhIbmc%7C%7C?hl=en,google_business_us_profile,Cameron Compton,2025-12-16,5,positive,"As a new car dealer, Chris from open lane has been very helpful. Openlane does a great job with condition reports. Very pleased overall with open lane.",Customer Service & Communication,Agent Professionalism & Responsiveness,Helpful Support Experience
rvw-000570,google.com,Google Business Profile (OPENLANE),https://www.google.com/maps/reviews/data=!4m8!14m7!1m6!2m5!1sCi9DQUlRQUNvZENodHljRjlvT2tGclRIbGFPVE14UnpOUE1WWTRSVWRSU0RCS2FsRRAB!2m1!1s0x0:0x7af4135fd6c841d8!3m1!1s2@1:CAIQACodChtycF9oOkFrTHlaOTMxRzNPMVY4RUdRSDBKalE%7C%7C?hl=en,google_business_us_profile,Chase Cerino,2025-12-15,5,positive,"Tomas V is the best auction representative we’ve worked with. He’s consistently responsive, reliable, and attentive to our dealership’s needs. Communication is always clear, and any issues that come up are handled efficiently and professionally. OPENLANE has been a strong platform for us, and working with a representative like Tomas makes the process smoother and more dependable. His follow-through and dealer-first approach genuinely set him apart from the rest.",Customer Service & Communication,Agent Professionalism & Responsiveness,Helpful Support Experience
rvw-000376,play.google.com,Google Play (com.openlane.mobile.carsarriveplus),https://play.google.com/store/apps/details?id=com.openlane.mobile.carsarriveplus&hl=en&gl=us,google_play_us_store,Nick Napalm,2025-12-13,2,negative,"Annoying app, freezes/slows at times (especially when trying to take photos). Also when scanning the Vin, it comes back as wrong vehicle when the Vin definitely matches",Account / Access / Login,Password Reset & Login Troubleshooting,App Login Troubleshooting
rvw-000571,google.com,Google Business Profile (OPENLANE),https://www.google.com/maps/reviews/data=!4m8!14m7!1m6!2m5!1sCi9DQUlRQUNvZENodHljRjlvT2xSR01rOTJZVW8xV0hOT1RWTlVVMGh1YUdKSGRIYxAB!2m1!1s0x0:0x82ddb1a9ae334e23!3m1!1s2@1:CAIQACodChtycF9oOlRGMk92YUo1WHNOTVNUU0huaGJHdHc%7C%7C?hl=en,google_business_us_profile,Steven Wilks,2025-12-13,1,negative,Do not do business with them there inspectors are either being paid by the new car store to HIDE KNOWN ISSUES or they are incompetent. They said on my car dip stick oil level low. We get the car back to discover the engine was SEIZED. On there app they place bids without your consent. If the title is not in they still pull money from your account for the vehicle even though there is no title. There needs to be a class action law suit against this place,"Title, Ownership, POA and Documentation",Title Delivery & Status,Title Not Received
rvw-000054,play.google.com,Google Play (com.openlane.mobile.carsarriveplus),https://play.google.com/store/apps/details?id=com.openlane.mobile.carsarriveplus&hl=en&gl=us,google_play_us_store,Nick Napalm,2025-12-12,2,negative,"Annoying app, freezes/slows at times (especially when trying to take photos). Also when scanning the Vin, it comes back as wrong vehicle when the Vin definitely matches",Account / Access / Login,Password Reset & Login Troubleshooting,App Login Troubleshooting
rvw-000572,google.com,Google Business Profile (OPENLANE),https://www.google.com/maps/reviews/data=!4m8!14m7!1m6!2m5!1sCi9DQUlRQUNvZENodHljRjlvT2paU2MybG9SblJqVmtnNExWWXdRMDlRVXpKR2JWRRAB!2m1!1s0x0:0x7af4135fd6c841d8!3m1!1s2@1:CAIQACodChtycF9oOjZSc2loRnRjVkg4LVYwQ09QUzJGbVE%7C%7C?hl=en,google_business_us_profile,Seaside,2025-12-12,5,positive,"I regularly participate in the OpenLane auctions, and throughout this time, Tomas Velazquez has consistently been the person who makes the entire process smoother and more reliable. I’ve been helped by Tomas several times, and every experience has been excellent. He treats me with incredible professionalism, patience, and genuine care. No matter what I needed, Tomas always went the extra mile to make sure everything worked out and that I felt supported at every step. I’m truly grateful for everything he has done to help me close deals and for the trust he has built with me over time. It’s not easy to find someone who is this reliable and dedicated. Tomas really stands out, and his commitment to his clients speaks for itself. Tomas is someone I fully trust when it comes to guidance and support during any deal. His dedication and work ethic truly make a difference.",Customer Service & Communication,Agent Professionalism & Responsiveness,Helpful Support Experience
rvw-000055,play.google.com,Google Play (com.openlane.mobile.carsarriveplus),https://play.google.com/store/apps/details?id=com.openlane.mobile.carsarriveplus&hl=en&gl=us,google_play_us_store,Vitor Ferreira,2025-12-11,1,negative,"app don't work on my Samsung fold 6, most of the time need to reinstall and reinstall and reinstall, it's very time consuming.",Account / Access / Login,Password Reset & Login Troubleshooting,App Login Troubleshooting
rvw-000573,google.com,Google Business Profile (OPENLANE),https://www.google.com/maps/reviews/data=!4m8!14m7!1m6!2m5!1sCi9DQUlRQUNvZENodHljRjlvT25sUldsVXRRVmRvVFZWQmVXczJjWFJUY0dkeVQwRRAB!2m1!1s0x0:0x7af4135fd6c841d8!3m1!1s2@1:CAIQACodChtycF9oOnlRWlUtQVdoTVVBeWs2cXRTcGdyT0E%7C%7C?hl=en,google_business_us_profile,Bryan Gidaro,2025-12-10,5,positive,Greg is the best rep I have worked with. I had several problems with my account and spoke to several people who said I was good to go but wasn’t. After asking Greg one time he fixed my problem. Great communication great service!!! Thank you Greg!!,Customer Service & Communication,Case Resolution Quality,Issue Resolved
rvw-000447,trustpilot.com,Trustpilot (openlane.com),https://www.trustpilot.com/reviews/694c661eb4281e996fe09654,trustpilot_us_slug,Trustpilot user,2025-12-08,,negative,"No wonder they have so low score. No wonder they have so low score, worst company ever, they let franchise overprice their cars claiming there’s no issues till you get the cars. Mine had the suspension messed up and came back saying that’s not covered and the inspection “conveniently “ forgot to take a clear picture of a warning with an electrical issue by changing the message on it. Now I’m deep in a hole because I bought at book with a whole lot of problems.. word of advice: stay away anff do go to auctions where at least you can see and turn on the car by yourself if you don’t want to get screwed over","Lot Condition, Listing Status and related",Third-Party Inspection Authorization & Scheduling,Previewing/ Inspecting Vehicles
rvw-000056,apps.apple.com,"Apple App Store (1566419386, us)",https://itunes.apple.com/us/review?id=1566419386&type=Purple%20Software&reviewId=13480052730,apple_us_store,DDDOSIANNN,2025-12-05,1,negative,"An extremely inconvenient application.. You take the car, the scanner doesn't work with the VIN number, you have to enter it manually, and the same nonsense happens during unloading! Why do I have to enter the VIN a second time, it's unclear, the camera doesn't work in the horizontal position... TERRIBLE!!! It's really unpleasant to work with this.",Account / Access / Login,Password Reset & Login Troubleshooting,App Login Troubleshooting
rvw-000057,trustpilot.com,Trustpilot (openlane.com),https://www.trustpilot.com/reviews/6930aa4fd0469ba31dd92e76,trustpilot_us_slug,Steven W,2025-12-03,1,negative,"This hands down is the most unethical…. This hands down is the most unethical auto auction I ever experienced in my entire years in the auto industry. The employee are on border line or being evil. Here are just a few examples. They use to allow the dealer to post his comment with the experience he had with the seller but guess what Open lane management did? They removed ALL comments to protect bad new car stores so if a new dealer in this scam app it there's bids on a car they have NO IDEA how bad he is. There so called inspectors in my opinion have been paid off by the new car store to hide KNOWN defects. Example I purchased a auto the inspector said ""NEEDS JUMP START"". when you read this what do you dealers think it needs a alternator right? Well when we had the auto delivered the engine was SEIZED!!! How can mis diagnose this !!! Another example is as you are aware when you dealers go to a auction and the title is T/A title absent you write them a check and wait for a title right? No not with this corrupt company they will take your money without any title first if you not like that they said we charge you $20 dollars. My dealer friends I can go on and on with them DO NOT DO BUSINESS WITH THEM..I encourge all of you to make comments on here to get the word out about them",Customer Service & Communication,Agent Professionalism & Responsiveness,Rude/Unhelpful Support
rvw-000058,play.google.com,Google Play (com.backlotcars.backlotcars),https://play.google.com/store/apps/details?id=com.backlotcars.backlotcars&hl=en&gl=us,google_play_us_store,John Zachary,2025-12-03,1,negative,USED CAR DEALERS WATCH OUT !!!!They use to let you make comments about your experience you had with the selling dealer which they REMOVED why? because they are protecting the new car store so can continue to sell you used car dealers BAD AUTOS!! even eBay allows comments on ANY product. it's designed to screw over the independent dealer. there coders are fraudulently are placing bids for dealers they DID NOT DO !! a class action lawsuit needs to be done against them,Membership / Licensing / Fees & Bidding Policies,"Bidding Process, Rules and Fees",Fees
rvw-000448,trustpilot.com,Trustpilot (openlane.com),https://www.trustpilot.com/reviews/6930aa4fd0469ba31dd92e76,trustpilot_us_slug,Trustpilot user,2025-12-01,,negative,"This hands down is the most unethical…. This hands down is the most unethical auto auction I ever experienced in my entire years in the auto industry. The employee are on border line or being evil. Here are just a few examples. They use to allow the dealer to post his comment with the experience he had with the seller but guess what Open lane management did? They removed ALL comments to protect bad new car stores so if a new dealer in this scam app it there's bids on a car they have NO IDEA how bad he is. There so called inspectors in my opinion have been paid off by the new car store to hide KNOWN defects. Example I purchased a auto the inspector said ""NEEDS JUMP START"". when you read this what do you dealers think it needs a alternator right? Well when we had the auto delivered the engine was SEIZED!!! How can mis diagnose this !!! Another example is as you are aware when you dealers go to a auction and the title is T/A title absent you write them a check and wait for a title right? No not with this corrupt company they will take your money without any title first if you not like that they said we charge you $20 dollars. My dealer friends I can go on and on with them DO NOT DO BUSINESS WITH THEM..I encourge all of you to make comments on here to get the word out about them",Customer Service & Communication,Agent Professionalism & Responsiveness,Rude/Unhelpful Support
rvw-000059,trustpilot.com,Trustpilot (openlane.com),https://www.trustpilot.com/reviews/692a6093f7c381696c97f1d3,trustpilot_us_slug,S,2025-11-29,1,negative,"Their arbitration policy is fake. Their arbitration policy is fake. They don't have option to unwind the deal. The diesel car has engine noise, they don't cover it because it's upper engine noise... condition report is also not true...","Lot Condition, Listing Status and related",Lot Condition Reporting,Lot Damage
rvw-000060,play.google.com,Google Play (com.openlane.mobile.carsarriveplus),https://play.google.com/store/apps/details?id=com.openlane.mobile.carsarriveplus&hl=en&gl=us,google_play_us_store,Chris Moore,2025-11-26,2,negative,app won't load half the time. always log out and restart phone for it to show my loads. I'm on Verizon with full service in indy and still waiting for it to load up,Account / Access / Login,Password Reset & Login Troubleshooting,App Login Troubleshooting
rvw-000061,apps.apple.com,"Apple App Store (1566419386, us)",https://itunes.apple.com/us/review?id=1566419386&type=Purple%20Software&reviewId=13425217460,apple_us_store,RayMeeks,2025-11-21,1,negative,Horrible UI. This is the worst app I have used for Hauling cars. It has a horrible user interface as well as color scheme. I’m not sure what developer thinks white Text on a light gray background is a good idea also the whole process of just inspecting a vehicle is way clunky and just not user-friendly at,"Lot Condition, Listing Status and related",Third-Party Inspection Authorization & Scheduling,Previewing/ Inspecting Vehicles
rvw-000356,apps.apple.com,"Apple App Store (6753570460, us)",https://apps.apple.com/us/app/id6753570460?see-all=reviews&platform=iphone&reviewId=13422347988,apple_us_store,Adventuregamingvital,2025-11-21,2,negative,Need major update. I believe the app needs a big update and bug fix. Every time I open the app and try logging in it instantly closes the app and have to go back to the app. Does it a few times before it becomes stable to stay in the app. Once closing the app it logs you out instantly which will be a big problem if someone accidentally exits of the app and would have to sign back in. I’m not sure if other people are experiencing the same issue. Maybe in the next month or two it improves,Account / Access / Login,Password Reset & Login Troubleshooting,App Login Troubleshooting
rvw-000062,apps.apple.com,"Apple App Store (6753570460, us)",https://itunes.apple.com/us/review?id=6753570460&type=Purple%20Software&reviewId=13422347988,apple_us_store,Adventuregamingvital,2025-11-20,2,negative,Need major update. I believe the app needs a big update and bug fix. Every time I open the app and try logging in it instantly closes the app and have to go back to the app. Does it a few times before it becomes stable to stay in the app. Once closing the app it logs you out instantly which will be a big problem if someone accidentally exits of the app and would have to sign back in. I’m not sure if other people are experiencing the same issue. Maybe in the next month or two it improves.,Account / Access / Login,Password Reset & Login Troubleshooting,App Login Troubleshooting
rvw-000574,google.com,Google Business Profile (OPENLANE),https://www.google.com/maps/reviews/data=!4m8!14m7!1m6!2m5!1sCi9DQUlRQUNvZENodHljRjlvT2tKME1XcFRlVGhPWmpOSlRHSnFOVzFVVjJwUVowRRAB!2m1!1s0x0:0x7af4135fd6c841d8!3m1!1s2@1:CAIQACodChtycF9oOkJ0MWpTeThOZjNJTGJqNW1UV2pQZ0E%7C%7C?hl=en,google_business_us_profile,Jonathan Hodge,2025-11-18,1,negative,"BEWARE: If you are a small independent business, this ""auction"" will absolutely run over you. I have bought many vehicles from this auction and had multiple issues. I have sold multiple vehicles and they do not stand behind their inspectors and will force you to buy units back even though they charge you for seller guard. Sit down because I will be giving you all the details. I bought a land rover on here that passed inspection with no issues. The entire bottom of the car was rusted to the point that on my test drive, a portion of the coil spring fell out. The fuel tank was hardly hanging on because the straps were rusted out. Openlane refused to buy back the car. I bought an F150 Raptor on openlane that was listed AS-IS and when I reached out to ask why, I was told it had a title issue but the truck was perfect aside from that. Runs and drives just like new. It showed up with cam phaser rattle and a transmission that wouldn't shift. It was so bad that when you tried to pull onto a road it would immediately drop to neutral. They would not take it back. I bought a 2015 Mustang that was listed as having light smoke while driving. It had a dead cylinder that locked up when I tried to move the car into my shop and put a hole in the block. They refused to buy it back. I bought an aston martin on openlane and drove it for a while with no issues. I sold it on openlane and it magically had a blown head gasket. I was forced to buy the car back. It had no issues when it left here and no issues during inspection. I sold an F150 and the inspector put the VIN in incorrectly. Openlane made me buy the truck back due to their inspector not catching his mistake. I sold a 1967 Mustang on openlane and because one digit on the title was wrong, they made me buy it back even though I told them I could get it fixed or the buyer could do a vin verification and have it fixed. They drug their feet for over a month saying the buyer was fixing it but later decided they didn't want to do it. I had to pay for it to come back and had the title issue fixed in less than 4 hours. I sold a Ram 3500 that drove perfect on my lot, drove perfect for the inspector and had a rebuilt transmission. Now they are forcing me to buy it back even though I have seller guard to cover myself. They are saying the transmission is so bad that the truck won't move. Who knows what the buyer did to the truck while it was in his possession. I have a receipt proving the transmission is rebuilt but openlane is now threating a lawsuit if I don't buy the truck back. My rep told me they would re-list the truck and sell it and just consider it a loss. I verified multiple times that they would not come after me for the remainder of the money. He assured me that they would not. They are wanting all of their money tomorrow now. I have lost so much money on this terrible platform due to their negligence that I have been forced to close my dealership. When I sell a vehicle I have to pay my floorplan, I do not have the money to keep buying vehicles back. The one time I did manage to get arbitration to do anything for me I had to jump through hoops and they wanted me to pay out of pocket to have Ford tear down an engine to find where the knocking noise was coming from. Spoiler alert: it was rod knock like I told them it was. They DO NOT stand behind their own policies, their inspectors or the vehicles they sell. They refuse to help independent dealers and their arbitration team is an absolute joke. DO NOT buy or sell anything on this platform. They will run you over. They will play favorites and you better hope you aren't going against a bigger dealer because they will side with them every time. Absolute joke of a company.",Customer Service & Communication,Agent Professionalism & Responsiveness,Rude/Unhelpful Support
rvw-000063,bbb.org,BBB Customer Reviews,https://www.bbb.org/us/in/carmel/profile/car-dealers/openlane-inc-0382-90024496/customer-reviews#0382_90024496_117178,bbb_us_business,tom h,2025-11-17,1.0,negative,the 5 raing on the inspections have no value. our purchase needs $3000-$5000 to make safe or even driveable. we were told nothing is covered and they would give us a one time $500 goodwill credit if we agreed on the spot to close arbitration,"Lot Condition, Listing Status and related",Third-Party Inspection Authorization & Scheduling,Previewing/ Inspecting Vehicles
rvw-000064,play.google.com,Google Play (com.nthgensoftware.traderev.android),https://play.google.com/store/apps/details?id=com.nthgensoftware.traderev.android&hl=en&gl=us,google_play_us_store,Charles Fréchette,2025-11-16,1,negative,"terrible update,, selling less and buying less on that app because it really is a pain juste to click on something. always laggy.",Account / Access / Login,Password Reset & Login Troubleshooting,App Login Troubleshooting
rvw-000575,google.com,Google Business Profile (OPENLANE),https://www.google.com/maps/reviews/data=!4m8!14m7!1m6!2m5!1sCi9DQUlRQUNvZENodHljRjlvT2tWRFJWWXRZMXBJTFVwV05ERkxSbTVNVm5aTE1VRRAB!2m1!1s0x0:0x82ddb1a9ae334e23!3m1!1s2@1:CAIQACodChtycF9oOkVDRVYtY1pILUpWNDFLRm5MVnZLMUE%7C%7C?hl=en,google_business_us_profile,Jaime Roca,2025-11-11,1,negative,"Poor inspection and tricky arbitration rules. I have bought around 400 vehicles from them between my 2 car dealerships, and they just get worse and worse. I see a lot of people in the coment with the same complaints, WE SHOULD START A CLASS A CLASS ACTION LAWSUIT because all the lies during the inspection.","Lot Condition, Listing Status and related",Third-Party Inspection Authorization & Scheduling,Previewing/ Inspecting Vehicles
rvw-000065,trustpilot.com,Trustpilot (openlane.com),https://www.trustpilot.com/reviews/690cd8c5d8606a086080c7c7,trustpilot_us_slug,Aaron Perzanowski,2025-11-06,1,negative,Can't be bothered to show up for…. Can't be bothered to show up for scheduled inspection. Avoid if at all possible.,"Lot Condition, Listing Status and related",Third-Party Inspection Authorization & Scheduling,Previewing/ Inspecting Vehicles
rvw-000066,bbb.org,BBB Complaints,https://www.bbb.org/us/in/carmel/profile/car-dealers/openlane-inc-0382-90024496/complaints#0382_90024496_24112034,bbb_us_business,BBB complainant,2025-11-05,1,negative,Sales and Advertising Issues. This online auction site is horrible.. they do not honor their condition report.. they basically deny anything they can.. no help whatsoever.. its sad that they cant do good business,"Lot Condition, Listing Status and related",Lot Condition Reporting,Lot Damage
rvw-000449,bbb.org,BBB Complaints,http://www.bbb.org/us/in/carmel/profile/car-dealers/openlane-inc-0382-90024496/complaints#0382_90024496_24112034,bbb_us_business,BBB complainant,2025-11-05,1,negative,Sales and Advertising Issues complaint (Unanswered). This online auction site is horrible.. they do not honor their condition report.. they basically deny anything they can.. no help whatsoever.. its sad that they cant do good business,"Lot Condition, Listing Status and related",Lot Condition Reporting,Lot Damage
rvw-000377,play.google.com,Google Play (com.backlotcars.backlotcars),https://play.google.com/store/apps/details?id=com.backlotcars.backlotcars&hl=en&gl=us,google_play_us_store,Omar J,2025-11-04,1,negative,"new issue, it says theres over 900 cars but shows only 15 ! Also the app was running perfectly fine for years, until someone decided to think and turned everything for the worse. So when browsing through the car list, if you enter a car’s details and then return to the list, it automatically brings you back to the top of the list instead of where you left off. For the development department or personal, please don't think again because your update is bad and the app is way slower than before.","Vehicle Pickup, Delivery and Scheduling",Delivery Coordination & Handoffs,Delivery Status and ETA
rvw-000576,google.com,Google Business Profile (OPENLANE),https://www.google.com/maps/reviews/data=!4m8!14m7!1m6!2m5!1sCi9DQUlRQUNvZENodHljRjlvT2pJelRIZExNSFJCTUhZeE1GZ3pXbXBUYURGSU9XYxAB!2m1!1s0x0:0x7af4135fd6c841d8!3m1!1s2@1:CAIQACodChtycF9oOjIzTHdLMHRBMHYxMFgzWmpTaDFIOWc%7C%7C?hl=en,google_business_us_profile,Mike G,2025-11-04,5,positive,"Transport is quick and easy.,Buying is simple . And what's most important is condition reports , so far have been spot on perfect.","Vehicle Pickup, Delivery and Scheduling",Scheduled Pickup Status,Schedule/ Reschedule Pickup
rvw-000577,google.com,Google Business Profile (OPENLANE),https://www.google.com/maps/reviews/data=!4m8!14m7!1m6!2m5!1sCi9DQUlRQUNvZENodHljRjlvT2xWTk5sVkdNM1pNWjNGTk1UZGlPR2s1ZFRkb2RtYxAB!2m1!1s0x0:0x82ddb1a9ae334e23!3m1!1s2@1:CAIQACodChtycF9oOlVNNlVGM3ZMZ3FNMTdiOGk5dTdodmc%7C%7C?hl=en,google_business_us_profile,M H,2025-11-04,1,negative,"Some of the most flip-flop policy within this company you’ll ever experience. One day it’s this and another day it’s that and it’s all without notice. Just for one example, if you buy a cars from them, your titles will consistently be messed up and they don’t care if you’re receiving the titles late. Another scenario, if you buy a lot of cars from them and don’t get them Picked up swiftly, they will drop the bomb on you and ship it to you at your expense. One month, they will give you 48 hour notice if there’s an issue with the car not being picked up in time and the next month they won’t give you 48 hour notice. Sarah, and transport, will dance in circles in conversation with you and treat you as if you don’t know what you’re talking about. She Will try her best at being professional all while patronizing you. This used to be a great place in the early years but now it’s big and the corporate greed is taken over and they really don’t give a damn about the people that made them what they are today. They will treat you like garbage and the only lucky you will have is if you get a good Account rep. I would advise going to ACV, where you will get treated much better on a much better platform and their policies do not flip-flop from one week to the next. There’s many other options, don’t get stuck here, where you won’t count.",Customer Service & Communication,Agent Professionalism & Responsiveness,Rude/Unhelpful Support
rvw-000067,play.google.com,Google Play (com.backlotcars.backlotcars),https://play.google.com/store/apps/details?id=com.backlotcars.backlotcars&hl=en&gl=us,google_play_us_store,Omar J,2025-11-03,1,negative,"new issue, it says theres over 900 cars but shows only 15 ! Also the app was running perfectly fine for years, until someone decided to think and turned everything for the worse. So when browsing through the car list, if you enter a car’s details and then return to the list, it automatically brings you back to the top of the list instead of where you left off. For the development department or personal, please don't think again because your update is bad and the app is way slower than before.","Vehicle Pickup, Delivery and Scheduling",Delivery Coordination & Handoffs,Delivery Status and ETA
rvw-000578,google.com,Google Business Profile (OPENLANE),https://www.google.com/maps/reviews/data=!4m8!14m7!1m6!2m5!1sCi9DQUlRQUNvZENodHljRjlvT2tWQ2VGVTRNVkY0VkVseE5WWlJaVkJrY1drMFowRRAB!2m1!1s0x0:0x82ddb1a9ae334e23!3m1!1s2@1:CAIQACodChtycF9oOkVCeFU4MVF4VElxNVZRZVBkcWk0Z0E%7C%7C?hl=en,google_business_us_profile,Mahmoud Ibrahim (moe),2025-10-31,1,negative,"The most disappointing experience I have had purchasing a car was due to the poor inspection conducted on their vehicles listed for sale. After purchasing a car for its full price, I was required to invest additional funds to have it prepared for sale. Furthermore, their arbitration process prioritizes the seller’s interests over customer satisfaction. They only provide a five-day timeframe for a diagnosis from a verified shop and do not personally inspect the vehicle with the customer. In light of these issues, I would rather opt for auctions to save both my time and money, rather than engaging in business with them again.","Lot Condition, Listing Status and related",Third-Party Inspection Authorization & Scheduling,Previewing/ Inspecting Vehicles
rvw-000579,google.com,Google Business Profile (OPENLANE),https://www.google.com/maps/reviews/data=!4m8!14m7!1m6!2m5!1sCi9DQUlRQUNvZENodHljRjlvT2t3d1kwaHpSWFYxVkc5NE9WaGtSVmxhWlRndGFYYxAB!2m1!1s0x0:0x82ddb1a9ae334e23!3m1!1s2@1:CAIQACodChtycF9oOkwwY0hzRXV1VG94OVhkRVlaZTgtaXc%7C%7C?hl=en,google_business_us_profile,Edward Jr,2025-10-30,1,negative,"Do not buy anything from this auction,they are very unethical and poorly done vehicle inspections.They we will not stand behind- The Buyer and it will cause you thousands for hidden issues that all selling dump off on this site.","Lot Condition, Listing Status and related",Third-Party Inspection Authorization & Scheduling,Previewing/ Inspecting Vehicles
rvw-000580,google.com,Google Business Profile (OPENLANE),https://www.google.com/maps/reviews/data=!4m8!14m7!1m6!2m5!1sCi9DQUlRQUNvZENodHljRjlvT2kxTlRsQkdRakIzYjBoYVUyUXpaMDlwTW05bE9FRRAB!2m1!1s0x0:0x7af4135fd6c841d8!3m1!1s2@1:CAIQACodChtycF9oOi1NTlBGQjB3b0haU2QzZ09pMm9lOEE%7C%7C?hl=en,google_business_us_profile,Ken El Maghraby,2025-10-29,1,negative,"I’ve had nothing but bad experiences with OpenLane. Every time I buy a vehicle, I end up with serious title problems. The titles always arrive late, and when they finally do, they’re missing very important documents. Meanwhile, OpenLane ACHs the money from my bank right away, leaving me stuck dealing with all the issues on my own. Once I get the incomplete title, it turns into a long and frustrating process to fix it — wasting my time and money. No one is ever truly helpful, and it’s almost impossible to reach a manager who takes responsibility. On top of that, most of the vehicles I’ve purchased have major mechanical problems — transmission or engine issues — that were not mentioned in the condition report. And of course, when I try to return the vehicle, OpenLane always refuses to take it back, no matter how serious the problem is. It’s become clear that they don’t stand behind what they sell or care about the buyer’s experience. I would strongly warn anyone thinking of using OpenLane to think twice before doing business with them.",Customer Service & Communication,Agent Professionalism & Responsiveness,Rude/Unhelpful Support
rvw-000068,trustpilot.com,Trustpilot (openlane.com),https://www.trustpilot.com/reviews/68f8f2f20432471b2684e708,trustpilot_us_slug,WJB,2025-10-22,1,negative,Selling a car and refusing to prove the…. Selling a car and refusing to prove the state it's in by posting or sending pictures of workstatements. Anonymous employees answering that you first need to buy a classic car before you're allowed to inspect it. Stupidity.,"Lot Condition, Listing Status and related",Third-Party Inspection Authorization & Scheduling,Previewing/ Inspecting Vehicles
rvw-000378,play.google.com,Google Play (com.nthgensoftware.traderev.android),https://play.google.com/store/apps/details?id=com.nthgensoftware.traderev.android&hl=en&gl=us,google_play_us_store,Jaff W,2025-10-22,1,negative,"Total scams, this is one of the worst app ever made. the slowest most sluggish up of all times. The team behind this app is ******. The auction itself has become a total scam. From high buy fees to limited arbitration and arbitration fee for invalid arbs, and they decide whether it is valid or invalid. You have to pay a monthly fee and then and then they scam you with mandatory transport, which is absolutely a scam. A buyer should have the option to choose how to transport their own purchase.",Customer Service & Communication,Agent Professionalism & Responsiveness,Rude/Unhelpful Support
rvw-000581,google.com,Google Business Profile (OPENLANE),https://www.google.com/maps/reviews/data=!4m8!14m7!1m6!2m5!1sCi9DQUlRQUNvZENodHljRjlvT214elEzVTBRelpIVTJaMk1ESlhVREpVYzFRd1VrRRAB!2m1!1s0x0:0x7af4135fd6c841d8!3m1!1s2@1:CAIQACodChtycF9oOmxzQ3U0QzZHU2Z2MDJXUDJUc1QwUkE%7C%7C?hl=en,google_business_us_profile,MIke Be,2025-10-22,4,positive,"Update: The company has been making a sincere effort to address my recent concerns. They covered the cost of transporting a $100 vehicle across state lines ($1100), which I truly appreciate. We’re not completely in the clear yet as the policy is still in place, scary to purchase anything far away now, and things can still get out of hand, though I’m hopeful everything will be sorted out so we can move forward together. Thank you, Steve E. and Bill L. This auction has become a complete mess. I work closely with my rep as a high-volume buyer, I share feedback and do what I can to help improve things. Recently, they started experimenting with forced transportation because many buyers weren’t picking up their vehicles on time and were basically using the selling dealers’ lots as free storage. I’ll admit, I’ve done the same — because, why not? Under the previous system, the dealership had to submit a 48-hour pickup request. That notice gave us a fair warning: if we didn’t pick up the vehicle within 48 hours, transport would be forced. It was a reasonable process that worked well — two days was plenty of time to get the vehicle moved. Then, out of nowhere a couple of months ago, they changed the policy without notifying anyone. Since we buy nationwide, we suddenly started receiving forced transport requests every single day. The auction didn’t even consider that buyers might want their vehicles shipped somewhere other than their default dealer lot. There were no options to update delivery addresses, so all the transports were automatically sent to our main location — even for vehicles thousands of miles away. We ended up with sub-$500 cars being force-shipped across the country, each with transport bills in the thousands. To make it worse, they immediately ACH’d us for those charges. If we wanted to change an address, we had to email them, wait weeks for a refund, and deal with accounting chaos in the meantime. After a few weeks of frustration and complaints, they finally realized how badly they had handled it and reverted back to the 48-hour rule. I made sure my rep knew exactly how I felt, and we were all supposedly on the same page. Fast forward two months — they’ve brought this disastrous policy back. You’d think my rep would’ve given me a heads-up or at least tried to help. Nope. No notification, no warning. I just woke up to 2–3 vehicles being force transported again. Now I have to stop everything I’m doing, scramble to arrange transport, and deal with new unexpected and high ACH charges piling up that are wrecking my account daily. Officially, they claim vehicles aren’t charged until delivery, but somehow a few were billed immediately anyway. Sellers are now abusing the system, forcing transport just five days after purchase, and the auction doesn’t care. Communication is awful, my rep is nowhere to be found during this real crisis, and the transport department is flat-out rude. In some cases, they refused to change delivery addresses even when it made no sense — like shipping a $100 car across state lines because the transport company “couldn’t accommodate” a change. They are also sending their vehicles out to the locations immediately after the force transport notice so that you have no time to intercept with your own transport. Its truly evil and Openlane is fully onboard because CarsArrive, their transport company, is owned by Openlane/Kars Auction Services so forced transport is just another revenue stream. Too much conflict of interest now which explains why the reps hands are tied and there is no useful assistance. At this point, it’s just a disaster. I’ve lost all trust and patience with this place. I’m now actively exploring other auctions because I simply can’t keep dealing with this level of incompetence, lack of communication, and disregard for the customer.",Customer Service & Communication,Case Resolution Quality,Issue Resolved
rvw-000069,play.google.com,Google Play (com.nthgensoftware.traderev.android),https://play.google.com/store/apps/details?id=com.nthgensoftware.traderev.android&hl=en&gl=us,google_play_us_store,Jaff W,2025-10-21,1,negative,"Total scams, this is one of the worst app ever made. the slowest most sluggish up of all times. The team behind this app is ******. The auction itself has become a total scam. From high buy fees to limited arbitration and arbitration fee for invalid arbs, and they decide whether it is valid or invalid. You have to pay a monthly fee and then and then they scam you with mandatory transport, which is absolutely a scam. A buyer should have the option to choose how to transport their own purchase.",Customer Service & Communication,Agent Professionalism & Responsiveness,Rude/Unhelpful Support
rvw-000070,bbb.org,BBB Complaints,https://www.bbb.org/us/in/carmel/profile/car-dealers/openlane-inc-0382-90024496/complaints#0382_90024496_24045899,bbb_us_business,BBB complainant,2025-10-21,1,negative,"Service or Repair Issues. We A Bought 2019 REMOVED Trax Order W537969 in good faith with no known issues per their inspection.Once we get in it starts to run hot,so we took our mechanic and called arbitration ,because of a blown head gasket and now it needs a motor .There arbitration refuses to do anything and have horrible attitudes.Dealers beware of all the crooked dealers selling cars on thier site with no repercussions for selling bad cars and no turn REMOVED very disappointed on how our arbitration was handled and will probale never do business again with them Again","Lot Condition, Listing Status and related",Third-Party Inspection Authorization & Scheduling,Previewing/ Inspecting Vehicles
rvw-000450,bbb.org,BBB Complaints,http://www.bbb.org/us/in/carmel/profile/car-dealers/openlane-inc-0382-90024496/complaints#0382_90024496_24045899,bbb_us_business,BBB complainant,2025-10-21,1,negative,"Service or Repair Issues complaint (Unanswered). We A Bought 2019 REMOVED Trax Order W537969 in good faith with no known issues per their inspection.Once we get in it starts to run hot,so we took our mechanic and called arbitration ,because of a blown head gasket and now it needs a motor .There arbitration refuses to do anything and have horrible attitudes.Dealers beware of all the crooked dealers selling cars on thier site with no repercussions for selling bad cars and no turn REMOVED very disappointed on how our arbitration was handled and will probale never do business again with them Again","Lot Condition, Listing Status and related",Third-Party Inspection Authorization & Scheduling,Previewing/ Inspecting Vehicles
rvw-000771,bbb.org,BBB Complaints,http://www.bbb.org/us/in/carmel/profile/car-dealers/openlane-inc-0382-90024496/complaints#0382_90024496_24045899,bbb_us_business,BBB complainant,2025-10-21,1,negative,"Service or Repair Issues complaint (Unanswered). We A Bought 2019 REMOVED Trax Order W537969 in good faith with no known issues per their inspection.Once we get in it starts to run hot,so we took our mechanic and called arbitration ,because of a blown head gasket and now it needs a motor .There arbitration refuses to do anything and have horrible attitudes.Dealers beware of all the crooked dealers selling cars on thier site with no repercussions for selling bad cars and no turn REMOVED very disappointed on how our arbitration was handled and will probale never do business again with them Again * [Page 1](http://www.bbb.org/us/in/carmel/profile/car-dealers/openlane-inc-0382-90024496/complaints?page=1) * [Page 2](http://www.bbb.org/us/in/carmel/profile/car-dealers/openlane-inc-0382-90024496/complaints?page=2) [Next](http://www.bbb.org/us/in/carmel/profile/car-dealers/openlane-inc-0382-90024496/complaints?page=2)[Last](http://www.bbb.org/us/in/carmel/profile/car-dealers/openlane-inc-0382-90024496/complaints?page=2) ## Openlane, Inc.is NOT a BBB Accredited Business. To become accredited, a business must agree to[BBB Standards for Trust](https://www.bbb.org/all/standards-for-trust)and pass BBB's vetting process. [Why choose a BBB Accredited Business?](https://www.bbb.org/all/why-choose-a-bbb-accredited-business) BBB Business Profiles are provided solely to assist you in exercising your own best judgment. BBB does not verify the accuracy of information provided by third parties, and does not guarantee the accuracy of any information in Business Profiles. As a matter of policy, BBB does not endorse any product, service, or business. Businesses are under no obligation to seek BBB accreditation, and some businesses are not accredited because they have not sought BBB accreditation. When considering complaint information, please consider the company's size and volume of transactions. Note that the nature of complaints and a company’s responses to them are often more important than the number of complaints. BBB Business Profiles generally cover a three-year reporting period. [![Image 3: BBB](https://m.bbb.org/brand/logos/BBB_PrimaryLogo_White_RGB.svg)](https://www.bbb.org/)TM ## For Consumers * [Get a Quote](http://www.bbb.org/get-a-quote) * [Start a Review](http://www.bbb.org/leave-a-review) * [File a Complaint](http://www.bbb.org/file-a-complaint) ## For Businesses * [Get Your Business Listed](http://www.bbb.org/get-listed) * [BBB Accreditation](http://www.bbb.org/get-accredited) * [Apply for BBB Accreditation](http://www.bbb.org/apply) * [Newsroom and Resources](http://www.bbb.org/us/news) ## Affiliated Programs * [BBB Institute for Marketplace Trust](https://www.bbbmarketplacetrust.org/) * [BBB Wise Giving Alliance (Give.org)](https://give.org/) * [BBB National Programs](https://bbbprograms.org/) * [our Twitter (opens in a new tab)](https://x.com/bbb_us) * [our LinkedIn (opens in a new tab)](https://www.linkedin.com/company/better-business-bureau/) * [our Facebook (opens in a new tab)](https://www.facebook.com/BetterBusinessBureau) * [our Instagram (opens in a new tab)](https://www.instagram.com/betterbusinessbureau_/) * [About BBB®](http://www.bbb.org/about) * [Terms of Use](http://www.bbb.org/terms-of-use) * [Privacy Policy](http://www.bbb.org/all/privacy-policy) * [Contact Us](http://www.bbb.org/about/find-your-local-bbb) © 2026 International Association of Better Business Bureaus, Inc. (IABBB). All rights reserved. All trademarks are property of IABBB.",Customer Service & Communication,Agent Professionalism & Responsiveness,Rude/Unhelpful Support
rvw-000071,play.google.com,Google Play (com.openlane.mobile.carsarriveplus),https://play.google.com/store/apps/details?id=com.openlane.mobile.carsarriveplus&hl=en&gl=us,google_play_us_store,Oskar Piotrzkowski,2025-10-20,1,negative,keeps telling me to update the app after I just updated it. Uninstalled and reinstalled it and still nothing,Account / Access / Login,Password Reset & Login Troubleshooting,App Login Troubleshooting
rvw-000072,play.google.com,Google Play (com.openlane.mobile.carsarriveplus),https://play.google.com/store/apps/details?id=com.openlane.mobile.carsarriveplus&hl=en&gl=us,google_play_us_store,Bolor Bayaraa,2025-10-19,1,negative,App wise really difficult to use. Asks for update all the time when new update is not available thus can't use the app.,Account / Access / Login,Password Reset & Login Troubleshooting,App Login Troubleshooting
rvw-000073,play.google.com,Google Play (com.openlane.mobile.carsarriveplus),https://play.google.com/store/apps/details?id=com.openlane.mobile.carsarriveplus&hl=en&gl=us,google_play_us_store,A Baker,2025-10-15,1,negative,Trash I wish I could leave 5 negative stars. you can't pick multiple states every time you select a load you have to put all the info back in on website.. app freeze on last picture.. need to put unavailable to sign on pickup option... call me if you need help please im sick of this app and website. use to be my favorite and put load alert also.. This site still trash every time you go out the site you have to start over putting city and state back in. You can't click on multiple cities..,Account / Access / Login,Password Reset & Login Troubleshooting,App Login Troubleshooting
rvw-000074,play.google.com,Google Play (com.nthgensoftware.traderev.android),https://play.google.com/store/apps/details?id=com.nthgensoftware.traderev.android&hl=en&gl=us,google_play_us_store,Sahab,2025-10-08,1,negative,every time new update comes and gives more problems. its getting worse and worse I don't know that they're doing with this app day by day,Account / Access / Login,Password Reset & Login Troubleshooting,App Login Troubleshooting
rvw-000379,play.google.com,Google Play (com.nthgensoftware.traderev.android),https://play.google.com/store/apps/details?id=com.nthgensoftware.traderev.android&hl=en&gl=us,google_play_us_store,Brett Leggat,2025-10-08,1,negative,It's amazing. it's like with every app update it gets worse. Check the history of reviews. Same complaints for YEARS and openlane doesn't do anything about it. fire the whole app team and hire people with knowledge. also help center absolutely useless.,Customer Service & Communication,Agent Professionalism & Responsiveness,Rude/Unhelpful Support
rvw-000075,play.google.com,Google Play (com.nthgensoftware.traderev.android),https://play.google.com/store/apps/details?id=com.nthgensoftware.traderev.android&hl=en&gl=us,google_play_us_store,Brett Leggat,2025-10-07,1,negative,It's amazing. it's like with every app update it gets worse. Check the history of reviews. Same complaints for YEARS and openlane doesn't do anything about it. fire the whole app team and hire people with knowledge. also help center absolutely useless.,Customer Service & Communication,Agent Professionalism & Responsiveness,Rude/Unhelpful Support
rvw-000582,google.com,Google Business Profile (OPENLANE),https://www.google.com/maps/reviews/data=!4m8!14m7!1m6!2m5!1sCi9DQUlRQUNvZENodHljRjlvT2tScFJVSlpia013V1VscGNIRXlOamhCTWw5blVGRRAB!2m1!1s0x0:0x7af4135fd6c841d8!3m1!1s2@1:CAIQACodChtycF9oOkRpRUJZbkMwWUlpcHEyNjhBMl9nUFE%7C%7C?hl=en,google_business_us_profile,Brandon A,2025-10-06,5,positive,I was extremely impressed with Shey's professionalism. She handled my query with a great attention and all issues were addressed promptly. She displayed strong problem-solving skills and kept me updated every step of the way.,Customer Service & Communication,Agent Professionalism & Responsiveness,Helpful Support Experience
rvw-000357,reddit.com,Reddit r/askcarsales,https://www.reddit.com/r/askcarsales/comments/1nwnk7t/openlane_acv_vs_inperson/,mixed_source_ok,mfunktastic,2025-10-03,,positive,"Openlane, ACV vs in-person Doing some research on Openlane, ACV vs in-person auctions from both seller and buyer perspective. I wanted to see if anyone here has any strong views / experiences one way or another? Greatly appreciate any help.",Membership / Licensing / Fees & Bidding Policies,"Bidding Process, Rules and Fees",How to Bid (First Time)
rvw-000076,play.google.com,Google Play (com.nthgensoftware.traderev.android),https://play.google.com/store/apps/details?id=com.nthgensoftware.traderev.android&hl=en&gl=us,google_play_us_store,Michael Lapolla,2025-10-03,1,negative,so glitchy and slow,Account / Access / Login,Password Reset & Login Troubleshooting,App Login Troubleshooting
rvw-000077,play.google.com,Google Play (com.openlane.mobile.carsarriveplus),https://play.google.com/store/apps/details?id=com.openlane.mobile.carsarriveplus&hl=en&gl=us,google_play_us_store,"nadeem ,",2025-10-02,1,negative,one of the worst app,Account / Access / Login,Password Reset & Login Troubleshooting,App Login Troubleshooting
rvw-000078,apps.apple.com,"Apple App Store (1186571028, us)",https://itunes.apple.com/us/review?id=1186571028&type=Purple%20Software&reviewId=13215003125,apple_us_store,Danish31567,2025-10-02,1,negative,Very buggy too many screens. App glitches and crashes all the time. Has too many screens to complete even basic task. Pop up notifications while in app linger way too long and it won’t let you swipe them away. App forces you to entered same info repeatedly if you minimize app or open different app. Bluetooth connectivity hit or miss.,Account / Access / Login,Password Reset & Login Troubleshooting,App Login Troubleshooting
rvw-000358,apps.apple.com,"Apple App Store (1186571028, us)",https://apps.apple.com/us/app/id1186571028?see-all=reviews&platform=iphone&reviewId=13215003125,apple_us_store,Danish31567,2025-10-02,1,negative,Very buggy too many screens. App glitches and crashes all the time. Has too many screens to complete even basic task. Pop up notifications while in app linger way too long and it won’t let you swipe them away. App forces you to entered same info repeatedly if you minimize app or open different app. Bluetooth connectivity hit or miss,Account / Access / Login,Password Reset & Login Troubleshooting,App Login Troubleshooting
rvw-000079,play.google.com,Google Play (com.nthgensoftware.traderev.android),https://play.google.com/store/apps/details?id=com.nthgensoftware.traderev.android&hl=en&gl=us,google_play_us_store,Dan S,2025-10-01,1,negative,"app is so unstable using s25 ultra, it's so buggy. saved searches when selecting more then one car will go blank I have to delete data storage for it to work again only for short period then it will bug again, I can't submit arbitrations only on PC, even trying to chat support is impossible if phone closes for a second the support chat is lost. app is just overall super slow and unresponsive especially in the morning when most cars are closing its impossible to put a bid in.",Customer Service & Communication,Agent Professionalism & Responsiveness,Rude/Unhelpful Support
rvw-000359,birdeye.com,Birdeye (Google),https://reviews.birdeye.com/openlane-166516131772584#review-5,birdeye_us_profile,Tamer Helal,2025-09-28,,positive,"The best Auction I’ve ever used to buy cars. Super easy to use, the inspiration is accurate. Also my Rep. Favi Montes is so helpful and very easy to work with. So responsive and she calls sellers to negotiate with them to get me the best deal, I really recommend Openlane to any dealership.",Customer Service & Communication,Agent Professionalism & Responsiveness,Helpful Support Experience
rvw-000080,apps.apple.com,"Apple App Store (1186571028, us)",https://itunes.apple.com/us/review?id=1186571028&type=Purple%20Software&reviewId=13197986339,apple_us_store,Kirkwood Red,2025-09-28,1,negative,OPENLANE app. App refuses to redownload on my phone please fix,Account / Access / Login,Password Reset & Login Troubleshooting,App Login Troubleshooting
rvw-000583,google.com,Google Business Profile (OPENLANE),https://www.google.com/maps/reviews/data=!4m8!14m7!1m6!2m5!1sCi9DQUlRQUNvZENodHljRjlvT2tGVFEycHJNemRTZEhkcGMxTTJTRGQyVGpBM05WRRAB!2m1!1s0x0:0x82ddb1a9ae334e23!3m1!1s2@1:CAIQACodChtycF9oOkFTQ2prMzdSdHdpc1M2SDd2TjA3NVE%7C%7C?hl=en,google_business_us_profile,Jason Cox,2025-09-25,1,negative,"Do NOT buy from Openlane!!!! MUST READ!!!!!***** I DO NOT WANT YOU TO LOSE YOUR INDEPENDENT DEALERSHIP BECAUSE OF OPENLANE!!!**** THEY WILL PUT YOU OUT OF BUSINESS BY STEALING ALL YOUR CAPITAL!!! DO NOT BUY FROM OPENLANE!!! But it looks like a good deal.... I said NO!!! You WILL LOSE thousands!! DO NOT BUY FROM OPENLANE!!! I bought 8 cars and 6 are in arbitration only to be getting penny's back towards the actual cost of repairs! They DO NOT CARE about your dealership! It is all about what is BEST FOR THEM!!! ******Now let me explain!***** Their inspections are a joke! I HAVE SPENT $15095 in undisclosed repairs!!! Not counting general maintenance like brakes, rotors, oil changes... wear items (Which is expected cost) -2014 RAM needs TRANSMISSION and ENGINE! You LIED and said you checked these things and then ADMITTED we missed it and give 3000 for a 6100 repair! I paid you $9000 for a truck that would have brought $3000, maybe, at auction!!! -2009 Avalon I purchased in good faith that it was inspected properly only for it to get here and sound like the whole front end was coming out of the car! YOU COULDN'T HAVE MISSED THE NOISE! YOU PURPOSELY MISSED IT TO TAKE CARE OF THE SELLER AND DESTROY THE INDEPENDENT AUTO DEALER!!! I limped it to the mechanic shop to find out it needed 2100 in repairs just to be safe to drive! I paid 900 over book because I thought it was good now I'm 3000 over and Openlane says sorry here's a $1000. i paid 4900 for a car that if it would have been at auction it would have brought 2000! -2016 Kia Optima Needs transmission... $2850 repair! You offer $2000 because you know how wrong you are BUT YOU SEND THE MONEY BACK TO ""YOUR COMPANY, AFC"" AND LEAVE ME WITH THE BILL!!! I AM A NEW DEALER!!! IDIOTS!!! I DONT HAVE TONS OF CASH LAYING AROUND TO FIX ALL YOUR MISTAKES!!! $15,095 in repairs needed and you are going to send money back to AFC instead of me!!! -2017 Ram.. TICKING SO LOUD YOU CAN HEAR IT BEFORE IT CAME OFF THE TRUCK AND IT HAD HAIL DAMAGE! You say sorry we missed it!!! BUT WE DONT COVER EXHAUST MANIFOLD LEAKS! it's a $1,300 repair! YOU CAN""T SAY YOU MISSED IT! And then you offer a $1000 for a $1500 hail damage repair! I HAVE TO GO!! There are two more major problems with cars but I'm out of time!!! IT WILL BE ON FACEBOOK SOON IF NOTHING IS DONE!! I TOLD SIX PEOPLE AT AUCTION YESTERDAY AND I WILL PROBABLY WRITE UP A FLYER TO HAND OUT AT THE AUCTIONS I ATTEND INFORMING THEM TO ""NEVER BUY FROM OPENLANE""!","Lot Condition, Listing Status and related",Third-Party Inspection Authorization & Scheduling,Previewing/ Inspecting Vehicles
rvw-000081,apps.apple.com,"Apple App Store (1566419386, us)",https://itunes.apple.com/us/review?id=1566419386&type=Purple%20Software&reviewId=13171180867,apple_us_store,angelo custody,2025-09-22,3,positive,"Better car app, but could improve. The app is functional but when comparing it to Super Dispatch, it falls short in search capabilities and for actual performance when trying to upload photos and access a BOL.",Account / Access / Login,Document Upload & Verification,Upload Troubleshooting
rvw-000082,trustpilot.com,Trustpilot (openlane.com),https://www.trustpilot.com/reviews/68cf021c4d19bb095b5206c4,trustpilot_us_slug,Brad R,2025-09-20,1,negative,"OPENLANE- THE WORST. OPENLANE and District sales manager Eric Carette (a weasel in my opinion) banned a buyer because the seller failed to disclose in the listing- vehicle has no cabin heat, vehicle overheats and vehicle needs towed. After it overheated in just 10 Kms (6 miles) After letting it cool down on the side of the road it was returned to the seller, so they nor Openlane suffered any damages. When I requested the sale just get cancelled, Openlane refused and said the vehicle was drivable! Frickin' morons in my opinion. So in my opinion Openlane and Eric Carette have no morals, ethics, integrity or common sense. BUYERS BEWARE of the tactics at Openlane and the desperation to stick a buyer with a vehicle that had no mechanical disclosures and can't be driven more than 6 miles! In my opinion Openlane is the worst of all the dealer auctions. Just read the reviews from various sources on the web.",Customer Service & Communication,Agent Professionalism & Responsiveness,Rude/Unhelpful Support
rvw-000083,birdeye.com,Birdeye (Google),https://reviews.birdeye.com/openlane-166516131772584#review-5,birdeye_us_profile,Tamer Helal,2025-09-19,,positive,"The best Auction I’ve ever used to buy cars. Super easy to use, the inspiration is accurate. Also my Rep. Favi Montes is so helpful and very easy to work with. So responsive and she calls sellers to negotiate with them to get me the best deal, I really recommend Openlane to any dealership.",Customer Service & Communication,Agent Professionalism & Responsiveness,Helpful Support Experience
rvw-000084,birdeye.com,Birdeye (Google),https://reviews.birdeye.com/openlane-166516131772584?page=2#review-5,birdeye_us_profile,Tamer Helal,2025-09-19,,positive,"The best Auction I’ve ever used to buy cars. Super easy to use, the inspiration is accurate. Also my Rep. Favi Montes is so helpful and very easy to work with. So responsive and she calls sellers to negotiate with them to get me the best deal, I really recommend Openlane to any dealership.",Customer Service & Communication,Agent Professionalism & Responsiveness,Helpful Support Experience
rvw-000085,play.google.com,Google Play (com.backlotcars.backlotcars),https://play.google.com/store/apps/details?id=com.backlotcars.backlotcars&hl=en&gl=us,google_play_us_store,Kelley Williams,2025-09-18,1,negative,New update is terrible. Can not reject offers from app. UPDATE 9/18/25 APP IS STILL TERRIBLE!,Account / Access / Login,Password Reset & Login Troubleshooting,App Login Troubleshooting
rvw-000086,bbb.org,BBB Complaints,https://www.bbb.org/us/in/carmel/profile/car-dealers/openlane-inc-0382-90024496/complaints#0382_90024496_23904597,bbb_us_business,BBB complainant,2025-09-18,1,negative,"Service or Repair Issues. Hello, my name is REMOVED with REMOVED . Openlane is an online auction I use. The reason why I started using them is because they send inspectors out to inspect the vehicles, to tell you everything wrong with the vehicles (dents, scratches, cleanliness, mechanics, etc). There is also a $75.00 charge for this service. I purchased a 2012 GMC Terrain from them on 08/14/2025 and the inspector put in his report, that everything was fine on this vehicle, except a dent on the driver's side rear and a scratch on the rear bumper. No mechanical issues were mentioned. When I went to pick up this vehicle, I first noticed three large dents & cracked windshield that was not mentioned and the vehicle has several mechanical issues (a/c, timing chain, head gaskets, engine noise). I told them I didn't want the vehicle because it was misrepresented and they are telling me no. I also offered to pay for another inspector to check out the vehicle because I fill that there inspector didn't do his job. I told them, we can get a third party inspector to check it out, and if there are no issues, I will take the vehicle but they refused. I paid $5900.00 for this vehicle, which is above wholesale market value because I thought there were no issues and I could sell it right away. The vehicle is still sitting at REMOVED because I have never taken possession of it. I don't want it even if they give it to me for free. the amount of money and time I would have to put in it, it is not worth it. Just want to be refunded. I will not buy from them REMOVED .","Payment Refunds, Transaction Issues and Deposits",Refunds & Membership Billing,Deposit Refund Status
rvw-000451,bbb.org,BBB Complaints,http://www.bbb.org/us/in/carmel/profile/car-dealers/openlane-inc-0382-90024496/complaints#0382_90024496_23904597,bbb_us_business,BBB complainant,2025-09-18,1,negative,"Service or Repair Issues complaint (Unanswered). Hello, my name is REMOVED with REMOVED. Openlane is an online auction I use. The reason why I started using them is because they send inspectors out to inspect the vehicles, to tell you everything wrong with the vehicles (dents, scratches, cleanliness, mechanics, etc). There is also a $75.00 charge for this service. I purchased a 2012 GMC Terrain from them on 08/14/2025 and the inspector put in his report, that everything was fine on this vehicle, except a dent on the driver's side rear and a scratch on the rear bumper. No mechanical issues were mentioned. When I went to pick up this vehicle, I first noticed three large dents & cracked windshield that was not mentioned and the vehicle has several mechanical issues (a/c, timing chain, head gaskets, engine noise). I told them I didn't want the vehicle because it was misrepresented and they are telling me no. I also offered to pay for another inspector to check out the vehicle because I fill that there inspector didn't do his job. I told them, we can get a third party inspector to check it out, and if there are no issues, I will take the vehicle but they refused. I paid $5900.00 for this vehicle, which is above wholesale market value because I thought there were no issues and I could sell it right away. The vehicle is still sitting at REMOVED because I have never taken possession of it. I don't want it even if they give it to me for free. the amount of money and time I would have to put in it, it is not worth it. Just want to be refunded. I will not buy from them REMOVED.","Payment Refunds, Transaction Issues and Deposits",Refunds & Membership Billing,Deposit Refund Status
rvw-000087,play.google.com,Google Play (com.nthgensoftware.traderev.android),https://play.google.com/store/apps/details?id=com.nthgensoftware.traderev.android&hl=en&gl=us,google_play_us_store,Jose J,2025-09-16,1,negative,"Glitchy and unstable. Get ""failed to upload"" messages when uploading cars quite often on my android. Re uploading does not fix this error. This forces the user to begin the process again from scratch.",Account / Access / Login,Document Upload & Verification,Upload Troubleshooting
rvw-000088,apps.apple.com,"Apple App Store (1566419386, us)",https://itunes.apple.com/us/review?id=1566419386&type=Purple%20Software&reviewId=13146398478,apple_us_store,Joseccce,2025-09-16,1,negative,Its so complicated. I cant find the vehicle that was dispatched to me,"Vehicle Pickup, Delivery and Scheduling",Scheduled Pickup Status,Missed/ Delayed Pickup and Dispatch Window
rvw-000584,google.com,Google Business Profile (OPENLANE),https://www.google.com/maps/reviews/data=!4m8!14m7!1m6!2m5!1sCi9DQUlRQUNvZENodHljRjlvT2pkVU9Vc3dRamswVGtWVWQzUjBjRkp6VTJ4dVdIYxAB!2m1!1s0x0:0x7af4135fd6c841d8!3m1!1s2@1:CAIQACodChtycF9oOjdUOUswQjk0TkVUd3R0cFJzU2xuWHc%7C%7C?hl=en,google_business_us_profile,Texas Motors,2025-09-13,1,negative,Absolute sales suck timer goes up to 3 mins giving the whole internet a chance to out bid you smh then cars are on there for 3 days and you bid just for them to put it in absolute sale and they push it to the whole internet making it impossible to get something at a good price since your bidding against the whole U.S people from California and new york buying cars from texas driving the price up this auction has gotten greedy but who cares aslong as they make money,Membership / Licensing / Fees & Bidding Policies,"Bidding Process, Rules and Fees",Fees
rvw-000585,google.com,Google Business Profile (OPENLANE),https://www.google.com/maps/reviews/data=!4m8!14m7!1m6!2m5!1sCi9DQUlRQUNvZENodHljRjlvT25BMk4zZG1OMXB1VUc1VFkzQmxURlZvYnpOWVowRRAB!2m1!1s0x0:0x7af4135fd6c841d8!3m1!1s2@1:CAIQACodChtycF9oOnA2N3dmN1puUG5TY3BlTFVobzNYZ0E%7C%7C?hl=en,google_business_us_profile,george white,2025-09-13,5,positive,Shannan our rep and Matt our inspector go the extra mile to get our units up and sold. They make Openlane easy to sell on.,"Lot Condition, Listing Status and related",Third-Party Inspection Authorization & Scheduling,Previewing/ Inspecting Vehicles
rvw-000586,google.com,Google Business Profile (OPENLANE),https://www.google.com/maps/reviews/data=!4m8!14m7!1m6!2m5!1sCi9DQUlRQUNvZENodHljRjlvT2pkclIxZGxOVGxQWVhSM2NFOXFkblJQYjBReE1FRRAB!2m1!1s0x0:0x7af4135fd6c841d8!3m1!1s2@1:CAIQACodChtycF9oOjdrR1dlNTlPYXR3cE9qdnRPb0QxMEE%7C%7C?hl=en,google_business_us_profile,Patrick Leuty,2025-09-09,5,positive,"I really enjoy the customer service that Angela Maldonado provides. She has a wealth of knowledge and very experienced in the car business. Customer service takes me back decades ago when you could actually talk to a real person. She is a wonderful asset to Openlane She is dedicated to Openlane and customer satisfaction. We couldn’t ask for a better representative! Thank you, Angela!!!",Customer Service & Communication,Agent Professionalism & Responsiveness,Helpful Support Experience
rvw-000089,play.google.com,Google Play (com.openlane.mobile.carsarriveplus),https://play.google.com/store/apps/details?id=com.openlane.mobile.carsarriveplus&hl=en&gl=us,google_play_us_store,Jeff Ball,2025-09-08,2,negative,too complicated...need to do damages as pics taken. should not have to walk around twice.,"Lot Condition, Listing Status and related",Lot Condition Reporting,Lot Damage
rvw-000587,google.com,Google Business Profile (OPENLANE),https://www.google.com/maps/reviews/data=!4m8!14m7!1m6!2m5!1sCi9DQUlRQUNvZENodHljRjlvT2xaTmJqTlVSakZyVkd4bVZuTTRRMjVNVFhsc1QwRRAB!2m1!1s0x0:0x7af4135fd6c841d8!3m1!1s2@1:CAIQACodChtycF9oOlZNbjNURjFrVGxmVnM4Q25MTXlsT0E%7C%7C?hl=en,google_business_us_profile,Linda Chell,2025-09-05,5,positive,My experience with open lane has been very positive…Greg was very helpful in getting me signed up and guiding me on how to use the site. He has been very accessible and patient with any questions I have had along the way. I would recommend Openlane very highly. Doug C.,Customer Service & Communication,Agent Professionalism & Responsiveness,Helpful Support Experience
rvw-000588,google.com,Google Business Profile (OPENLANE),https://www.google.com/maps/reviews/data=!4m8!14m7!1m6!2m5!1sCi9DQUlRQUNvZENodHljRjlvT205SU1uaHpVbUp5TUdsVVVVVkNNbmhYWW05VGVrRRAB!2m1!1s0x0:0x7af4135fd6c841d8!3m1!1s2@1:CAIQACodChtycF9oOm9IMnhzUmJyMGlUUUVCMnhXYm9TekE%7C%7C?hl=en,google_business_us_profile,Osama Shinawi,2025-09-04,5,positive,"Shey Machado has been incredibly helpful and always provides the best customer service. She goes above and beyond to make sure everything is taken care of, and whenever there’s an issue, she handles it quickly to keep us happy. Truly a pleasure to work with!",Customer Service & Communication,Agent Professionalism & Responsiveness,Helpful Support Experience
rvw-000589,google.com,Google Business Profile (OPENLANE),https://www.google.com/maps/reviews/data=!4m8!14m7!1m6!2m5!1sCi9DQUlRQUNvZENodHljRjlvT25sVWVUTkdhMHB1TjJ0ZlYzQnJNbWxGTkVZNVNuYxAB!2m1!1s0x0:0x7af4135fd6c841d8!3m1!1s2@1:CAIQACodChtycF9oOnlUeTNGa0puN2tfV3BrMmlFNEY5Snc%7C%7C?hl=en,google_business_us_profile,Danny Zeko,2025-09-04,5,positive,I wanna say how great Open Lane is to work with especially Angela Maldonado! her and her team is the best out there. Their arbitration department is very easy to work with. And I do business whatever Auction house and they’re one of the best,Customer Service & Communication,Agent Professionalism & Responsiveness,Helpful Support Experience
rvw-000380,birdeye.com,Birdeye (Google),https://reviews.birdeye.com/openlane-166516131772584#review-5,birdeye_us_profile,Tamer Helal,2025-09-04,,positive,"The best Auction I’ve ever used to buy cars. Super easy to use, the inspiration is accurate. Also my Rep. Favi Montes is so helpful and very easy to work with. So responsive and she calls sellers to negotiate with them to get me the best deal, I really recommend Openlane to any dealership.",Customer Service & Communication,Agent Professionalism & Responsiveness,Helpful Support Experience
rvw-000090,apps.apple.com,"Apple App Store (1566419386, us)",https://itunes.apple.com/us/review?id=1566419386&type=Purple%20Software&reviewId=13096074554,apple_us_store,Buc 1223,2025-09-03,1,negative,Owner. The worst app in the industry.,Account / Access / Login,Password Reset & Login Troubleshooting,App Login Troubleshooting
rvw-000091,apps.apple.com,"Apple App Store (1566419386, us)",https://itunes.apple.com/us/review?id=1566419386&type=Purple%20Software&reviewId=13076160007,apple_us_store,Dakohta o,2025-08-29,1,negative,Horrible app. Only works when it wants to!,Account / Access / Login,Password Reset & Login Troubleshooting,App Login Troubleshooting
rvw-000590,google.com,Google Business Profile (OPENLANE),https://www.google.com/maps/reviews/data=!4m8!14m7!1m6!2m5!1sCi9DQUlRQUNvZENodHljRjlvT2tGbmMwSlViMkZuVVV0dVFuQlVRVFZzVVdSMFExRRAB!2m1!1s0x0:0x7af4135fd6c841d8!3m1!1s2@1:CAIQACodChtycF9oOkFnc0JUb2FnUUtuQnBUQTVsUWR0Q1E%7C%7C?hl=en,google_business_us_profile,Zaid Al,2025-08-28,5,positive,An awesome source for vehicles I’ve been working with them for little over a year and it’s been the main source for most of my inventory,"Lot Condition, Listing Status and related",Listing Status,Selling/ Relisting vehicle or Parts purchase
rvw-000591,google.com,Google Business Profile (OPENLANE),https://www.google.com/maps/reviews/data=!4m8!14m7!1m6!2m5!1sCi9DQUlRQUNvZENodHljRjlvT2xwTGRrc3RkRWhqUTJkWFR6UndXazFaVVRkWmQzYxAB!2m1!1s0x0:0x7af4135fd6c841d8!3m1!1s2@1:CAIQACodChtycF9oOlpLdkstdEhjQ2dXTzRwWk1ZUTdZd3c%7C%7C?hl=en,google_business_us_profile,Pavel Ihnatovich,2025-08-21,5,positive,I really like openlane! Special thanks to my account manager Bobby Green! He does amazing job and gets stuff done. I’ve been in car business for almost 20 years and professionals like Bobby are hard to find.,Customer Service & Communication,Agent Professionalism & Responsiveness,Helpful Support Experience
rvw-000592,google.com,Google Business Profile (OPENLANE),https://www.google.com/maps/reviews/data=!4m8!14m7!1m6!2m5!1sCi9DQUlRQUNvZENodHljRjlvT2w5RmFrdEdWR05uZWpSV2FsQTFaMmQxTm1OdlZIYxAB!2m1!1s0x0:0x7af4135fd6c841d8!3m1!1s2@1:CAIQACodChtycF9oOl9FaktGVGNnejRWalA1Z2d1NmNvVHc%7C%7C?hl=en,google_business_us_profile,DEYANIRA HERNANDEZ,2025-08-20,5,positive,Signed up with OPENLANE and Tim my account manager has been amazing He knows how busy I can get and he stays on top of everything I need to get done for my dealership he help with my first purchase and adding my buyers he is amazing,Customer Service & Communication,Agent Professionalism & Responsiveness,Helpful Support Experience
rvw-000593,google.com,Google Business Profile (OPENLANE),https://www.google.com/maps/reviews/data=!4m8!14m7!1m6!2m5!1sCi9DQUlRQUNvZENodHljRjlvT21veGFGWllkVmxzV0hSdFUwNUVhREkyTlV0d2JGRRAB!2m1!1s0x0:0x7af4135fd6c841d8!3m1!1s2@1:CAIQACodChtycF9oOmoxaFZYdVlsWHRtU05EaDI2NUtwbFE%7C%7C?hl=en,google_business_us_profile,_Wicked_,2025-08-18,5,positive,Auction buying made easy,Membership / Licensing / Fees & Bidding Policies,"Bidding Process, Rules and Fees",How to Bid (First Time)
rvw-000594,google.com,Google Business Profile (OPENLANE),https://www.google.com/maps/reviews/data=!4m8!14m7!1m6!2m5!1sCi9DQUlRQUNvZENodHljRjlvT2psZlQwb3pjMlF0VlV0cU1XSmhiRWRoWVdrelJYYxAB!2m1!1s0x0:0x7af4135fd6c841d8!3m1!1s2@1:CAIQACodChtycF9oOjlfT0ozc2QtVUtqMWJhbEdhYWkzRXc%7C%7C?hl=en,google_business_us_profile,Arash Fattahi,2025-08-15,5,positive,"I just want to thank the Open Line team for introducing rep Tira Ore-Giron. She’s truly professional and always looks out for my business. Even when challenges come up, she turns things around with amazing support and excellent customer service. Thanks for everything! — Mehdi, Auto Ash Dealership",Customer Service & Communication,Agent Professionalism & Responsiveness,Helpful Support Experience
rvw-000092,apps.apple.com,"Apple App Store (1175036411, us)",https://itunes.apple.com/us/review?id=1175036411&type=Purple%20Software&reviewId=13020981142,apple_us_store,Hewittsauto,2025-08-15,1,negative,Don’t bother. Three cars in a row had bad frames. First car on me as the cost was below the 6000 mark. Next Silverado purchased over 10000$ Truck showed up and was a complete piece of junk. OPENLANE bought it back. Third vehicle bought with guarantees. Upon inspection found massive hole in the frame. This time told deal with it. What’s the point of the guarantee if they aren’t honored.,"Lot Condition, Listing Status and related",Third-Party Inspection Authorization & Scheduling,Previewing/ Inspecting Vehicles
rvw-000595,google.com,Google Business Profile (OPENLANE),https://www.google.com/maps/reviews/data=!4m8!14m7!1m6!2m5!1sCi9DQUlRQUNvZENodHljRjlvT2tReFVqaG5jV00xYzJFMlExOHpjMDU2Um5kdlMxRRAB!2m1!1s0x0:0x7af4135fd6c841d8!3m1!1s2@1:CAIQACodChtycF9oOkQxUjhncWM1c2E2Q18zc056RndvS1E%7C%7C?hl=en,google_business_us_profile,garry,2025-08-13,5,positive,"wanted to thank Openlane for there years of business and thru all there company changes and resources used for making a great platform for dealers over the years, and to thank my awesome Rep Favi for all her hard continuous work and support! If your not a dealer that is signed on please register and find out the experience!",Customer Service & Communication,Agent Professionalism & Responsiveness,Helpful Support Experience
rvw-000596,google.com,Google Business Profile (OPENLANE),https://www.google.com/maps/reviews/data=!4m8!14m7!1m6!2m5!1sCi9DQUlRQUNvZENodHljRjlvT2xOWk9ETnFiRkEwUjJOMVVWVXRNbXN6WmswNU5VRRAB!2m1!1s0x0:0x7af4135fd6c841d8!3m1!1s2@1:CAIQACodChtycF9oOlNZODNqbFA0R2N1UVUtMmszZk05NUE%7C%7C?hl=en,google_business_us_profile,Anwar Hayes,2025-08-13,5,positive,As a new dealer I was confident bidding on cars through OPENLANE having the support from Thomas. I was able to call and text Thomas with lots of questions and Thomas was always able to answer all questions and provide guidance quickly. Really appreciate Thomas for the support and help every step of the way to purchasing and buying my first auctioned car as a new dealer!,Customer Service & Communication,Agent Professionalism & Responsiveness,Helpful Support Experience
rvw-000381,play.google.com,Google Play (com.openlane.mobile.carsarriveplus),https://play.google.com/store/apps/details?id=com.openlane.mobile.carsarriveplus&hl=en&gl=us,google_play_us_store,Shelly Williams,2025-08-12,1,negative,you have to do too many security checks when already in the app. there's no way to document damage on rvs and boats,Account / Access / Login,Document Upload & Verification,Upload Troubleshooting
rvw-000093,play.google.com,Google Play (com.openlane.mobile.carsarriveplus),https://play.google.com/store/apps/details?id=com.openlane.mobile.carsarriveplus&hl=en&gl=us,google_play_us_store,Shelly Williams,2025-08-11,1,negative,you have to do too many security checks when already in the app. there's no way to document damage on rvs and boats,Account / Access / Login,Document Upload & Verification,Upload Troubleshooting
rvw-000094,trustpilot.com,Trustpilot (openlane.com),https://www.trustpilot.com/reviews/68976a7a796b14201444fe38,trustpilot_us_slug,Mike Kamper,2025-08-09,1,negative,I've bought over 2000 vehicles in last…. I've bought over 2000 vehicles in last 5 years..they changed there policy to under 6k they wont cover any body damage missed including the frame. Recently bought a colorado truck with all green check marks and anyone that knows colorado trucks have major issues with frames. I get the truck noticed something hanging down without even trying to look and it was the frame pulling apart. I called and they denied the claim saying to bad to sad your fd. This company is a absolute joke . Tyler vansicle claimed there not a auction lmao and its all over there website saying auction .. They make about 200k a year of me alone is the thing and still wont help. Cant get a call back unless they need something its a total scam ..im moving to ACv or just stick with auctions that care and stand behind what is said not yes our professional inspector missed thst and you get screwed. I dont get how this is legal . Everyone needs to team up and start a class action law suite. The inspectors I guarantee from a good source get paid under the table to over look huge issues by dealership. This company is going down and I guarantee I wont stop until they get punished . I dont have 500 million in the bank they will ruin a small business in no time . They get 0 stars . K&K Auto Sales.,Customer Service & Communication,Communication Follow-up & Escalation,No Callback / Unresolved Case
rvw-000597,google.com,Google Business Profile (OPENLANE),https://www.google.com/maps/reviews/data=!4m8!14m7!1m6!2m5!1sCi9DQUlRQUNvZENodHljRjlvT2tkT1JETnBVRFJPVW5GZk0ybE5VbXd4VUY5VGFrRRAB!2m1!1s0x0:0x7af4135fd6c841d8!3m1!1s2@1:CAIQACodChtycF9oOkdORDNpUDROUnFfM2lNUmwxUF9TakE%7C%7C?hl=en,google_business_us_profile,Hamed Boyernegah,2025-08-09,5,positive,"I want say thank you Ashley, she is awesome and professional. The reason I am buying cars from Open lane is Ashley.thanks Auto gallery",Customer Service & Communication,Agent Professionalism & Responsiveness,Helpful Support Experience
rvw-000598,google.com,Google Business Profile (OPENLANE),https://www.google.com/maps/reviews/data=!4m8!14m7!1m6!2m5!1sCi9DQUlRQUNvZENodHljRjlvT25oMlVsUkNaQzFmV25wWmEwbDBTVzB5VFRrd1QwRRAB!2m1!1s0x0:0x7af4135fd6c841d8!3m1!1s2@1:CAIQACodChtycF9oOnh2UlRCZC1fWnpZa0l0SW0yTTkwT0E%7C%7C?hl=en,google_business_us_profile,Gerald Day,2025-08-09,5,positive,"I’ve been working with Open Lane for approximately four weeks and my representative is Bill Jordan. He’s been absolutely fabulous; patient friendly, informative, always available to help and knowledgeable. I appreciate his commitment and professionalism.",Customer Service & Communication,Agent Professionalism & Responsiveness,Helpful Support Experience
rvw-000599,google.com,Google Business Profile (OPENLANE),https://www.google.com/maps/reviews/data=!4m8!14m7!1m6!2m5!1sCi9DQUlRQUNvZENodHljRjlvT25VelJYa3pkbGhSV1ZCVGVIQkZSWFo1YjFFMlozYxAB!2m1!1s0x0:0x7af4135fd6c841d8!3m1!1s2@1:CAIQACodChtycF9oOnUzRXkzdlhRWVBTeHBFRXZ5b1E2Z3c%7C%7C?hl=en,google_business_us_profile,James,2025-08-07,5,positive,"We’ve been working with Denise Mann on Openlane, and she’s been absolutely phenomenal. She knows how to spot the right cars, negotiate strong deals, and make the process seamless from start to finish. Thanks to her, we’ve been able to secure great inventory at fair prices, and it’s made a huge difference for our business. Openlane is hands down the best auction platform we’ve worked with, and Denise is a big reason why. Highly recommend!","Lot Condition, Listing Status and related",Listing Status,Selling/ Relisting vehicle or Parts purchase
rvw-000382,play.google.com,Google Play (com.backlotcars.backlotcars),https://play.google.com/store/apps/details?id=com.backlotcars.backlotcars&hl=en&gl=us,google_play_us_store,ronald Lam,2025-08-05,2,negative,Too many bugs now it doesn't show transport cost only when I check out!! sometimes screen goes blank when going back to previous page..,Membership / Licensing / Fees & Bidding Policies,"Bidding Process, Rules and Fees",Fees
rvw-000600,google.com,Google Business Profile (OPENLANE),https://www.google.com/maps/reviews/data=!4m8!14m7!1m6!2m5!1sCi9DQUlRQUNvZENodHljRjlvT210bGVVUm1aRU5mWW10VWJsWjFaMjFUYzFwU1ZFRRAB!2m1!1s0x0:0x7af4135fd6c841d8!3m1!1s2@1:CAIQACodChtycF9oOmtleURmZENfYmtUblZ1Z21Tc1pSVEE%7C%7C?hl=en,google_business_us_profile,john smith,2025-08-05,5,positive,I’ve been purchasing vehicles from Open Lane for about a year now and I bought about 90 vehicles. Tim is very helpful. He’s my sales rep.,Customer Service & Communication,Agent Professionalism & Responsiveness,Helpful Support Experience
rvw-000601,google.com,Google Business Profile (OPENLANE),https://www.google.com/maps/reviews/data=!4m8!14m7!1m6!2m5!1sCi9DQUlRQUNvZENodHljRjlvT21sYVRqSjVaRGhHU1RNelJVOW5ORm90WmtKNGVtYxAB!2m1!1s0x0:0x7af4135fd6c841d8!3m1!1s2@1:CAIQACodChtycF9oOmlaTjJ5ZDhGSTMzRU9nNFotZkJ4emc%7C%7C?hl=en,google_business_us_profile,Harris Keerio,2025-08-05,5,positive,Tim is amazing to work with at OPENLANE. Very helpful always answers and gets the deal done. High recommend OPENLANE,Customer Service & Communication,Agent Professionalism & Responsiveness,Helpful Support Experience
rvw-000095,play.google.com,Google Play (com.backlotcars.backlotcars),https://play.google.com/store/apps/details?id=com.backlotcars.backlotcars&hl=en&gl=us,google_play_us_store,ronald Lam,2025-08-04,2,negative,Too many bugs now it doesn't show transport cost only when I check out!! sometimes screen goes blank when going back to previous page..,Membership / Licensing / Fees & Bidding Policies,"Bidding Process, Rules and Fees",Fees
rvw-000452,trustpilot.com,Trustpilot (openlane.com),https://www.trustpilot.com/reviews/68976a7a796b14201444fe38,trustpilot_us_slug,Trustpilot user,2025-08-03,,negative,I've bought over 2000 vehicles in last…. I've bought over 2000 vehicles in last 5 years..they changed there policy to under 6k they wont cover any body damage missed including the frame. Recently bought a colorado truck with all green check marks and anyone that knows colorado trucks have major issues with frames. I get the truck noticed something hanging down without even trying to look and it was the frame pulling apart. I called and they denied the claim saying to bad to sad your fd. This company is a absolute joke . Tyler vansicle claimed there not a auction lmao and its all over there website saying auction .. They make about 200k a year of me alone is the thing and still wont help. Cant get a call back unless they need something its a total scam ..im moving to ACv or just stick with auctions that care and stand behind what is said not yes our professional inspector missed thst and you get screwed. I dont get how this is legal . Everyone needs to team up and start a class action law suite. The inspectors I guarantee from a good source get paid under the table to over look huge issues by dealership. This company is going down and I guarantee I wont stop until they get punished . I dont have 500 million in the bank they will ruin a small business in no time . They get 0 stars . K&K Auto Sales.,Customer Service & Communication,Communication Follow-up & Escalation,No Callback / Unresolved Case
rvw-000096,trustpilot.com,Trustpilot (openlane.com),https://www.trustpilot.com/reviews/688bf081ca0ab5ed2872fa20,trustpilot_us_slug,james,2025-08-01,1,negative,"I have been a dealer for over 12 years…. I have been a dealer for over 12 years and buying from an open source like Backlots, now Openlane was a great option. However, the last few years have been less than good. They keep adding items that they won't cover, which is a lot now, so please read their arb polices before even thinking of using this platform. They have paid people that inspect the units posted online, it seems that the inspectors don't note issues that Openline won't cover which help to get top dollar for the franchise stores. If you look at the BBB, Openline has a F rating due to not responding to issues. I have bought 100's of units through their site and when there was an issue they would pay me back a portion of the cost to fix it like it was my fault the unit had a problem but now they won't even do that.....Not saying to not use them but know what you are getting into, if you can't afford to eat repairs, don't use this site. I would say I avg around 1 out 3 units had issues not noted.",Customer Service & Communication,Communication Follow-up & Escalation,No Callback / Unresolved Case
rvw-000097,apps.apple.com,"Apple App Store (1566419386, us)",https://itunes.apple.com/us/review?id=1566419386&type=Purple%20Software&reviewId=12963782831,apple_us_store,tataresti,2025-08-01,1,negative,"This is the worst app. I’ve been working for five years delivering cars, howling cars and this is by far the worst app. Every time I deliver a vehicle I hit submit. I take the pictures I hit submit and it doesn’t show me that the vehicle have to go all over again. Take all the pictures and send it again, and the pictures are not clear and just loading half an hour the worst I ever seen and they haven’t changed in five years",Account / Access / Login,Password Reset & Login Troubleshooting,App Login Troubleshooting
rvw-000453,trustpilot.com,Trustpilot (openlane.com),https://www.trustpilot.com/reviews/688bf081ca0ab5ed2872fa20,trustpilot_us_slug,Trustpilot user,2025-07-31,,positive,"I have been a dealer for over 12 years…. I have been a dealer for over 12 years and buying from an open source like Backlots, now Openlane was a great option. However, the last few years have been less than good. They keep adding items that they won't cover, which is a lot now, so please read their arb polices before even thinking of using this platform. They have paid people that inspect the units posted online, it seems that the inspectors don't note issues that Openline won't cover which help to get top dollar for the franchise stores. If you look at the BBB, Openline has a F rating due to not responding to issues. I have bought 100's of units through their site and when there was an issue they would pay me back a portion of the cost to fix it like it was my fault the unit had a problem but now they won't even do that.....Not saying to not use them but know what you are getting into, if you can't afford to eat repairs, don't use this site. I would say I avg around 1 out 3 units had issues not noted.",Customer Service & Communication,Communication Follow-up & Escalation,Proactive Follow-up
rvw-000098,play.google.com,Google Play (com.openlane.mobile.carsarriveplus),https://play.google.com/store/apps/details?id=com.openlane.mobile.carsarriveplus&hl=en&gl=us,google_play_us_store,Wth Happened,2025-07-31,2,negative,super slow and glitches. Terrible format compared to all the other apps im forced to use during the work day,Account / Access / Login,Password Reset & Login Troubleshooting,App Login Troubleshooting
rvw-000099,play.google.com,Google Play (com.openlane.mobile.carsarriveplus),https://play.google.com/store/apps/details?id=com.openlane.mobile.carsarriveplus&hl=en&gl=us,google_play_us_store,"Stepneys Towing, LLC",2025-07-30,2,negative,location be off. you can be at your delivery location try and submit your delivery and it will say you aren't at the location.,"Vehicle Pickup, Delivery and Scheduling",Scheduled Pickup Status,Missed/ Delayed Pickup and Dispatch Window
rvw-000100,apps.apple.com,"Apple App Store (1566419386, us)",https://itunes.apple.com/us/review?id=1566419386&type=Purple%20Software&reviewId=12956406017,apple_us_store,Tired0u812,2025-07-30,1,negative,"Time consuming. After the last update tows do not clear, have to scan and picture the car multiple times, you have to stand back 6 feet to get the car in the picture. Pls FIX","Vehicle Pickup, Delivery and Scheduling",Tow and Storage Charges,Tow and Storage Fees
rvw-000602,google.com,Google Business Profile (OPENLANE),https://www.google.com/maps/reviews/data=!4m8!14m7!1m6!2m5!1sCi9DQUlRQUNvZENodHljRjlvT2kxVldHOU5OblJUT1hKVFpGcEViRmM0YTFZMWVYYxAB!2m1!1s0x0:0x7af4135fd6c841d8!3m1!1s2@1:CAIQACodChtycF9oOi1VWG9NNnRTOXJTZFpEbFc4a1Y1eXc%7C%7C?hl=en,google_business_us_profile,Martin Burgie,2025-07-24,5,positive,"We have purchased about 65 cars in the last year on Open Lane. My experience has been that the condition reports are accurate and the over all quality of the vehicle is generally better than the traditional auction cars. We had 1 title issue which Open Lane cleared up as quickly as possible. Basically no title issues at all. I find my rep. Chris Odell to be personable and attentive. Never too busy to answer a question or help put a deal together. He has always either answered his phone or returned my call in quick fashion. We had 1 car that we had to arbitrate. It was a bad engine and it was cleared up immediately. I also like the website functionality. It is pretty user friendly. No issues. I also like it because I can look at the offerings at my leisure. I can’t say enough good things about my rep Chris Odell and the overall transparency of the Open Lane platform. I have used other online auction platforms, but I never had the success rate I have with Open Lane. It seems to be an efficient use of my time and resources. No platform is perfect and your mileage may vary, but these guys are straight up. Their goal is matching buyers and sellers in a manner in which everybody wins. After all, making money is the goal and they seem to understand that.","Title, Ownership, POA and Documentation",Title Delivery & Status,Title Not Received
rvw-000101,play.google.com,Google Play (com.openlane.mobile.carsarriveplus),https://play.google.com/store/apps/details?id=com.openlane.mobile.carsarriveplus&hl=en&gl=us,google_play_us_store,Loran Critchett Jr,2025-07-23,1,negative,this app bucks the old one was better. you have to stand too far away to get the entire car in the pictures it needs to go in the horizontal direction. and bit was easier to mark the damage with each picture,"Lot Condition, Listing Status and related",Lot Condition Reporting,Lot Damage
rvw-000102,apps.apple.com,"Apple App Store (1566419386, us)",https://itunes.apple.com/us/review?id=1566419386&type=Purple%20Software&reviewId=12919075821,apple_us_store,None 0824,2025-07-21,1,negative,Bad app. The old app once you check the car in it used to show picked up right away now the new version it hangs on for 4 to 6 minutes before converts it over and also does this some delivery side becomes very inconvenient. You don’t know what you picked up and pick up.,Account / Access / Login,Password Reset & Login Troubleshooting,App Login Troubleshooting
rvw-000103,play.google.com,Google Play (com.openlane.mobile.carsarriveplus),https://play.google.com/store/apps/details?id=com.openlane.mobile.carsarriveplus&hl=en&gl=us,google_play_us_store,David 9brannon,2025-07-18,1,negative,This app is terrible.,Account / Access / Login,Password Reset & Login Troubleshooting,App Login Troubleshooting
rvw-000603,google.com,Google Business Profile (OPENLANE),https://www.google.com/maps/reviews/data=!4m8!14m7!1m6!2m5!1sCi9DQUlRQUNvZENodHljRjlvT21aeFUwdG1VbE5KTW1wQlRqTlNlRVJSZGkxaFpFRRAB!2m1!1s0x0:0x82ddb1a9ae334e23!3m1!1s2@1:CAIQACodChtycF9oOmZxU0tmUlNJMmpBTjNSeERRdi1hZEE%7C%7C?hl=en,google_business_us_profile,Bianka Wynn,2025-07-16,1,negative,"The only 5 star reviews that have are people that’s working there , which is something they probably require . My experience with OPENLANE is the same as what everyone else is complaining about . Their inspections ARE NOT what they say they are. You can pay extra from the extended guarantee and it means nothing . They will find a way to get out of arbitrating anything because everything that they sell needs to be arbitrated . Their inspectors are getting worse and less reliable as time passes. Within the last few months I’ve purchased newer used vehicles 2023 and up that I’ve had to put through arbitration for undisclosed frame damage and other major damages . For one specifically I was offered only a $300 credit with over 6k worth of estimated undisclosed damages . I was told that the damage was considered minor by their arbitration department and they refused to to do anything to mediate the situation. I went two months trying to talk to someone in higher management and finally got a call after constantly contacting their customer service after 2 months . The manager was VERY rude and just told me he refuses to reopen the arbitration even though I had proof of what they consider “major damage”. Even if I try to sell the car back wholesale I cannot even get the same amount that I’ve paid for it . I’m receiving bids 5k below, so either way it’s a loss. All because their inspectors does not give accurate condition reports. At some point you will come across the same issue and I am hoping my review could help prevent the next small business owner from experiencing the same problem . Just use ACV !",Customer Service & Communication,Agent Professionalism & Responsiveness,Rude/Unhelpful Support
rvw-000104,play.google.com,Google Play (com.openlane.mobile.carsarriveplus),https://play.google.com/store/apps/details?id=com.openlane.mobile.carsarriveplus&hl=en&gl=us,google_play_us_store,wesley carter,2025-07-13,1,negative,"This app sucks... if it wasn't the fact that it keeps logging me out and the fact that the majority of the time,,, wouldn't let me take any photos.... It would be ok....",Account / Access / Login,Password Reset & Login Troubleshooting,App Login Troubleshooting
rvw-000105,trustpilot.com,Trustpilot (openlane.com),https://www.trustpilot.com/reviews/68716c9c64b038e65f1acbe6,trustpilot_us_slug,marco rizo,2025-07-11,1,negative,"very bad experience with open lane…. very bad experience with open lane agents i bougth a vehicle is a pice of trash with no accurate description, and i received a title with a mistake and they do not want to take care of that and fix the title .",Customer Service & Communication,Agent Professionalism & Responsiveness,Rude/Unhelpful Support
rvw-000454,trustpilot.com,Trustpilot (openlane.com),https://www.trustpilot.com/reviews/68716c9c64b038e65f1acbe6,trustpilot_us_slug,Trustpilot user,2025-07-11,,negative,"very bad experience with open lane…. very bad experience with open lane agents i bougth a vehicle is a pice of trash with no accurate description, and i received a title with a mistake and they do not want to take care of that and fix the title .",Customer Service & Communication,Agent Professionalism & Responsiveness,Rude/Unhelpful Support
rvw-000604,google.com,Google Business Profile (OPENLANE),https://www.google.com/maps/reviews/data=!4m8!14m7!1m6!2m5!1sCi9DQUlRQUNvZENodHljRjlvT21acVEydDFaMHQwVkZCcGVsVjFjMlJ1ZURCV2JrRRAB!2m1!1s0x0:0x7af4135fd6c841d8!3m1!1s2@1:CAIQACodChtycF9oOmZqQ2t1Z0t0VFBpelV1c2RueDBWbkE%7C%7C?hl=en,google_business_us_profile,Vladimir CH,2025-07-09,5,positive,"I’m the owner of a small independent dealership called Nove Auto in Rogersville, MO, and I’ve been working with various auctions for about 8 years. I can confidently say that Lori Smith is one of the absolute best representatives I’ve ever worked with — regardless of the auction. I’ve learned that a dealer’s overall experience isn’t just shaped by how good the auction is, but by whether there’s someone truly on your side — someone who explains everything clearly, is always available, and genuinely has your back. Lori has been a real game-changer for me. If you’re working with OpenLane, I highly recommend reaching out to her.",Customer Service & Communication,Agent Professionalism & Responsiveness,Helpful Support Experience
rvw-000106,trustpilot.com,Trustpilot (openlane.com),https://www.trustpilot.com/reviews/686c3eeb02a84f9f437351e5,trustpilot_us_slug,Troy Auzenne,2025-07-07,1,negative,"Learn from OUR MISTAKE. Learn from OUR MISTAKE - OPENLANE arbitration is a joke. We bought a 2019 RAM Limited Crew. It was described online as great shape by Openlanes ""supposedly thorough"" inspectors. Truck gets to dealership, no catalytic converters, manifolds all messed up from whomever stole convertors, and no 02 sensors. Repair ticket is WILD. We reached out within the timeline. Was confirmed by arb rep that truck was sold to us by mistake with no cats, their mistake. Mgr would call us. He offered us 1k 😑😑😑😑😑 Don't get sucked into ""we inspect and back our product,"" because it's a lie. Needs thousands of work and they can't even figure out out to send us the 1k 🫠 Sincerely, an honest Independent.","Lot Condition, Listing Status and related",Third-Party Inspection Authorization & Scheduling,Previewing/ Inspecting Vehicles
rvw-000107,play.google.com,Google Play (com.openlane.mobile.carsarriveplus),https://play.google.com/store/apps/details?id=com.openlane.mobile.carsarriveplus&hl=en&gl=us,google_play_us_store,James Fisher,2025-07-07,1,negative,fix your dam app having to recheck cars in and out 6 times,Account / Access / Login,Password Reset & Login Troubleshooting,App Login Troubleshooting
rvw-000108,apps.apple.com,"Apple App Store (1566419386, us)",https://itunes.apple.com/us/review?id=1566419386&type=Purple%20Software&reviewId=12853350279,apple_us_store,Theflyappguy,2025-07-04,1,negative,Junk app. Quit updating the app every time you do it gets worse… this new update it crashes every 20 seconds… fix this junk and leave it alone,Account / Access / Login,Password Reset & Login Troubleshooting,App Login Troubleshooting
rvw-000109,play.google.com,Google Play (com.openlane.mobile.carsarriveplus),https://play.google.com/store/apps/details?id=com.openlane.mobile.carsarriveplus&hl=en&gl=us,google_play_us_store,Richard Atwood,2025-07-03,1,negative,"garbage app that doesn't work half the time, won't scan QR codes and mostly can't read bar codes ?",Account / Access / Login,Password Reset & Login Troubleshooting,App Login Troubleshooting
rvw-000110,apps.apple.com,"Apple App Store (1566419386, us)",https://itunes.apple.com/us/review?id=1566419386&type=Purple%20Software&reviewId=12847634290,apple_us_store,Mike Allways Transport,2025-07-03,1,negative,"Terrible!!. Worst update ever!! Just took me 30min to inspect 1 car, app crashes after 5-10 seconds, couldn’t even leave this feedback in the app without it crashing. The new page for damage is a terrible idea. Put the damage back in the individual photos. You want to make a change that will REALLY help?? Add a spot on each photo to make a comment!!","Lot Condition, Listing Status and related",Lot Condition Reporting,Lot Damage
rvw-000111,play.google.com,Google Play (com.openlane.mobile.carsarriveplus),https://play.google.com/store/apps/details?id=com.openlane.mobile.carsarriveplus&hl=en&gl=us,google_play_us_store,Robert Realmuto,2025-07-02,2,negative,"I feel it is not user friendly, love the recent version.",Membership / Licensing / Fees & Bidding Policies,"Bidding Process, Rules and Fees",Fees
rvw-000112,apps.apple.com,"Apple App Store (1566419386, us)",https://itunes.apple.com/us/review?id=1566419386&type=Purple%20Software&reviewId=12844171521,apple_us_store,Goober121313,2025-07-02,2,negative,Update. The new app update way to take photos is terrible. Can’t turn phone to get good photos and inspection is terrible. Enjoyed being able to mark inspection on photos not on one inspection form. Go back to the old version of side pictures and damage report on each separate photo.,"Lot Condition, Listing Status and related",Third-Party Inspection Authorization & Scheduling,Previewing/ Inspecting Vehicles
rvw-000113,apps.apple.com,"Apple App Store (1566419386, us)",https://itunes.apple.com/us/review?id=1566419386&type=Purple%20Software&reviewId=12843631517,apple_us_store,Not unimpressed customer,2025-07-02,1,negative,"Use app multi times a day. It used to work fine, then they updated it. Now it kicks you off randomly while doing a condition report -5 stars.",Account / Access / Login,Password Reset & Login Troubleshooting,App Login Troubleshooting
rvw-000114,trustpilot.com,Trustpilot (openlane.com),https://www.trustpilot.com/reviews/685eaaebf9548d8bb7f26c0c,trustpilot_us_slug,greg Hopkins,2025-06-27,1,negative,"Buyer beware. Buyer beware, green light guaranteed over $6k purchase price is a joke. I bought a 2022 Toyota Corolla from them with a guarantee there were no transmission issues. The car will not shift without taking your foot off of the accelerator. The RPM's just keep climbing. I filed the claim and it took days before they even attempted to contact me. I had called them 4 times to attempt to get up with assigned arbitration rep. After 5 days of reaching out, He tells me I have to drive it 35 miles one way to get the car checked by a franchise dealer or an Aamco. Both want to know if they diagnose the issue will they be allowed to fix it. (I tell them, I have no idea which is not true) because Openlane will not pay but $95/hour minus a $300 deductible to do any allowed work. The diagnostic fees are on you to pay and no Aamco or . No where in the arbitration does it state you have to go to a franchise dealership. I am very small, and am effected by the time and expense of this MADE UP POLICY. There needs o be a class action suit opened against them because of bias and not handling things the same way, They are going to use mileage and year as a feeble stance where they can bounce around and make different decisions for different buyer in the name of determining what pittance they dole out. The truth is they make it as tough on you to collect and their guarantee means nothing. The arbitrator, Abe, told me on a recorded call the inspectors only drive the car up to 30 mph on the lot so when I was buying an auction car from them, I needed to plan on it needing a transmission. In essence the greenlight means nothing, the stand behind sellers who know there is an issue with a no unwind policy. Once you buy it, you are screwed and there is no recourse. I am going to every review site possible to expose their misleading, lying, crooked handling of claims. You are out a $1,000 bucks on every claim no matter what. They reimburse a $95 bucks an hours vs an industry average of $125-$140 an hour, they give you used part reimbursement (I understand), they pay for no seals or fluids, they force (me) to drive 70 miles on a 100 mile max travel before they are off the hook and they charge $300 deductible to fund the arbitrator screwing you. both Manheim and ACV allow for unwinds, so I will never buy from these people again.",Customer Service & Communication,Agent Professionalism & Responsiveness,Rude/Unhelpful Support
rvw-000605,google.com,Google Business Profile (OPENLANE),https://www.google.com/maps/reviews/data=!4m8!14m7!1m6!2m5!1sCi9DQUlRQUNvZENodHljRjlvT21Jd2VGaHpWVTlVT1RGbGVqSkxRMmd5Tm1sUlRWRRAB!2m1!1s0x0:0x7af4135fd6c841d8!3m1!1s2@1:CAIQACodChtycF9oOmIweFhzVU9UOTFlejJLQ2gyNmlRTVE%7C%7C?hl=en,google_business_us_profile,Nick Manchesi,2025-06-27,5,positive,First of all my rep Bethany Skates is the best she always has our back and delivers 10/10 customer service. Anytime we have any issues she always takes care of us and quickly! I recommend open lane for any dealer who wants peace of mind when buying online and holding to the condition report as long as it’s within guidelines of the minimum price and year,Customer Service & Communication,Agent Professionalism & Responsiveness,Helpful Support Experience
rvw-000455,trustpilot.com,Trustpilot (openlane.com),https://www.trustpilot.com/reviews/685eaaebf9548d8bb7f26c0c,trustpilot_us_slug,Trustpilot user,2025-06-26,,negative,"Buyer beware. Buyer beware, green light guaranteed over $6k purchase price is a joke. I bought a 2022 Toyota Corolla from them with a guarantee there were no transmission issues. The car will not shift without taking your foot off of the accelerator. The RPM's just keep climbing. I filed the claim and it took days before they even attempted to contact me. I had called them 4 times to attempt to get up with assigned arbitration rep. After 5 days of reaching out, He tells me I have to drive it 35 miles one way to get the car checked by a franchise dealer or an Aamco. Both want to know if they diagnose the issue will they be allowed to fix it. (I tell them, I have no idea which is not true) because Openlane will not pay but $95/hour minus a $300 deductible to do any allowed work. The diagnostic fees are on you to pay and no Aamco or . No where in the arbitration does it state you have to go to a franchise dealership. I am very small, and am effected by the time and expense of this MADE UP POLICY. There needs o be a class action suit opened against them because of bias and not handling things the same way, They are going to use mileage and year as a feeble stance where they can bounce around and make different decisions for different buyer in the name of determining what pittance they dole out. The truth is they make it as tough on you to collect and their guarantee means nothing. The arbitrator, Abe, told me on a recorded call the inspectors only drive the car up to 30 mph on the lot so when I was buying an auction car from them, I needed to plan on it needing a transmission. In essence the greenlight means nothing, the stand behind sellers who know there is an issue with a no unwind policy. Once you buy it, you are screwed and there is no recourse. I am going to every review site possible to expose their misleading, lying, crooked handling of claims. You are out a $1,000 bucks on every claim no matter what. They reimburse a $95 bucks an hours vs an industry average of $125-$140 an hour, they give you used part reimbursement (I understand), they pay for no seals or fluids, they force (me) to drive 70 miles on a 100 mile max travel before they are off the hook and they charge $300 deductible to fund the arbitrator screwing you. both Manheim and ACV allow for unwinds, so I will never buy from these people again.",Customer Service & Communication,Agent Professionalism & Responsiveness,Rude/Unhelpful Support
rvw-000115,trustpilot.com,Trustpilot (openlane.com),https://www.trustpilot.com/reviews/68557d56fbc47b50d2b26f92,trustpilot_us_slug,Allan Ledford,2025-06-20,1,negative,"Purchased a 21 Yukon that was green…. Purchased a 21 Yukon that was green lighted as Inspected thoroughly and no issues. We took to GMC Dealer for inspection due to concerns. Dealer found various issues and sent pics showing this was an long ongoing issue. The Arb was declined saying they don't cover Rear Main Seal which they do, then it was because the vehicle had more than the 100 miles based on their arb guide. Very Very dissatisfied. I have not argued nor brought up issues with other vehicles purchased which had issues","Lot Condition, Listing Status and related",Third-Party Inspection Authorization & Scheduling,Previewing/ Inspecting Vehicles
rvw-000456,trustpilot.com,Trustpilot (openlane.com),https://www.trustpilot.com/reviews/686c3eeb02a84f9f437351e5,trustpilot_us_slug,Trustpilot user,2025-06-20,,positive,"Learn from OUR MISTAKE. Learn from OUR MISTAKE - OPENLANE arbitration is a joke. We bought a 2019 RAM Limited Crew. It was described online as great shape by Openlanes ""supposedly thorough"" inspectors. Truck gets to dealership, no catalytic converters, manifolds all messed up from whomever stole convertors, and no 02 sensors. Repair ticket is WILD. We reached out within the timeline. Was confirmed by arb rep that truck was sold to us by mistake with no cats, their mistake. Mgr would call us. He offered us 1k 😑😑😑😑😑 Don't get sucked into ""we inspect and back our product,"" because it's a lie. Needs thousands of work and they can't even figure out out to send us the 1k 🫠 Sincerely, an honest Independent.","Lot Condition, Listing Status and related",Third-Party Inspection Authorization & Scheduling,Previewing/ Inspecting Vehicles
rvw-000457,trustpilot.com,Trustpilot (openlane.com),https://www.trustpilot.com/reviews/68557d56fbc47b50d2b26f92,trustpilot_us_slug,Trustpilot user,2025-06-20,,negative,"Purchased a 21 Yukon that was green…. Purchased a 21 Yukon that was green lighted as Inspected thoroughly and no issues. We took to GMC Dealer for inspection due to concerns. Dealer found various issues and sent pics showing this was an long ongoing issue. The Arb was declined saying they don't cover Rear Main Seal which they do, then it was because the vehicle had more than the 100 miles based on their arb guide. Very Very dissatisfied. I have not argued nor brought up issues with other vehicles purchased which had issues","Lot Condition, Listing Status and related",Third-Party Inspection Authorization & Scheduling,Previewing/ Inspecting Vehicles
rvw-000606,google.com,Google Business Profile (OPENLANE),https://www.google.com/maps/reviews/data=!4m8!14m7!1m6!2m5!1sChdDSUhNMG9nS0VPSFotdm5pMzhYYXpBRRAB!2m1!1s0x0:0x7af4135fd6c841d8!3m1!1s2@1:CIHM0ogKEOHZ-vni38XazAE%7C%7C?hl=en,google_business_us_profile,Shawn A. Wray,2025-06-15,5,positive,One of the best online auto auction for dealers.,Membership / Licensing / Fees & Bidding Policies,"Bidding Process, Rules and Fees",How to Bid (First Time)
rvw-000607,google.com,Google Business Profile (OPENLANE),https://www.google.com/maps/reviews/data=!4m8!14m7!1m6!2m5!1sChZDSUhNMG9nS0VPbkkwN092bHRiMFF3EAE!2m1!1s0x0:0x7af4135fd6c841d8!3m1!1s2@1:CIHM0ogKEOnI07Ovltb0Qw%7C%7C?hl=en,google_business_us_profile,selman kaya,2025-06-12,5,positive,"Max is truly exceptional! In every interaction, he demonstrated remarkable patience, professionalism, and a genuine willingness to help. His ability to solve problems quickly and efficiently is impressive. He didn’t just provide answers — he made sure I felt heard and supported throughout the entire process. Max is the kind of customer representative who turns a stressful situation into a smooth and positive experience. He’s a real asset to the team!",Customer Service & Communication,Agent Professionalism & Responsiveness,Helpful Support Experience
rvw-000116,trustpilot.com,Trustpilot (openlane.com),https://www.trustpilot.com/reviews/6848b574d24d84fd060134c4,trustpilot_us_slug,Sam,2025-06-11,1,negative,"I have been a customer with OPENLANE /…. I have been a customer with OPENLANE / BACKLOT FOR ABOUT 5 years and I will be taking my business elsewhere like a lot of my fellow colleagues. Don’t trust there inspection reports they are fabricated, and as far as customer service it’s at a zero and they ach money out of your account for no reason and if you don’t catch it’s gone . I have bought about 1200 cars and sold about 600 in the last 5 years with OPENLANE I know that’s not a huge number but considered a good buyer and seller . I have taking my business to ACV Manheim and other independent auctions and hope other do as well .",Customer Service & Communication,Agent Professionalism & Responsiveness,Rude/Unhelpful Support
rvw-000117,trustpilot.com,Trustpilot (openlane.com),https://www.trustpilot.com/reviews/683f6749d608a99325256325,trustpilot_us_slug,TONY,2025-06-03,1,negative,"OPENLANE IS SCAM AUCTION. OPENLANE IS SCAM AUCTION, DONT TRUT AND DONT BUY ANY CAR FRM THOSE SCAMMERS",Membership / Licensing / Fees & Bidding Policies,"Bidding Process, Rules and Fees",Fees
rvw-000458,trustpilot.com,Trustpilot (openlane.com),https://www.trustpilot.com/reviews/683f6749d608a99325256325,trustpilot_us_slug,Trustpilot user,2025-06-03,,negative,"OPENLANE IS SCAM AUCTION. OPENLANE IS SCAM AUCTION, DONT TRUT AND DONT BUY ANY CAR FRM THOSE SCAMMERS",Membership / Licensing / Fees & Bidding Policies,"Bidding Process, Rules and Fees",Fees
rvw-000459,trustpilot.com,Trustpilot (openlane.com),https://www.trustpilot.com/reviews/6848b574d24d84fd060134c4,trustpilot_us_slug,Trustpilot user,2025-06-01,,positive,"I have been a customer with OPENLANE /…. I have been a customer with OPENLANE / BACKLOT FOR ABOUT 5 years and I will be taking my business elsewhere like a lot of my fellow colleagues. Don’t trust there inspection reports they are fabricated, and as far as customer service it’s at a zero and they ach money out of your account for no reason and if you don’t catch it’s gone . I have bought about 1200 cars and sold about 600 in the last 5 years with OPENLANE I know that’s not a huge number but considered a good buyer and seller . I have taking my business to ACV Manheim and other independent auctions and hope other do as well .",Customer Service & Communication,Agent Professionalism & Responsiveness,Helpful Support Experience
rvw-000608,google.com,Google Business Profile (OPENLANE),https://www.google.com/maps/reviews/data=!4m8!14m7!1m6!2m5!1sChZDSUhNMG9nS0VPM2F3NEtxdXJ1bUxREAE!2m1!1s0x0:0x7af4135fd6c841d8!3m1!1s2@1:CIHM0ogKEO3aw4KqurumLQ%7C%7C?hl=en,google_business_us_profile,Charlotte Barlock,2025-05-31,5,positive,My experience here has been wonderful! I can’t say enough about the customer service offered on this site. I have a personal representative… and he is amazing (thank you Greg 🙂)! He literally walked me through my entire first purchase answering all of my questions. The site is user friendly and I have found a good variety of vehicles available to meet my needs.,Customer Service & Communication,Agent Professionalism & Responsiveness,Helpful Support Experience
rvw-000460,trustpilot.com,Trustpilot (openlane.com),https://www.trustpilot.com/reviews/68cf021c4d19bb095b5206c4,trustpilot_us_slug,Trustpilot user,2025-05-23,,negative,"OPENLANE- THE WORST. OPENLANE and District sales manager Eric Carette (a weasel in my opinion) banned a buyer because the seller failed to disclose in the listing- vehicle has no cabin heat, vehicle overheats and vehicle needs towed. After it overheated in just 10 Kms (6 miles) After letting it cool down on the side of the road it was returned to the seller, so they nor Openlane suffered any damages. When I requested the sale just get cancelled, Openlane refused and said the vehicle was drivable! Frickin' morons in my opinion. So in my opinion Openlane and Eric Carette have no morals, ethics, integrity or common sense. BUYERS BEWARE of the tactics at Openlane and the desperation to stick a buyer with a vehicle that had no mechanical disclosures and can't be driven more than 6 miles! In my opinion Openlane is the worst of all the dealer auctions. Just read the reviews from various sources on the web.",Customer Service & Communication,Agent Professionalism & Responsiveness,Rude/Unhelpful Support
rvw-000118,play.google.com,Google Play (com.openlane.mobile.carsarriveplus),https://play.google.com/store/apps/details?id=com.openlane.mobile.carsarriveplus&hl=en&gl=us,google_play_us_store,Vlad Tepes,2025-05-23,2,negative,it's a bad app. it's really slow and most of the time it doesn't work,Account / Access / Login,Password Reset & Login Troubleshooting,App Login Troubleshooting
rvw-000609,google.com,Google Business Profile (OPENLANE),https://www.google.com/maps/reviews/data=!4m8!14m7!1m6!2m5!1sChdDSUhNMG9nS0VQekE1UHI0bEtldi13RRAB!2m1!1s0x0:0x7af4135fd6c841d8!3m1!1s2@1:CIHM0ogKEPzA5Pr4lKev-wE%7C%7C?hl=en,google_business_us_profile,Danny Boswell,2025-05-22,5,positive,Great place to buy a car without ridiculous fees like copart or iaai have.,Membership / Licensing / Fees & Bidding Policies,"Bidding Process, Rules and Fees",Fees
rvw-000119,play.google.com,Google Play (com.nthgensoftware.traderev.android),https://play.google.com/store/apps/details?id=com.nthgensoftware.traderev.android&hl=en&gl=us,google_play_us_store,Billy T,2025-05-20,1,negative,new update is trash. Please give us the older version,Account / Access / Login,Password Reset & Login Troubleshooting,App Login Troubleshooting
rvw-000120,bbb.org,BBB Complaints,https://www.bbb.org/us/in/carmel/profile/car-dealers/openlane-inc-0382-90024496/complaints#0382_90024496_23353022,bbb_us_business,BBB complainant,2025-05-20,1,negative,Service or Repair Issues. Purchased a vehicle like I have many times. This time the title for the vehicle the company produced on their site was not compliant with local laws and surpassed 45 day period. Openlane delayed the process of providing me access to arbitrate the sale. The representative gave me false information regarding the return of the vehicle. Customer Answer Date: 05/25/2025 Here is the rushed title that was submitted by seller in which the company refused to allow for the 72hr period to produce marketable title. This was in an attempt to push through the deadline which had passed upon reciept of marketable/actual title was past 49 days. Rules set forth by Ca bi-laws and Openlanes policy were not followed subsequently denying my company ability to lawfully sell the vehicle in question. I am seeking reimbursement for vehicle and or return of vehicle. Customer Answer Date: 06/20/2025 Never sent proper title in the allotted timeframe and Im looking for a resolution,Customer Service & Communication,Agent Professionalism & Responsiveness,Rude/Unhelpful Support
rvw-000461,bbb.org,BBB Complaints,http://www.bbb.org/us/in/carmel/profile/car-dealers/openlane-inc-0382-90024496/complaints#0382_90024496_23353022,bbb_us_business,BBB complainant,2025-05-20,1,negative,Service or Repair Issues complaint (Unanswered). Purchased a vehicle like I have many times. This time the title for the vehicle the company produced on their site was not compliant with local laws and surpassed 45 day period. Openlane delayed the process of providing me access to arbitrate the sale. The representative gave me false information regarding the return of the vehicle. #### Customer Answer **Date:**05/25/2025 Here is the rushed title that was submitted by seller in which the company refused to allow for the 72hr period to produce marketable title. This was in an attempt to push through the deadline which had passed upon reciept of marketable/actual title was past 49 days. Rules set forth by Ca bi-laws and Openlanes policy were not followed subsequently denying my company ability to lawfully sell the vehicle in question. I am seeking reimbursement for vehicle and or return of vehicle. #### Customer Answer **Date:**06/20/2025 Never sent proper title in the allotted timeframe and Im looking for a resolution,Customer Service & Communication,Agent Professionalism & Responsiveness,Rude/Unhelpful Support
rvw-000513,bbb.org,BBB Complaints,http://www.bbb.org/us/in/carmel/profile/car-dealers/openlane-inc-0382-90024496/complaints#0382_90024496_23353022,bbb_us_business,BBB complainant,2025-05-20,1,negative,"Service or Repair Issues complaint (Unanswered). Purchased a vehicle like I have many times. This time the title for the vehicle the company produced on their site was not compliant with local laws and surpassed 45 day period. Openlane delayed the process of providing me access to arbitrate the sale. The representative gave me false information regarding the return of the vehicle. #### Customer Answer **Date:**05/25/2025 Here is the rushed title that was submitted by seller in which the company refused to allow for the 72hr period to produce marketable title. This was in an attempt to push through the deadline which had passed upon reciept of marketable/actual title was past 49 days. Rules set forth by Ca bi-laws and Openlanes policy were not followed subsequently denying my company ability to lawfully sell the vehicle in question. I am seeking reimbursement for vehicle and or return of vehicle. #### Customer Answer **Date:**06/20/2025 Never sent proper title in the allotted timeframe and Im looking for a resolution * [Page 1](http://www.bbb.org/us/in/carmel/profile/car-dealers/openlane-inc-0382-90024496/complaints?page=1) * [Page 2](http://www.bbb.org/us/in/carmel/profile/car-dealers/openlane-inc-0382-90024496/complaints?page=2) [Next](http://www.bbb.org/us/in/carmel/profile/car-dealers/openlane-inc-0382-90024496/complaints?page=2)[Last](http://www.bbb.org/us/in/carmel/profile/car-dealers/openlane-inc-0382-90024496/complaints?page=2) ## Openlane, Inc.is NOT a BBB Accredited Business. To become accredited, a business must agree to[BBB Standards for Trust](https://www.bbb.org/all/standards-for-trust)and pass BBB's vetting process. [Why choose a BBB Accredited Business?](https://www.bbb.org/all/why-choose-a-bbb-accredited-business) BBB Business Profiles are provided solely to assist you in exercising your own best judgment. BBB does not verify the accuracy of information provided by third parties, and does not guarantee the accuracy of any information in Business Profiles. As a matter of policy, BBB does not endorse any product, service, or business. Businesses are under no obligation to seek BBB accreditation, and some businesses are not accredited because they have not sought BBB accreditation. When considering complaint information, please consider the company's size and volume of transactions. Note that the nature of complaints and a company’s responses to them are often more important than the number of complaints. BBB Business Profiles generally cover a three-year reporting period. [![Image 9: BBB](https://m.bbb.org/brand/logos/BBB_PrimaryLogo_White_RGB.svg)](https://www.bbb.org/)TM ## For Consumers * [Get a Quote](http://www.bbb.org/get-a-quote) * [Start a Review](http://www.bbb.org/leave-a-review) * [File a Complaint](http://www.bbb.org/file-a-complaint) ## For Businesses * [Get Your Business Listed](http://www.bbb.org/get-listed) * [BBB Accreditation](http://www.bbb.org/get-accredited) * [Apply for BBB Accreditation](http://www.bbb.org/apply) * [Newsroom and Resources](http://www.bbb.org/us/news) ## Affiliated Programs * [BBB Institute for Marketplace Trust](https://www.bbbmarketplacetrust.org/) * [BBB Wise Giving Alliance (Give.org)](https://give.org/) * [BBB National Programs](https://bbbprograms.org/) * [our Twitter (opens in a new tab)](https://x.com/bbb_us) * [our LinkedIn (opens in a new tab)](https://www.linkedin.com/company/better-business-bureau/) * [our Facebook (opens in a new tab)](https://www.facebook.com/BetterBusinessBureau) * [our Instagram (opens in a new tab)](https://www.instagram.com/betterbusinessbureau_/) * [About BBB®](http://www.bbb.org/about) * [Terms of Use](http://www.bbb.org/terms-of-use) * [Privacy Policy](http://www.bbb.org/all/privacy-policy) * [Contact Us](http://www.bbb.org/bbb-directory) © 2026 International Association of Better Business Bureaus, Inc. (IABBB). All rights reserved. All trademarks are property of IABBB.",Customer Service & Communication,Agent Professionalism & Responsiveness,Rude/Unhelpful Support
rvw-000610,google.com,Google Business Profile (OPENLANE),https://www.google.com/maps/reviews/data=!4m8!14m7!1m6!2m5!1sChdDSUhNMG9nS0VNQ0h1dUgzZzhxNW53RRAB!2m1!1s0x0:0x7af4135fd6c841d8!3m1!1s2@1:CIHM0ogKEMCHuuH3g8q5nwE%7C%7C?hl=en,google_business_us_profile,Steven Nielsen,2025-05-19,4,positive,They delivery arrived within 15 minutes of when they texted they would arrive.,"Vehicle Pickup, Delivery and Scheduling",Scheduled Pickup Status,Schedule/ Reschedule Pickup
rvw-000121,play.google.com,Google Play (com.openlane.mobile.carsarriveplus),https://play.google.com/store/apps/details?id=com.openlane.mobile.carsarriveplus&hl=en&gl=us,google_play_us_store,Dm Express LLC Dmexpress,2025-05-16,1,negative,most confusing app ever,Account / Access / Login,Password Reset & Login Troubleshooting,App Login Troubleshooting
rvw-000611,google.com,Google Business Profile (OPENLANE),https://www.google.com/maps/reviews/data=!4m8!14m7!1m6!2m5!1sChZDSUhNMG9nS0VJYXg4YlhJdTllVWJ3EAE!2m1!1s0x0:0x7af4135fd6c841d8!3m1!1s2@1:CIHM0ogKEIax8bXIu9eUbw%7C%7C?hl=en,google_business_us_profile,Richard Miller,2025-05-16,5,positive,"OpenLane Platform is Really well Designed For Finding and Buying The Right Inventory, at The Right time. Very Rare to have Platforms ALWAYS working on Additional Improvements and Actually Listening to The Dealer / User Issues.","Lot Condition, Listing Status and related",Listing Status,Selling/ Relisting vehicle or Parts purchase
rvw-000122,trustpilot.com,Trustpilot (openlane.com),https://www.trustpilot.com/reviews/682498fe1c88a856a30c5488,trustpilot_us_slug,Steven MacArthur,2025-05-14,5,positive,Service and loyalty always there. My experience has been excellent the Ottawa team is fantastic thank you guys and thank open lane for making things easy,Customer Service & Communication,Agent Professionalism & Responsiveness,Helpful Support Experience
rvw-000462,trustpilot.com,Trustpilot (openlane.com),https://www.trustpilot.com/reviews/682498fe1c88a856a30c5488,trustpilot_us_slug,Trustpilot user,2025-05-14,,positive,Service and loyalty always there. My experience has been excellent the Ottawa team is fantastic thank you guys and thank open lane for making things easy,Customer Service & Communication,Agent Professionalism & Responsiveness,Helpful Support Experience
rvw-000123,play.google.com,Google Play (com.openlane.mobile.carsarriveplus),https://play.google.com/store/apps/details?id=com.openlane.mobile.carsarriveplus&hl=en&gl=us,google_play_us_store,Todd Gorski,2025-05-14,1,negative,app is ABSOLUTELY HORRIBLE,Account / Access / Login,Password Reset & Login Troubleshooting,App Login Troubleshooting
rvw-000124,apps.apple.com,"Apple App Store (1566419386, us)",https://itunes.apple.com/us/review?id=1566419386&type=Purple%20Software&reviewId=12657260040,apple_us_store,Tobi Gean,2025-05-14,2,negative,"App doesn’t work well. sometime when you finish the car delivery and submit it just disappear of the app and you don’t understand why, it bring many problems for you because the platform don’t know if you finish or not you work, summarizing, worst app",Account / Access / Login,Password Reset & Login Troubleshooting,App Login Troubleshooting
rvw-000125,play.google.com,Google Play (com.openlane.mobile.carsarriveplus),https://play.google.com/store/apps/details?id=com.openlane.mobile.carsarriveplus&hl=en&gl=us,google_play_us_store,Joe Parton,2025-05-13,1,negative,"It seems like about one out of every 10 times there is some kind of problem. Then you are unable to get any immediate help. Then because everything didn't work out, delivering or picking up the load, they delay payment.",Account / Access / Login,Password Reset & Login Troubleshooting,App Login Troubleshooting
rvw-000126,apps.apple.com,"Apple App Store (1566419386, us)",https://itunes.apple.com/us/review?id=1566419386&type=Purple%20Software&reviewId=12653842801,apple_us_store,Santiago noleto,2025-05-13,1,negative,Bad app. Bad app with a lot of bugs and the company doesn’t care about the bugs. Just a super bad application,Account / Access / Login,Password Reset & Login Troubleshooting,App Login Troubleshooting
rvw-000127,apps.apple.com,"Apple App Store (1566419386, us)",https://itunes.apple.com/us/review?id=1566419386&type=Purple%20Software&reviewId=12652765519,apple_us_store,Still in use,2025-05-13,3,positive,"Nothing is perfect. App tells me to update but won’t let me, cnt use the scan vin part and my pictures are inverted! If I scan a vin the app freezes and kicks me out, so I just type in 17 characters, I’ve mentioned this to the dispatchers no help or change!",Account / Access / Login,Password Reset & Login Troubleshooting,App Login Troubleshooting
rvw-000128,apps.apple.com,"Apple App Store (1566419386, us)",https://itunes.apple.com/us/review?id=1566419386&type=Purple%20Software&reviewId=12649084619,apple_us_store,CAKH,2025-05-12,1,negative,Horrible app. This app is horrible. Just use SuperDispatch.,Account / Access / Login,Password Reset & Login Troubleshooting,App Login Troubleshooting
rvw-000612,google.com,Google Business Profile (OPENLANE),https://www.google.com/maps/reviews/data=!4m8!14m7!1m6!2m5!1sChdDSUhNMG9nS0VPaUd6NHo3OXRXaF93RRAB!2m1!1s0x0:0x7af4135fd6c841d8!3m1!1s2@1:CIHM0ogKEOiGz4z79tWh_wE%7C%7C?hl=en,google_business_us_profile,Arlin,2025-05-06,1,negative,"Horrible everything- titles, selection, inspections, fees, reserve prices, and customer service.",Customer Service & Communication,Agent Professionalism & Responsiveness,Rude/Unhelpful Support
rvw-000613,google.com,Google Business Profile (OPENLANE),https://www.google.com/maps/reviews/data=!4m8!14m7!1m6!2m5!1sChdDSUhNMG9nS0VPaThzTWVacU5tNTRnRRAB!2m1!1s0x0:0x7af4135fd6c841d8!3m1!1s2@1:CIHM0ogKEOi8sMeZqNm54gE%7C%7C?hl=en,google_business_us_profile,Patrick Haskins,2025-05-05,5,positive,"Chris O'Dell is hands down the best rep I have in the business. He stays true to his follow up to keep in touch with me and see how my business is going. Anytime I have needed anything, he gets the job done in a timely fashion. You can tell he genuinely cares about his dealers and building a relationship with them, which is important to me. Thank you Chris for your hard work. It doesn't go unnoticed with me, sir. Openlane, hang on to Chris as long as you can!!",Customer Service & Communication,Communication Follow-up & Escalation,Proactive Follow-up
rvw-000614,google.com,Google Business Profile (OPENLANE),https://www.google.com/maps/reviews/data=!4m8!14m7!1m6!2m5!1sChZDSUhNMG9nS0VJQ0FnTURvMlp1dGFBEAE!2m1!1s0x0:0x7af4135fd6c841d8!3m1!1s2@1:CIHM0ogKEICAgMDo2ZutaA%7C%7C?hl=en,google_business_us_profile,Kar Connection little ferry,2025-04-26,5,positive,This Review im leaving is for Mr Chad Edward's I cant begin to explain how helpful this Man who has become the go to guy to close a deal for me __ he goes above and beyond what any orther rep i have ever been with and I have bought over 2million dollars worth off cars since Trade rev was around . The one thing that stands out about Chad is that he is genuinely a kind person that shows he cares about you getting the deal you need to get and goes the extra 2 miles not one mile for you to achieve my goals off the deal __ so all I can hope for is Chad doesnt leave me as my rep because that day will never be a good day for me __ so again I gave 5 stars but I which I could off payed to give Mr Chad Edward's more stars because just to give 5 stars and not to be able to do more on my end doesnt serve justice for how he goes about his business __ Thank you again CHAD,Customer Service & Communication,Agent Professionalism & Responsiveness,Helpful Support Experience
rvw-000615,google.com,Google Business Profile (OPENLANE),https://www.google.com/maps/reviews/data=!4m8!14m7!1m6!2m5!1sChdDSUhNMG9nS0VJQ0FnTURva2EyaGh3RRAB!2m1!1s0x0:0x7af4135fd6c841d8!3m1!1s2@1:CIHM0ogKEICAgMDoka2hhwE%7C%7C?hl=en,google_business_us_profile,S J,2025-04-25,1,negative,"I have purchased exactly 345 vehicles from OPENLANE/Backlotcars over the past four years. Vehicles aren’t actually inspected, inspectors will only startup the vehicle and take photos to finish as fast as possible. They don’t arbitrate anything. Representatives have no clue what they’re talking about and have no knowledge about cars. I will no longer be purchasing anything from this auction. 9/10 vehicles I’ve purchased had false inspections.",Customer Service & Communication,Agent Professionalism & Responsiveness,Rude/Unhelpful Support
rvw-000129,apps.apple.com,"Apple App Store (1566419386, us)",https://itunes.apple.com/us/review?id=1566419386&type=Purple%20Software&reviewId=12585313285,apple_us_store,Qw123gfsgh,2025-04-25,1,negative,Trash. This app is trash it should be basic just like Super Dispatch. I have a load right now and cannot find it on the stupid app trash delete it and just go through Super Dispatch like normal people no reason to have your own app complete waste of time I spend more time messing with this app then I do picking up my cars and dropping them off,Account / Access / Login,Password Reset & Login Troubleshooting,App Login Troubleshooting
rvw-000616,google.com,Google Business Profile (OPENLANE),https://www.google.com/maps/reviews/data=!4m8!14m7!1m6!2m5!1sChZDSUhNMG9nS0VJQ0FnTURvenB5ZkJREAE!2m1!1s0x0:0x7af4135fd6c841d8!3m1!1s2@1:CIHM0ogKEICAgMDozpyfBQ%7C%7C?hl=en,google_business_us_profile,Wyatt,2025-04-24,1,negative,"OPENLANE ruined BacklotCars. We have purchased vehicles from just about every auction/platform and OPENLANE is by FAR the worst. The inventory selection is poor, off-lease exclusive sales are a complete joke and take up half of the platform (there's no way to filter them out), fees are expensive, and the inspections are horrible. At this point is feels like every other car we've purchased has had a major issue. But by far the worst part is arbitration: communication is VERY poor, you have to take the car wherever they tell you to get it diagnosed (and then somewhere else if they don't like the results), and they try to find every last reason to extend and delay the process. Use ACV.",Customer Service & Communication,Agent Professionalism & Responsiveness,Rude/Unhelpful Support
rvw-000617,google.com,Google Business Profile (OPENLANE),https://www.google.com/maps/reviews/data=!4m8!14m7!1m6!2m5!1sChZDSUhNMG9nS0VJQ0FnTURvX0thd1BnEAE!2m1!1s0x0:0x7af4135fd6c841d8!3m1!1s2@1:CIHM0ogKEICAgMDo_KawPg%7C%7C?hl=en,google_business_us_profile,Hay Tad,2025-04-23,5,positive,**********Shey Machado ******** I want to say thank you for making our dealership equal as everyone else .First call I received from you I felt that you realy care about our acount which I had a complete different toughts for Openlane / Backlot Your continued professionali your care and follow ups is just priceless I like to do a lots of business with people like you that cares and I want to wish you the best and lots of success for your career journey you deserve it Just always remember please NO ONE CARE HOW MUCH YOU KNOW UNTILL THEY SEE HOW MUCH YOU CARE,Customer Service & Communication,Communication Follow-up & Escalation,Proactive Follow-up
rvw-000130,apps.apple.com,"Apple App Store (1566419386, us)",https://itunes.apple.com/us/review?id=1566419386&type=Purple%20Software&reviewId=12524345943,apple_us_store,Josempaz86,2025-04-09,1,negative,Garbage. Worst app for car haulers by far,Account / Access / Login,Password Reset & Login Troubleshooting,App Login Troubleshooting
rvw-000131,trustpilot.com,Trustpilot (openlane.com),https://www.trustpilot.com/reviews/67efeaf0fa524357e9d7faad,trustpilot_us_slug,Jaime Roca,2025-04-04,1,negative,"After this company was sold. After this company was sold, it became a joke. they have vehicle inspectors lying on the reports saying they drive vehicles at a certain high speed which is not truth because when they come to my lot to take pictures at the buybacks. They do not take pictures of parts that are not under their crappy policy like rocker panels or body floor, so you can have that surprise. That is why ACV is taking over the market, because of platforms like this joking with people sweat.","Lot Condition, Listing Status and related",Third-Party Inspection Authorization & Scheduling,Previewing/ Inspecting Vehicles
rvw-000463,trustpilot.com,Trustpilot (openlane.com),https://www.trustpilot.com/reviews/67efeaf0fa524357e9d7faad,trustpilot_us_slug,Trustpilot user,2025-04-04,,negative,"After this company was sold. After this company was sold, it became a joke. they have vehicle inspectors lying on the reports saying they drive vehicles at a certain high speed which is not truth because when they come to my lot to take pictures at the buybacks. They do not take pictures of parts that are not under their crappy policy like rocker panels or body floor, so you can have that surprise. That is why ACV is taking over the market, because of platforms like this joking with people sweat.","Lot Condition, Listing Status and related",Third-Party Inspection Authorization & Scheduling,Previewing/ Inspecting Vehicles
rvw-000132,trustpilot.com,Trustpilot (openlane.com),https://www.trustpilot.com/reviews/67ec424de0a033c92236c397,trustpilot_us_slug,Ginsari Vadim,2025-04-01,1,negative,"Warning – Sold me a car with blocked documents, no real help offered. I bought an Opel Astra through Openlane and I can't register it – the registration certificate is flagged as stolen. A criminal case was opened in Romania and the car is now unusable. After posting a review on Google, they replied publicly saying they take the case seriously. I contacted them privately right away, but they refused to help. Their public reply was just for image – no action behind it.",Customer Service & Communication,Communication Follow-up & Escalation,No Callback / Unresolved Case
rvw-000133,apps.apple.com,"Apple App Store (1566419386, us)",https://itunes.apple.com/us/review?id=1566419386&type=Purple%20Software&reviewId=12491422782,apple_us_store,Suvory,2025-04-01,1,negative,"Any. Real Bad app, many security steps, logging issues, long time loading app, I would rate that as 0 out of 5",Account / Access / Login,Password Reset & Login Troubleshooting,App Login Troubleshooting
rvw-000134,play.google.com,Google Play (com.nthgensoftware.traderev.android),https://play.google.com/store/apps/details?id=com.nthgensoftware.traderev.android&hl=en&gl=us,google_play_us_store,Samy Hassan Haidar,2025-03-26,1,negative,been receiving server error occurred since 3 months now can't use the app and no technician from openlane to fix the error .,Account / Access / Login,Password Reset & Login Troubleshooting,App Login Troubleshooting
rvw-000135,play.google.com,Google Play (com.openlane.mobile.carsarriveplus),https://play.google.com/store/apps/details?id=com.openlane.mobile.carsarriveplus&hl=en&gl=us,google_play_us_store,Rasouli Moore,2025-03-24,2,negative,"it is under developed. you can't zoom in with camera, no place for notes, no option to deliver when the customer isn't available, no contact procedures to resolve unforseen issues that may arise. it just needs more work.",Customer Service & Communication,Agent Professionalism & Responsiveness,Rude/Unhelpful Support
rvw-000136,apps.apple.com,"Apple App Store (1566419386, us)",https://itunes.apple.com/us/review?id=1566419386&type=Purple%20Software&reviewId=12459020912,apple_us_store,Saltytow,2025-03-24,1,negative,Bugs. It’s buggy and almost impossible the framework of this app feels like 2008 iPod touch apps. Ready logistics 100%better,Membership / Licensing / Fees & Bidding Policies,"Bidding Process, Rules and Fees",Fees
rvw-000137,play.google.com,Google Play (com.openlane.mobile.carsarriveplus),https://play.google.com/store/apps/details?id=com.openlane.mobile.carsarriveplus&hl=en&gl=us,google_play_us_store,David Carson,2025-03-20,5,positive,would be nice if you could see the location before choosing load.,Account / Access / Login,Password Reset & Login Troubleshooting,App Login Troubleshooting
rvw-000138,apps.apple.com,"Apple App Store (1566419386, us)",https://itunes.apple.com/us/review?id=1566419386&type=Purple%20Software&reviewId=12439615672,apple_us_store,Jennybug2249,2025-03-19,3,negative,App glitches. The app glitches sometimes in bad areas and says you are out of the area location. This causes your pay to be held for 30 days. This is an issue.,Account / Access / Login,Password Reset & Login Troubleshooting,App Login Troubleshooting
rvw-000139,trustpilot.com,Trustpilot (openlane.com),https://www.trustpilot.com/reviews/67d4414b791c8db8010c87f4,trustpilot_us_slug,Erica,2025-03-14,1,negative,"The company overall is a joke. The company overall is a joke! I sent emails to get issues resolved that were unanswered, customer service is no help! They are rude and incompetent and after reading their reviews the only positive thing I have to say is that they are consistent!!",Customer Service & Communication,Case Resolution Quality,Issue Not Resolved
rvw-000618,google.com,Google Business Profile (OPENLANE),https://www.google.com/maps/reviews/data=!4m8!14m7!1m6!2m5!1sChdDSUhNMG9nS0VJQ0FnTUNRdF9pNWxRRRAB!2m1!1s0x0:0x7af4135fd6c841d8!3m1!1s2@1:CIHM0ogKEICAgMCQt_i5lQE%7C%7C?hl=en,google_business_us_profile,Desai Motors,2025-03-07,5,positive,"I am a small used car dealer. I love Openlane and specifically wanna give a shoutout to my amazing Rep Tomas. Tomas is extremely helpful, goes above and beyond all the time to help us out. Perhaps one of the reasons why these day I’m mainly buying from Openlane, although there is other platforms also is cause of the relationship Tomas has built.",Customer Service & Communication,Agent Professionalism & Responsiveness,Helpful Support Experience
rvw-000619,google.com,Google Business Profile (OPENLANE),https://www.google.com/maps/reviews/data=!4m8!14m7!1m6!2m5!1sChdDSUhNMG9nS0VJQ0FnTUNRNlplM25BRRAB!2m1!1s0x0:0x7af4135fd6c841d8!3m1!1s2@1:CIHM0ogKEICAgMCQ6Ze3nAE%7C%7C?hl=en,google_business_us_profile,roger reveles,2025-03-05,5,positive,on time and very profesional . good communication also ..,Customer Service & Communication,Agent Professionalism & Responsiveness,Helpful Support Experience
rvw-000140,apps.apple.com,"Apple App Store (1566419386, us)",https://itunes.apple.com/us/review?id=1566419386&type=Purple%20Software&reviewId=12380780795,apple_us_store,Load worker,2025-03-04,1,negative,"They don’t check if the car exist before upload it. Be carefully using this app, they send you to the location to pickup a car and after you spend your time, diesel and other, the car will not be there",Account / Access / Login,Document Upload & Verification,Upload Troubleshooting
rvw-000141,apps.apple.com,"Apple App Store (1175036411, us)",https://itunes.apple.com/us/review?id=1175036411&type=Purple%20Software&reviewId=12370785699,apple_us_store,Saltwaterguy51,2025-03-01,5,positive,Dealer111. I buy many vehicles from OPENLANE. Good customer service and condition reports are pretty accurate.,Customer Service & Communication,Agent Professionalism & Responsiveness,Helpful Support Experience
rvw-000620,google.com,Google Business Profile (OPENLANE),https://www.google.com/maps/reviews/data=!4m8!14m7!1m6!2m5!1sChZDSUhNMG9nS0VJQ0FnTURnOGM3MVl3EAE!2m1!1s0x0:0x7af4135fd6c841d8!3m1!1s2@1:CIHM0ogKEICAgMDg8c71Yw%7C%7C?hl=en,google_business_us_profile,Colin Graceffa,2025-02-25,1,negative,"Horrible customer service. They said I had ""4"" payment issues and is banning my account for 90 days. But the funny part is I've haven't had any payment issues that were my fault they were all OPENLANES fault because of ZERO communication! The ""4th"" issue was because I didn't have ACH setup because they linked my incorrect bank account the first time when they setup my account via PLAID so....when I bought a car recently I called in IMMEDIALTY to see if they could just deduct the amount from the money THEY OWE me [OVER 20,000$] from cars I sold with them. I was told they would contact accounting to see if that can be done....one day, two days, three days.....the weekend no calls. There system auto defaults to pick floorplan for payment...which it did. My floorplan isn't even active right now so it bounced back to openlane. I called in and explained all of this to which my rep said ""Instead of linking your bank account with plaid we can just do paper form."" I said okay [wondering why we didn't do this in the first place to eliminate the first payment ""issue."" My payment goes thru and then I get a call that my account is ""locked for 90 days"" due to 4 payment issues. I explained that it WAS NOT my fault for any of these and that openlane linked my incorrect account. {I literally have email traffic from the whole ordeal}....they state they were all my fault. Who the hell is that true? All these payment ""issues"" were from openlane because of 1. You guys linked my PERSONAL bank account 2. The first payment issue from you guys linking my personal bank account...you guys claimed three different payment issues.....this was all the SAME transaction. I bought three cars....how was this three different transactions, it was all the same cart checkout. 3. The communication between customers and customer service is also HORRIBLE this ""4th"" payment issue could of easily been resolved immediate after payment when I called and asked if the amount openlane owes me could just be deducted so no ACH has to be done. No call back, no email, nothing. Just a 90 day ban because of Openlanes incompetence. I literally have email traffic from the first incident and the openlane employee agreeing that it was no three separate occurrences. Absolute joke of a company. This is why ACV Auctions is far above them and always will be. I haven't even been reached back out to, to amend this situation and probably won't be. I'm sure theyll give the same BS review reply they always give because they can't even give a krap about that. The funniest part about this is.....when I did the paper ACH form and sent it in, they told me after 7 days of them recieving ACH form then I'll get funded for my 20,000$ of money they owe me for cars I sold with them [""Thats just how our system works""]. BUT THEY ACH WITHIN ONE DAY, for the car I bought from them......? What freakin sense does that make? Still haven't been funded for $20,000 worth of cars sold and now banned for 90 days. What a JOKE of a company. -Trackhouse Off road & Performance",Customer Service & Communication,Support Access & Response Time,Delayed Email/Phone Response
rvw-000142,play.google.com,Google Play (com.backlotcars.backlotcars),https://play.google.com/store/apps/details?id=com.backlotcars.backlotcars&hl=en&gl=us,google_play_us_store,Scott Bryan,2025-02-24,1,negative,"If you like frequent crashes and spinning wheels, then this is the App for you.",Account / Access / Login,Password Reset & Login Troubleshooting,App Login Troubleshooting
rvw-000621,google.com,Google Business Profile (OPENLANE),https://www.google.com/maps/reviews/data=!4m8!14m7!1m6!2m5!1sChZDSUhNMG9nS0VJQ0FnTUNnMWRMSlZREAE!2m1!1s0x0:0x7af4135fd6c841d8!3m1!1s2@1:CIHM0ogKEICAgMCg1dLJVQ%7C%7C?hl=en,google_business_us_profile,Mark Silegy,2025-02-19,5,positive,Excellent platform to add vehicles to your inventory. Easy to use and hassle free. The reps are great and work with you to make it a smooth experience. Thank you OpenLane for helping me grow my small car business.,"Lot Condition, Listing Status and related",Listing Status,Selling/ Relisting vehicle or Parts purchase
rvw-000464,trustpilot.com,Trustpilot (openlane.com),https://www.trustpilot.com/reviews/67ec424de0a033c92236c397,trustpilot_us_slug,Trustpilot user,2025-02-15,,negative,"Warning – Sold me a car with blocked documents, no real help offered. I bought an Opel Astra through Openlane and I can't register it – the registration certificate is flagged as stolen. A criminal case was opened in Romania and the car is now unusable. After posting a review on Google, they replied publicly saying they take the case seriously. I contacted them privately right away, but they refused to help. Their public reply was just for image – no action behind it.",Customer Service & Communication,Communication Follow-up & Escalation,No Callback / Unresolved Case
rvw-000622,google.com,Google Business Profile (OPENLANE),https://www.google.com/maps/reviews/data=!4m8!14m7!1m6!2m5!1sChZDSUhNMG9nS0VJQ0FnTUNnaXBtUGFnEAE!2m1!1s0x0:0x7af4135fd6c841d8!3m1!1s2@1:CIHM0ogKEICAgMCgipmPag%7C%7C?hl=en,google_business_us_profile,"Jims Rims, Inc.",2025-02-15,5,positive,"Openlane is far my favorite auction / wholesale site. Platform is easy to maneuver, fees are reasonable, selection is good and support is well above par.",Customer Service & Communication,Agent Professionalism & Responsiveness,Helpful Support Experience
rvw-000143,trustpilot.com,Trustpilot (openlane.com),https://www.trustpilot.com/reviews/67ae7e93c18b90aade6a478a,trustpilot_us_slug,customer,2025-02-14,1,negative,"customer service, Arbitration , Junks Units. Customer service is very bad and plus Arbitration service is next level bad very rude when you started with . buyer fees and prices is extreamly high alot of liers and dishonest employees sells junk units . Green Lights is Joke . ACV auction is best and their customer service is best",Customer Service & Communication,Agent Professionalism & Responsiveness,Rude/Unhelpful Support
rvw-000465,trustpilot.com,Trustpilot (openlane.com),https://www.trustpilot.com/reviews/67ae7e93c18b90aade6a478a,trustpilot_us_slug,Trustpilot user,2025-02-13,,negative,"customer service, Arbitration , Junks Units. Customer service is very bad and plus Arbitration service is next level bad very rude when you started with . buyer fees and prices is extreamly high alot of liers and dishonest employees sells junk units . Green Lights is Joke . ACV auction is best and their customer service is best",Customer Service & Communication,Agent Professionalism & Responsiveness,Rude/Unhelpful Support
rvw-000144,play.google.com,Google Play (com.openlane.mobile.carsarriveplus),https://play.google.com/store/apps/details?id=com.openlane.mobile.carsarriveplus&hl=ru&gl=us,google_play_us_store,Truck,2025-02-13,1,negative,"dont working, can't make inspection while delivering","Lot Condition, Listing Status and related",Third-Party Inspection Authorization & Scheduling,Previewing/ Inspecting Vehicles
rvw-000623,google.com,Google Business Profile (OPENLANE),https://www.google.com/maps/reviews/data=!4m8!14m7!1m6!2m5!1sChZDSUhNMG9nS0VJQ0FnTURBOTZITVJREAE!2m1!1s0x0:0x7af4135fd6c841d8!3m1!1s2@1:CIHM0ogKEICAgMDA96HMRQ%7C%7C?hl=en,google_business_us_profile,Dashon Morgan,2025-02-12,2,negative,"Great place to do business. It used to be, but now the transportation has become so slow that it's not always worth buying from them, unfortunately.","Vehicle Pickup, Delivery and Scheduling",Scheduled Pickup Status,Missed/ Delayed Pickup and Dispatch Window
rvw-000624,google.com,Google Business Profile (OPENLANE),https://www.google.com/maps/reviews/data=!4m8!14m7!1m6!2m5!1sChdDSUhNMG9nS0VJQ0FnTURBOTVPWXdBRRAB!2m1!1s0x0:0x7af4135fd6c841d8!3m1!1s2@1:CIHM0ogKEICAgMDA95OYwAE%7C%7C?hl=en,google_business_us_profile,slumdogs inc,2025-02-12,5,positive,"We love to purchase all cars from Openlane.Mr Lawrence is very knowledgeable,loyal and Honest Representative.",Customer Service & Communication,Agent Professionalism & Responsiveness,Helpful Support Experience
rvw-000625,google.com,Google Business Profile (OPENLANE),https://www.google.com/maps/reviews/data=!4m8!14m7!1m6!2m5!1sChZDSUhNMG9nS0VJQ0FnTURBbS1YQUpnEAE!2m1!1s0x0:0x7af4135fd6c841d8!3m1!1s2@1:CIHM0ogKEICAgMDAm-XAJg%7C%7C?hl=en,google_business_us_profile,David,2025-02-12,5,positive,"Having a fantastic experience using this auction, all thanks to Lawrence! The auction is well organized, and the selection of cars are impressive. Lawrence is incredibly helpful and knowledgeable, guiding me through the process with ease. I ended up with some good deals that I'm thrilled with. Highly recommend this auction and a big thank you to Lawrence for making it easier.",Customer Service & Communication,Agent Professionalism & Responsiveness,Helpful Support Experience
rvw-000145,apps.apple.com,"Apple App Store (1175036411, us)",https://itunes.apple.com/us/review?id=1175036411&type=Purple%20Software&reviewId=12295455568,apple_us_store,BigDawgMotors,2025-02-10,5,positive,"Great new app!. Great new app with ability to switch from buyer to seller with ease. Now that it will start working with different functions, so easy and clean. With the customer service team always listening to what we have to say to help the app functionality",Customer Service & Communication,Agent Professionalism & Responsiveness,Helpful Support Experience
rvw-000772,apps.apple.com,"Apple App Store (1175036411, us)",https://itunes.apple.com/us/review?id=1175036411&type=Purple%20Software&reviewId=12295455568,apple_us_store,ZaddyBigz23,2025-02-10,5,positive,"Great new app!. Great new app with ability to switch from buyer to seller with ease. Now that it will start working with different functions, so easy and clean. With the customer service team always listening to what we have to say to help the app functionality",Customer Service & Communication,Agent Professionalism & Responsiveness,Helpful Support Experience
rvw-000626,google.com,Google Business Profile (OPENLANE),https://www.google.com/maps/reviews/data=!4m8!14m7!1m6!2m5!1sChdDSUhNMG9nS0VJQ0FnTURBdU1YMGt3RRAB!2m1!1s0x0:0x7af4135fd6c841d8!3m1!1s2@1:CIHM0ogKEICAgMDAuMX0kwE%7C%7C?hl=en,google_business_us_profile,Torrey Thorne,2025-02-06,5,positive,"Max is my account manager. Max is very knowledgeable, kind and patient which describes his personality and character. Max always exhibits great assistance when I need him, he checks up on me to ask how he could help often and Max always follows up with me if he's on another call. Thus far Max's customer service has been absolutely excellent and I'm so glad that he's my account manager. Excellent job Max! Thank you!! I wish that I could give you more stars.",Customer Service & Communication,Agent Professionalism & Responsiveness,Helpful Support Experience
rvw-000146,play.google.com,Google Play (com.openlane.mobile.carsarriveplus),https://play.google.com/store/apps/details?id=com.openlane.mobile.carsarriveplus&hl=en&gl=us,google_play_us_store,Jay,2025-01-30,1,negative,needs to start up faster and process the loads faster,Account / Access / Login,Password Reset & Login Troubleshooting,App Login Troubleshooting
rvw-000466,trustpilot.com,Trustpilot (openlane.com),https://www.trustpilot.com/reviews/67d4414b791c8db8010c87f4,trustpilot_us_slug,Trustpilot user,2025-01-29,,negative,"The company overall is a joke. The company overall is a joke! I sent emails to get issues resolved that were unanswered, customer service is no help! They are rude and incompetent and after reading their reviews the only positive thing I have to say is that they are consistent!!",Customer Service & Communication,Case Resolution Quality,Issue Not Resolved
rvw-000627,google.com,Google Business Profile (OPENLANE),https://www.google.com/maps/reviews/data=!4m8!14m7!1m6!2m5!1sChdDSUhNMG9nS0VJQ0FnTUNBaExQdnNRRRAB!2m1!1s0x0:0x7af4135fd6c841d8!3m1!1s2@1:CIHM0ogKEICAgMCAhLPvsQE%7C%7C?hl=en,google_business_us_profile,Brian McAlpin,2025-01-29,5,positive,"OpenLane is by far the safest way to obtain used automobiles and the most fair company in the business. They have the best customer service reps in the business as well as vehicle condition rating, guarantee, and arbitration process that is 2nd to none!",Customer Service & Communication,Agent Professionalism & Responsiveness,Helpful Support Experience
rvw-000628,google.com,Google Business Profile (OPENLANE),https://www.google.com/maps/reviews/data=!4m8!14m7!1m6!2m5!1sChdDSUhNMG9nS0VJQ0FnSURfeF9YZXJ3RRAB!2m1!1s0x0:0x82ddb1a9ae334e23!3m1!1s2@1:CIHM0ogKEICAgID_x_XerwE%7C%7C?hl=en,google_business_us_profile,Mohammed Desai,2025-01-27,1,negative,"I am very disappointed in the way Openlane is run. Tyler, from the finance department isn't someone that's good at keeping a nice relationship with customers and trying to understand their circumstances. I have found Openlane pretty useful as an auction. Am EXTREMLY DISSAPOINTED with Tyler from Finance Department. I will probably end up giving more business to ACV , Openlane can blame Tyler for that",Membership / Licensing / Fees & Bidding Policies,"Bidding Process, Rules and Fees",Fees
rvw-000629,google.com,Google Business Profile (OPENLANE),https://www.google.com/maps/reviews/data=!4m8!14m7!1m6!2m5!1sChdDSUhNMG9nS0VJQ0FnSURfMGZ5NHpBRRAB!2m1!1s0x0:0x7af4135fd6c841d8!3m1!1s2@1:CIHM0ogKEICAgID_0fy4zAE%7C%7C?hl=en,google_business_us_profile,Vantage Auto Group,2025-01-24,5,positive,I enjoy working with Luis. He is very helpful and professional. Will do more business.,Customer Service & Communication,Agent Professionalism & Responsiveness,Helpful Support Experience
rvw-000630,google.com,Google Business Profile (OPENLANE),https://www.google.com/maps/reviews/data=!4m8!14m7!1m6!2m5!1sChZDSUhNMG9nS0VJQ0FnSURfNGFtN1V3EAE!2m1!1s0x0:0x7af4135fd6c841d8!3m1!1s2@1:CIHM0ogKEICAgID_4am7Uw%7C%7C?hl=en,google_business_us_profile,Jeff Patterson,2025-01-24,5,positive,"Jason, my rep, goes above and beyond the call of duty. He is very quick to respond it’s the little guys like him that make the difference in these big companies.",Customer Service & Communication,Communication Follow-up & Escalation,Proactive Follow-up
rvw-000631,google.com,Google Business Profile (OPENLANE),https://www.google.com/maps/reviews/data=!4m8!14m7!1m6!2m5!1sChZDSUhNMG9nS0VJQ0FnSURfbG9Ialp3EAE!2m1!1s0x0:0x7af4135fd6c841d8!3m1!1s2@1:CIHM0ogKEICAgID_loHjZw%7C%7C?hl=en,google_business_us_profile,Jim Richards,2025-01-24,5,positive,Sport Motors LLC IN Opp AL. We have exceptional service experience with Openlane all due to us being privileged to have an excellent Representative Jason Elia Thanks for all you do.,Customer Service & Communication,Agent Professionalism & Responsiveness,Helpful Support Experience
rvw-000147,trustpilot.com,Trustpilot (openlane.com),https://www.trustpilot.com/reviews/67917cefc6be2b27ae2c6313,trustpilot_us_slug,Alex Costa,2025-01-23,1,negative,"Waiting 85 days for the delivery of a…. Waiting 85 days for the delivery of a car, many emails have already been sent and no response about the expected delivery date, this company is a shame, total disrespect to the customer!",Customer Service & Communication,Support Access & Response Time,Delayed Email/Phone Response
rvw-000632,google.com,Google Business Profile (OPENLANE),https://www.google.com/maps/reviews/data=!4m8!14m7!1m6!2m5!1sChdDSUhNMG9nS0VJQ0FnSURfcHV6T2hBRRAB!2m1!1s0x0:0x7af4135fd6c841d8!3m1!1s2@1:CIHM0ogKEICAgID_puzOhAE%7C%7C?hl=en,google_business_us_profile,Autumn,2025-01-23,5,positive,"Openlane has been great, especially our agent Matt! He has went up and beyond to help us with anything we needed. It is a good auction place with good people!",Customer Service & Communication,Agent Professionalism & Responsiveness,Helpful Support Experience
rvw-000633,google.com,Google Business Profile (OPENLANE),https://www.google.com/maps/reviews/data=!4m8!14m7!1m6!2m5!1sChdDSUhNMG9nS0VJQ0FnSURfeHREOHdBRRAB!2m1!1s0x0:0x7af4135fd6c841d8!3m1!1s2@1:CIHM0ogKEICAgID_xtD8wAE%7C%7C?hl=en,google_business_us_profile,Ashneel Singh,2025-01-23,5,positive,LUIS HAS BEEN VERY HELPFUL. MAKES BUYING EASIER WITH OPENLANE.,Customer Service & Communication,Agent Professionalism & Responsiveness,Helpful Support Experience
rvw-000148,apps.apple.com,"Apple App Store (1175036411, us)",https://itunes.apple.com/us/review?id=1175036411&type=Purple%20Software&reviewId=12199031988,apple_us_store,chapjaal,2025-01-18,1,negative,Glitches. Constantly going back to the top of listings,Account / Access / Login,Password Reset & Login Troubleshooting,App Login Troubleshooting
rvw-000634,google.com,Google Business Profile (OPENLANE),https://www.google.com/maps/reviews/data=!4m8!14m7!1m6!2m5!1sChZDSUhNMG9nS0VJQ0FnSUNfd1lLdlZBEAE!2m1!1s0x0:0x7af4135fd6c841d8!3m1!1s2@1:CIHM0ogKEICAgIC_wYKvVA%7C%7C?hl=en,google_business_us_profile,Joe Porrini,2025-01-16,5,positive,"I purchased a vehicle on Open Lane with an Arbitrable issue that a local shop we use for reconditioning Completely misdiagnosed. We were well passed the point of arbitration & our rep Gregory McCray & his manager, Adam Lanane, graciously approved a good faith adjustment that they were not required to do. Although we aren’t their biggest account, they treated us with the upmost respect and consideration, and clearly understand the value of doing business the right way by building solid, reliable relationships. I greatly appreciate their efforts and kind consideration and look forward to continued growth & working on the platform in partnership with them!",Customer Service & Communication,Agent Professionalism & Responsiveness,Helpful Support Experience
rvw-000635,google.com,Google Business Profile (OPENLANE),https://www.google.com/maps/reviews/data=!4m8!14m7!1m6!2m5!1sChZDSUhNMG9nS0VJQ0FnSUNfd3FyeVpnEAE!2m1!1s0x0:0x7af4135fd6c841d8!3m1!1s2@1:CIHM0ogKEICAgIC_wqryZg%7C%7C?hl=en,google_business_us_profile,Carl Colen,2025-01-14,5,positive,"Angela Maldonado, is the most fantastic kindest auction rep I've ever encountered. She always goes the extra mile and produces great results! She has my back and business in her hands. Here's to another 320 cars!",Membership / Licensing / Fees & Bidding Policies,"Bidding Process, Rules and Fees",How to Bid (First Time)
rvw-000636,google.com,Google Business Profile (OPENLANE),https://www.google.com/maps/reviews/data=!4m8!14m7!1m6!2m5!1sChdDSUhNMG9nS0VJQ0FnSUNfNUk2OXlnRRAB!2m1!1s0x0:0x7af4135fd6c841d8!3m1!1s2@1:CIHM0ogKEICAgIC_5I69ygE%7C%7C?hl=en,google_business_us_profile,Manny Fa,2025-01-13,5,positive,"I really recommend Openlane, Am dealing with them since few years, at the beginning was not easy but when i started deal with Steven Fishburn all the issues resolved, this guy help me with everything not only sales but even when i have issues with other departments he do his best to make me satisfied and help my business. I really appreciate Steven help and wish all accounts manager do the same for their clients.",Customer Service & Communication,Case Resolution Quality,Issue Resolved
rvw-000149,play.google.com,Google Play (com.nthgensoftware.traderev.android),https://play.google.com/store/apps/details?id=com.nthgensoftware.traderev.android&hl=en&gl=us,google_play_us_store,Yunitube Farooqi,2025-01-12,1,negative,"No push notifications work with my android, spoke to customer support, they have no clue what to do. Filters do not work consistently. delay in bidding have lost cars due to lag on app. if your going to charge us all these fees at least make the app work. Transport fees are getting out of hand.",Customer Service & Communication,Agent Professionalism & Responsiveness,Rude/Unhelpful Support
rvw-000804,play.google.com,Google Play (com.nthgensoftware.traderev.android),https://play.google.com/store/apps/details?id=com.nthgensoftware.traderev.android&hl=en&gl=us,google_play_us_store,Irfan Farooqi,2025-01-12,1,negative,"No push notifications work with my android, spoke to customer support, they have no clue what to do. Filters do not work consistently. delay in bidding have lost cars due to lag on app. if your going to charge us all these fees at least make the app work. Transport fees are getting out of hand.",Customer Service & Communication,Agent Professionalism & Responsiveness,Rude/Unhelpful Support
rvw-000150,trustpilot.com,Trustpilot (openlane.com),https://www.trustpilot.com/reviews/677d98eb96afb9673604d1df,trustpilot_us_slug,J Kelley,2025-01-07,1,negative,"Small dealers get taken to the cleaners. Small dealers get taken advantage of. I am a small shop and bought a couple vehicles within a month of each other. They both needed timing repairs. They were both green lighted and had no notations on mechanical issues or the screaming howling noise that the second one had on startup. Either the inspectors are incompetent or they are just a disreputable business that takes advantage of the little guy. Now, we get to pay an extra $2500 per vehicle for the timing to be done as well as the other normal repairs that we plan on when purchasing online. Now, we will have more into both vehicles than they book out for because they don't want to do the right thing. They just lost an up and coming business. I pray that they learn to do better or more people read these reviews before using their platform.","Lot Condition, Listing Status and related",Third-Party Inspection Authorization & Scheduling,Previewing/ Inspecting Vehicles
rvw-000467,trustpilot.com,Trustpilot (openlane.com),https://www.trustpilot.com/reviews/677d98eb96afb9673604d1df,trustpilot_us_slug,Trustpilot user,2025-01-07,,negative,"Small dealers get taken to the cleaners. Small dealers get taken advantage of. I am a small shop and bought a couple vehicles within a month of each other. They both needed timing repairs. They were both green lighted and had no notations on mechanical issues or the screaming howling noise that the second one had on startup. Either the inspectors are incompetent or they are just a disreputable business that takes advantage of the little guy. Now, we get to pay an extra $2500 per vehicle for the timing to be done as well as the other normal repairs that we plan on when purchasing online. Now, we will have more into both vehicles than they book out for because they don't want to do the right thing. They just lost an up and coming business. I pray that they learn to do better or more people read these reviews before using their platform.","Lot Condition, Listing Status and related",Third-Party Inspection Authorization & Scheduling,Previewing/ Inspecting Vehicles
rvw-000637,google.com,Google Business Profile (OPENLANE),https://www.google.com/maps/reviews/data=!4m8!14m7!1m6!2m5!1sChZDSUhNMG9nS0VJQ0FnSURmbU5mb1ZnEAE!2m1!1s0x0:0x7af4135fd6c841d8!3m1!1s2@1:CIHM0ogKEICAgIDfmNfoVg%7C%7C?hl=en,google_business_us_profile,Auto Gallery,2025-01-03,5,positive,"We have been purchasing cars from OPENLANE Auto Auction for the past three months, and the experience has been absolutely outstanding. All departments are excellent and provide top-tier service. A special mention goes to our representative, Denise Mann. Denise has been incredibly supportive and helpful every step of the way. She is always responsive, reliable, and ensures that any questions or concerns are promptly addressed. Her dedication has made our experience seamless and enjoyable. We are truly impressed by the level of service provided by OPENLANE Auto Auction, and Denise in particular. We highly recommend them to anyone looking for a trustworthy and professional auction partner!",Customer Service & Communication,Agent Professionalism & Responsiveness,Helpful Support Experience
rvw-000151,apps.apple.com,"Apple App Store (1175036411, us)",https://itunes.apple.com/us/review?id=1175036411&type=Purple%20Software&reviewId=12113196103,apple_us_store,tsiparlana,2024-12-27,2,negative,"App issues. They just can not get the filters to work right. So many functions on the app that used to work, no longer work. I constantly have to reapply the filters to get them to work. The more features they add, the worse the functionality gets. Absolutely hate absolute sale. Wait for days for seller response, only for cars to get run up in absolute sale. Only benefits sellers.",Customer Service & Communication,Agent Professionalism & Responsiveness,Rude/Unhelpful Support
rvw-000360,apps.apple.com,"Apple App Store (1175036411, us)",https://apps.apple.com/us/app/id1175036411?see-all=reviews&platform=iphone&reviewId=12113196103,apple_us_store,tsiparlana,2024-12-27,2,negative,"App issues. They just can not get the filters to work right. So many functions on the app that used to work, no longer work. I constantly have to reapply the filters to get them to work. The more features they add, the worse the functionality gets. Absolutely hate absolute sale. Wait for days for seller response, only for cars to get run up in absolute sale. Only benefits sellers",Customer Service & Communication,Agent Professionalism & Responsiveness,Rude/Unhelpful Support
rvw-000638,google.com,Google Business Profile (OPENLANE),https://www.google.com/maps/reviews/data=!4m8!14m7!1m6!2m5!1sChZDSUhNMG9nS0VJQ0FnSUR2cnZMX1l3EAE!2m1!1s0x0:0x7af4135fd6c841d8!3m1!1s2@1:CIHM0ogKEICAgIDvrvL_Yw%7C%7C?hl=en,google_business_us_profile,Widowed 2020,2024-12-20,5,positive,"Have been buying from OPENLANE for about a year and a half. It's been a great experience. I basically get all my vehicles from them now. I'm a small independent dealer and they really take good care of me, I get titles fast and their shipping is fast and extremely helpful. I can't say enough good things about my Business Rep Max, he is always on top of things and watches out for me. He is always there to help and provides great advice and direction. Something the other auction house reps never do. My experience with their arbitration team has been good. I feel they are fair and reasonable. I can honestly say here at Christian Motors we can highly recommend OPENLANE whether buying or selling.",Customer Service & Communication,Agent Professionalism & Responsiveness,Helpful Support Experience
rvw-000152,bbb.org,BBB Complaints,https://www.bbb.org/us/in/carmel/profile/car-dealers/openlane-inc-0382-90024496/complaints#0382_90024496_22712003,bbb_us_business,BBB complainant,2024-12-19,1,negative,"Service or Repair Issues. I purchased a 2016 dodge dart on the Openlane platform on 11/22/2024. The inspection stated that the tires needed to be replaced and there was some peeling paint. I purchased the car for $3400 plus $225 buy fee, $75 guarantee fee and $540 delivery fee. The selling dealership is REMOVED . Upon receiving the car I could tell the car was in poor condition. The entire exhaust system was missing. Motor mounts missing. The car needs $3083 to make the car safe, not fix all issues. I contacted Openlane and they said none of these issues are covered. I did more research of this car and it turns out it sold the day before I bought it at a salvage auction REMOVED for $285. It described the car as a total loss. I called the auction. They said the seller cancelled the sale the day before I bought the car. They said there was not any negative title branding but the car did not run. I contacted the prior owner that sold it to REMOVED and they said they sold it red light, non running condition to REMOVED . I took this information to Openlane and they stated again that these issues have nothing to do with the auction and is not subject to arbitration. I have physical proof that this car was misrepresented. I called REMOVED and asked him about the car and he brushed me off to one of his employees. The employee stated that the car did not run but he had one of his guys out back get the car running. He said he never test drove the vehicle. So he repaired a vehicle without a repair facility license. All of this was brought to the attention of Openlane. I got scolded for calling the seller and they kicked me off their platform. I was told that REMOVED sells 1200 cars a year on their platform and he is a priority seller. They denied any of my claims. They will not return my calls or emails. REMOVED has offered to buy the car back but Openlane will not let them. Openlane does not care that a small dealer will lose over $3000. Nobody cares",Customer Service & Communication,Agent Professionalism & Responsiveness,Rude/Unhelpful Support
rvw-000468,bbb.org,BBB Complaints,http://www.bbb.org/us/in/carmel/profile/car-dealers/openlane-inc-0382-90024496/complaints#0382_90024496_22712003,bbb_us_business,BBB complainant,2024-12-19,1,negative,"Service or Repair Issues complaint (Unanswered). I purchased a 2016 dodge dart on the Openlane platform on 11/22/2024. The inspection stated that the tires needed to be replaced and there was some peeling paint. I purchased the car for $3400 plus $225 buy fee, $75 guarantee fee and $540 delivery fee. The selling dealership is REMOVED. Upon receiving the car I could tell the car was in poor condition. The entire exhaust system was missing. Motor mounts missing. The car needs $3083 to make the car safe, not fix all issues. I contacted Openlane and they said none of these issues are covered. I did more research of this car and it turns out it sold the day before I bought it at a salvage auction REMOVED for $285. It described the car as a total loss. I called the auction. They said the seller cancelled the sale the day before I bought the car. They said there was not any negative title branding but the car did not run. I contacted the prior owner that sold it to REMOVED and they said they sold it red light, non running condition to REMOVED. I took this information to Openlane and they stated again that these issues have nothing to do with the auction and is not subject to arbitration. I have physical proof that this car was misrepresented. I called REMOVED and asked him about the car and he brushed me off to one of his employees. The employee stated that the car did not run but he had one of his guys out back get the car running. He said he never test drove the vehicle. So he repaired a vehicle without a repair facility license. All of this was brought to the attention of Openlane. I got scolded for calling the seller and they kicked me off their platform. I was told that REMOVED sells 1200 cars a year on their platform and he is a priority seller. They denied any of my claims. They will not return my calls or emails. REMOVED has offered to buy the car back but Openlane will not let them. Openlane does not care that a small dealer will lose over $3000. Nobody cares",Customer Service & Communication,Agent Professionalism & Responsiveness,Rude/Unhelpful Support
rvw-000153,trustpilot.com,Trustpilot (openlane.com),https://www.trustpilot.com/reviews/6763376b6448eca887cded2e,trustpilot_us_slug,Pat Mooney.,2024-12-18,1,negative,"Run away from this auction platform as fast as you can!. I just paid $18,135 for a late model, low mileage vehicle that, when delivered to me, clearly had a large amount of bondo in one body panel, this body panel and both bumper covers had been repainted poorly. None of this was listed on the condition report! They offered me $200 in arbitration............. Either the people doing the condition reports are hugely inexperienced/incompetent, or they're taking money from someone so as to overlook glaring problems. Either way it is absolutely buyer beware, no matter whether you're buying a cheap car or a more expensive vehicle. An auction lives or dies by their condition reports in this modern online auction system, DO NOT TRUST THIS AUCTION PLATFORM!","Lot Condition, Listing Status and related",Lot Condition Reporting,Lot Damage
rvw-000469,trustpilot.com,Trustpilot (openlane.com),https://www.trustpilot.com/reviews/6763376b6448eca887cded2e,trustpilot_us_slug,Trustpilot user,2024-12-18,,positive,"Run away from this auction platform as fast as you can!. I just paid $18,135 for a late model, low mileage vehicle that, when delivered to me, clearly had a large amount of bondo in one body panel, this body panel and both bumper covers had been repainted poorly. None of this was listed on the condition report! They offered me $200 in arbitration............. Either the people doing the condition reports are hugely inexperienced/incompetent, or they're taking money from someone so as to overlook glaring problems. Either way it is absolutely buyer beware, no matter whether you're buying a cheap car or a more expensive vehicle. An auction lives or dies by their condition reports in this modern online auction system, DO NOT TRUST THIS AUCTION PLATFORM!","Lot Condition, Listing Status and related",Lot Condition Reporting,Lot Damage
rvw-000154,play.google.com,Google Play (com.openlane.mobile.carsarriveplus),https://play.google.com/store/apps/details?id=com.openlane.mobile.carsarriveplus&hl=en&gl=us,google_play_us_store,Brett Calonge,2024-12-17,1,negative,app sucks having to receive a email code every time you log in .,Customer Service & Communication,Agent Professionalism & Responsiveness,Rude/Unhelpful Support
rvw-000639,google.com,Google Business Profile (OPENLANE),https://www.google.com/maps/reviews/data=!4m8!14m7!1m6!2m5!1sChdDSUhNMG9nS0VJQ0FnSUR2cFBiNHJBRRAB!2m1!1s0x0:0x7af4135fd6c841d8!3m1!1s2@1:CIHM0ogKEICAgIDvpPb4rAE%7C%7C?hl=en,google_business_us_profile,Sam Nahas,2024-12-17,5,positive,"Great staff to deal with ,very prompt and responsive .fast and efficient Transportation service . Lots of vehicles to choose from And a fair arbitration Department .",Customer Service & Communication,Agent Professionalism & Responsiveness,Helpful Support Experience
rvw-000640,google.com,Google Business Profile (OPENLANE),https://www.google.com/maps/reviews/data=!4m8!14m7!1m6!2m5!1sChZDSUhNMG9nS0VJQ0FnSUN2aGNLN0R3EAE!2m1!1s0x0:0x7af4135fd6c841d8!3m1!1s2@1:CIHM0ogKEICAgICvhcK7Dw%7C%7C?hl=en,google_business_us_profile,Mau Rey,2024-12-12,5,positive,"Openlane is a great place to go to , great at what they do and top in the industry. I get a dedicated manager , Russ always helps me get the best deals and takes away the stress of having to go to auctions .",Customer Service & Communication,Agent Professionalism & Responsiveness,Helpful Support Experience
rvw-000641,google.com,Google Business Profile (OPENLANE),https://www.google.com/maps/reviews/data=!4m8!14m7!1m6!2m5!1sChZDSUhNMG9nS0VJQ0FnSUN2LWJ6d2NREAE!2m1!1s0x0:0x7af4135fd6c841d8!3m1!1s2@1:CIHM0ogKEICAgICv-bzwcQ%7C%7C?hl=en,google_business_us_profile,Mikail Autos,2024-12-12,5,positive,"DOING BUSINESS SINCE WAS CARWAVE ON 2017,NOW ITS OPENLANE PRETTY HAPPY WITH THEM,EVERYTHING ACCURATE GOT MY REPRESENTATIVE AUGUSTIN PINA-TELL YOU GUYS THIS GUY VERY HELPFUL,ANSWER CALLS ONTIME,NEWER PUT YOU ON HOLD,HELPING WITH PURCHASES AND SALES.VERY FRIENDLY AND PROFESSIONAL PERSON,NEWER MET HIM BUT FOR THE PAST 2 YEARS SINCE HE BEEN MY REP-IM PRETTY HAPPY WITH HIM,THANK YOU TEAM OF OPENLANE AND SPECIAL THANK FOR MY REP AUGUSTIN PINA!!!",Customer Service & Communication,Support Access & Response Time,Long Hold Time / Hard to Reach Support
rvw-000642,google.com,Google Business Profile (OPENLANE),https://www.google.com/maps/reviews/data=!4m8!14m7!1m6!2m5!1sChZDSUhNMG9nS0VJQ0FnSUN2NGRydE93EAE!2m1!1s0x0:0x7af4135fd6c841d8!3m1!1s2@1:CIHM0ogKEICAgICv4drtOw%7C%7C?hl=en,google_business_us_profile,Brandon Pristine Motors,2024-12-11,5,positive,I’ve bought a hand of vehicles already. I like the detailed condition reports. My Rep Denise Mann has been great. She’s always helpful at getting the deals done that are close and need a little in between!,Customer Service & Communication,Agent Professionalism & Responsiveness,Helpful Support Experience
rvw-000643,google.com,Google Business Profile (OPENLANE),https://www.google.com/maps/reviews/data=!4m8!14m7!1m6!2m5!1sChdDSUhNMG9nS0VJQ0FnSUN2b2RXaDNnRRAB!2m1!1s0x0:0x7af4135fd6c841d8!3m1!1s2@1:CIHM0ogKEICAgICvodWh3gE%7C%7C?hl=en,google_business_us_profile,IZZO MUSTAFA,2024-12-11,5,positive,Jake is my rep at Openlane … he’s awesome … always responsive and helpful in facilitating smooth transactions!,Customer Service & Communication,Agent Professionalism & Responsiveness,Helpful Support Experience
rvw-000644,google.com,Google Business Profile (OPENLANE),https://www.google.com/maps/reviews/data=!4m8!14m7!1m6!2m5!1sChdDSUhNMG9nS0VJQ0FnSUN2anJlRDhRRRAB!2m1!1s0x0:0x7af4135fd6c841d8!3m1!1s2@1:CIHM0ogKEICAgICvjreD8QE%7C%7C?hl=en,google_business_us_profile,Arman Khachatryan,2024-12-11,5,positive,"I had the pleasure of working with Angela Maldonado at Openlane, and I must say that she exceeded all expectations. Angela’s professionalism and expertise were evident from the moment we started working together. She was incredibly responsive and attentive, making the entire process smooth and efficient. Whether it was answering questions, providing detailed information about inventory, or offering guidance through the auction process, Angela always demonstrated a deep knowledge of the industry and a genuine commitment to customer satisfaction. Her communication skills are top-notch—clear, concise, and timely—which made collaborating with her a breeze. Angela's ability to stay calm and organized, even under pressure, was especially impressive. She made complex transactions feel straightforward, ensuring that everything went off without a hitch. I highly recommend Angela Maldonado to anyone working with Openlane. Her dedication to providing excellent service is unmatched, and she’s a true asset to the team. If you’re looking for someone who goes above and beyond to deliver results, Angela is the professional to work with.",Customer Service & Communication,Agent Professionalism & Responsiveness,Helpful Support Experience
rvw-000645,google.com,Google Business Profile (OPENLANE),https://www.google.com/maps/reviews/data=!4m8!14m7!1m6!2m5!1sChdDSUhNMG9nS0VJQ0FnSUN2anBlUV9BRRAB!2m1!1s0x0:0x7af4135fd6c841d8!3m1!1s2@1:CIHM0ogKEICAgICvjpeQ_AE%7C%7C?hl=en,google_business_us_profile,Andrew Amadin,2024-12-11,5,positive,"It’s been a great source of inventory for me. Bidding process is transparent (you know who is bidding against you). Another big factor is my sales rep Angela Maldonado. She was my rep in the Carwave days, and is still helping me out on Openlane. If I have a problem, even outside her dept, she’ll make sure it’s getting done.","Lot Condition, Listing Status and related",Listing Status,Selling/ Relisting vehicle or Parts purchase
rvw-000646,google.com,Google Business Profile (OPENLANE),https://www.google.com/maps/reviews/data=!4m8!14m7!1m6!2m5!1sChZDSUhNMG9nS0VJQ0FnSUN2am9mVU13EAE!2m1!1s0x0:0x7af4135fd6c841d8!3m1!1s2@1:CIHM0ogKEICAgICvjofUMw%7C%7C?hl=en,google_business_us_profile,lions auto sales,2024-12-11,5,positive,always had a good experience with openlane and their sales reps. specifically angela maldonado who always helps me out and communicated well!,Customer Service & Communication,Agent Professionalism & Responsiveness,Helpful Support Experience
rvw-000647,google.com,Google Business Profile (OPENLANE),https://www.google.com/maps/reviews/data=!4m8!14m7!1m6!2m5!1sChZDSUhNMG9nS0VJQ0FnSUN2anZQTVV3EAE!2m1!1s0x0:0x7af4135fd6c841d8!3m1!1s2@1:CIHM0ogKEICAgICvjvPMUw%7C%7C?hl=en,google_business_us_profile,Fr Janbaz,2024-12-11,5,positive,"I had the pleasure of working with Angela Maldonado as my sales representative, and I couldn’t be more impressed with her professionalism. Angela was clear, patient, and always willing to go the extra mile to answer any questions I had. Her attention to detail and customer-first attitude made the entire process seamless. She made sure to follow up after the sale to ensure everything was satisfactory, which further demonstrated her commitment to customer service.",Customer Service & Communication,Communication Follow-up & Escalation,Proactive Follow-up
rvw-000155,apps.apple.com,"Apple App Store (1566419386, us)",https://itunes.apple.com/us/review?id=1566419386&type=Purple%20Software&reviewId=12053042360,apple_us_store,Ckistian,2024-12-11,5,positive,Very good. The app has everything I need clearly and easily!,Account / Access / Login,Password Reset & Login Troubleshooting,App Login Troubleshooting
rvw-000156,apps.apple.com,"Apple App Store (1566419386, us)",https://itunes.apple.com/us/review?id=1566419386&type=Purple%20Software&reviewId=12051979162,apple_us_store,75934567,2024-12-11,1,negative,New update is glitchy. The new update now won’t proceed to inspection after VIN scan. I have to force close the app and open it again to start the inspection after VIN scan,"Lot Condition, Listing Status and related",Third-Party Inspection Authorization & Scheduling,Previewing/ Inspecting Vehicles
rvw-000648,google.com,Google Business Profile (OPENLANE),https://www.google.com/maps/reviews/data=!4m8!14m7!1m6!2m5!1sChZDSUhNMG9nS0VJQ0FnSUN2OXFUSWRnEAE!2m1!1s0x0:0x7af4135fd6c841d8!3m1!1s2@1:CIHM0ogKEICAgICv9qTIdg%7C%7C?hl=en,google_business_us_profile,James Hubbard,2024-12-10,1,negative,Auction charges for inspections that are almost never accurate. Employees have no communication terrible to work with you might as well buy a car from some stranger site unseen,Customer Service & Communication,Agent Professionalism & Responsiveness,Rude/Unhelpful Support
rvw-000649,google.com,Google Business Profile (OPENLANE),https://www.google.com/maps/reviews/data=!4m8!14m7!1m6!2m5!1sChZDSUhNMG9nS0VJQ0FnSUN2Z0kyMmFnEAE!2m1!1s0x0:0x7af4135fd6c841d8!3m1!1s2@1:CIHM0ogKEICAgICvgI22ag%7C%7C?hl=en,google_business_us_profile,Marcel Onilegbale,2024-12-07,5,positive,OPENLANE has been an up and down battle but I’m thankful for their dedication and business. As a small company that only been in business for 6 years OPENLANE has done very good job with making sure I’m not left out with good deals. I highly recommend Denise who has been my sales rep since day. I wouldn’t trade her for the world and frankly I don’t think anyone is even capable of providing the same time of service. I’m thankful for the OPENLANE team being dedicated to my needs and advocating for my business. Highly recommend 🤝,Customer Service & Communication,Agent Professionalism & Responsiveness,Helpful Support Experience
rvw-000383,play.google.com,Google Play (com.nthgensoftware.traderev.android),https://play.google.com/store/apps/details?id=com.nthgensoftware.traderev.android&hl=en&gl=us,google_play_us_store,Raad Al-Husban,2024-11-30,1,negative,Searches don't work most of the time. Bidding button doesn't work on active auctions (trade rev),Membership / Licensing / Fees & Bidding Policies,"Bidding Process, Rules and Fees",Fees
rvw-000157,play.google.com,Google Play (com.nthgensoftware.traderev.android),https://play.google.com/store/apps/details?id=com.nthgensoftware.traderev.android&hl=en&gl=us,google_play_us_store,Raad Al-Husban,2024-11-29,1,negative,Searches don't work most of the time. Bidding button doesn't work on active auctions (trade rev),Membership / Licensing / Fees & Bidding Policies,"Bidding Process, Rules and Fees",Fees
rvw-000158,play.google.com,Google Play (com.nthgensoftware.traderev.android),https://play.google.com/store/apps/details?id=com.nthgensoftware.traderev.android&hl=en&gl=us,google_play_us_store,joey Sims,2024-11-29,2,negative,Filters do not work. Buggy. Call center is useless...they have a monopoly and they know it....lack of funding for user experience is very apparent.,Customer Service & Communication,Agent Professionalism & Responsiveness,Rude/Unhelpful Support
rvw-000159,play.google.com,Google Play (com.nthgensoftware.traderev.android),https://play.google.com/store/apps/details?id=com.nthgensoftware.traderev.android&hl=en&gl=us,google_play_us_store,Jack,2024-11-29,1,negative,It doesn't work properly with android! You can't see the list with the cars you are bidding on...fix it,Membership / Licensing / Fees & Bidding Policies,"Bidding Process, Rules and Fees",Fees
rvw-000650,google.com,Google Business Profile (OPENLANE),https://www.google.com/maps/reviews/data=!4m8!14m7!1m6!2m5!1sChdDSUhNMG9nS0VJQ0FnSURQaE1MZjVnRRAB!2m1!1s0x0:0x7af4135fd6c841d8!3m1!1s2@1:CIHM0ogKEICAgIDPhMLf5gE%7C%7C?hl=en,google_business_us_profile,Glen Corley,2024-11-29,5,positive,Ever since my company diamond dream autos has signed up with open Lane denise has been my rep and she is welcome me with open arms walk me through the sign of process and calls me to let me know when the next auctions coming up just so that I get my updates I really appreciate the team and the staff and I just want to say that denise has gone above and beyond. Just want to say thank you and have a happy holidays From Glen Corley owner of diamond dream autos,Customer Service & Communication,Agent Professionalism & Responsiveness,Helpful Support Experience
rvw-000160,play.google.com,Google Play (com.openlane.mobile.carsarriveplus),https://play.google.com/store/apps/details?id=com.openlane.mobile.carsarriveplus&hl=en&gl=us,google_play_us_store,M Wagner,2024-11-22,1,negative,needs updated bad!!!!!!! Vin number reader absolutely sucks !!!!!!!!!,Account / Access / Login,Password Reset & Login Troubleshooting,App Login Troubleshooting
rvw-000161,apps.apple.com,"Apple App Store (1566419386, us)",https://itunes.apple.com/us/review?id=1566419386&type=Purple%20Software&reviewId=11936543776,apple_us_store,Alahras,2024-11-10,1,negative,"Very bad app. Keep lost the loads ,very slow assign the load and most of the time when they assign the load does not show up on my side keep give us hard time to get the load",Account / Access / Login,Password Reset & Login Troubleshooting,App Login Troubleshooting
rvw-000162,play.google.com,Google Play (com.openlane.mobile.carsarriveplus),https://play.google.com/store/apps/details?id=com.openlane.mobile.carsarriveplus&hl=en&gl=us,google_play_us_store,Adp,2024-10-30,1,negative,This app sucks i hate it so much I won't even have enough space to write all the things that are wrong with it.,Account / Access / Login,Password Reset & Login Troubleshooting,App Login Troubleshooting
rvw-000163,play.google.com,Google Play (com.openlane.mobile.carsarriveplus),https://play.google.com/store/apps/details?id=com.openlane.mobile.carsarriveplus&hl=en&gl=us,google_play_us_store,Rick Ellison,2024-10-29,1,negative,"Horrible app and company is not easy to work with, poor communication as well as charging you to get the money you worked for. Stay away if you can.",Customer Service & Communication,Agent Professionalism & Responsiveness,Rude/Unhelpful Support
rvw-000384,play.google.com,Google Play (com.openlane.mobile.carsarriveplus),https://play.google.com/store/apps/details?id=com.openlane.mobile.carsarriveplus&hl=en&gl=us,google_play_us_store,Rigo Rangel,2024-10-25,1,negative,"i delivered a vehicle, I did the inspection, customer signed. and now it shows not delivered. 1/5","Lot Condition, Listing Status and related",Third-Party Inspection Authorization & Scheduling,Previewing/ Inspecting Vehicles
rvw-000164,play.google.com,Google Play (com.openlane.mobile.carsarriveplus),https://play.google.com/store/apps/details?id=com.openlane.mobile.carsarriveplus&hl=en&gl=us,google_play_us_store,Rigo Rangel,2024-10-24,1,negative,"i delivered a vehicle, I did the inspection, customer signed. and now it shows not delivered. 1/5","Lot Condition, Listing Status and related",Third-Party Inspection Authorization & Scheduling,Previewing/ Inspecting Vehicles
rvw-000165,play.google.com,Google Play (com.openlane.mobile.carsarriveplus),https://play.google.com/store/apps/details?id=com.openlane.mobile.carsarriveplus&hl=en&gl=us,google_play_us_store,Christina OBanion,2024-10-19,1,negative,this app sucks. it never works right for me.,Account / Access / Login,Password Reset & Login Troubleshooting,App Login Troubleshooting
rvw-000166,apps.apple.com,"Apple App Store (1566419386, us)",https://itunes.apple.com/us/review?id=1566419386&type=Purple%20Software&reviewId=11833737967,apple_us_store,Consciousman,2024-10-14,1,negative,Needs Work. This app is one of the worst apps you can use as a carrier/transporter. I have ignored so many loads just because it doesn’t like all the other transportation apps. Over 6000 carrier and 20000 trucks they claim but the app is built like an owner operator app. Can do better. Or maybe it’s built that way to create issues to give them reasons not to pay carriers.,Account / Access / Login,Password Reset & Login Troubleshooting,App Login Troubleshooting
rvw-000167,play.google.com,Google Play (com.openlane.mobile.carsarriveplus),https://play.google.com/store/apps/details?id=com.openlane.mobile.carsarriveplus&hl=en&gl=us,google_play_us_store,Michael Ayala sr.,2024-10-13,3,positive,"Worked fine at first but not i can't book no loads says server is down after the last update, I even deleted the app twice reinstalled it and still can't book loads now i have to go through the website which aint to phone friendly",Account / Access / Login,Password Reset & Login Troubleshooting,App Login Troubleshooting
rvw-000361,reddit.com,Reddit r/UsedCars,https://www.reddit.com/r/UsedCars/comments/1g0xxl8/dealers_take_a_look_at_this_dealer_auction/,mixed_source_ok,gg19197,2024-10-11,,negative,"Dealers, take a look at this dealer auction😂😂 I own a small dealership and was looking to purchase this 2007 Lexus RX I saw on openlane. I just sold the same car last week which was a 2008, and driven about 10k miles less. Before auction fee I paid $8400, about $9k after fees (manheim). I had my top bid set for this 2007 at $7900, after fees and recon I would be around $8500 on it, hoping to retail it for around $10,500. I was top bid for $7400, take a look at the sellers counter offer. 😂😂 Why do franchise dealers want retail prices at a wholesale dealer only auction?? Go sell it yourself if you want retail for it. I really don't understand this one, he is literally asking for retail.",Membership / Licensing / Fees & Bidding Policies,"Bidding Process, Rules and Fees",Fees
rvw-000168,play.google.com,Google Play (com.nthgensoftware.traderev.android),https://play.google.com/store/apps/details?id=com.nthgensoftware.traderev.android&hl=en&gl=us,google_play_us_store,femy femat,2024-10-09,1,negative,"Android users don't receive alerts except on IPhone, i found out the hard way. 5years ago this app was efficient now it's the opposite, you often need to refresh your screen as the timer doesn't always update. Tech support is inefficient, client care keeps emailing you but tech support the you actually need doesn't contact you or resolve the problem for as much as 30days, been using this app for over 10 Years and it has never been this bad. Quality should be improving not declining.",Customer Service & Communication,Agent Professionalism & Responsiveness,Rude/Unhelpful Support
rvw-000169,bbb.org,BBB Complaints,https://www.bbb.org/us/in/carmel/profile/car-dealers/openlane-inc-0382-90024496/complaints#0382_90024496_22388217,bbb_us_business,BBB complainant,2024-10-06,1,negative,"Service or Repair Issues. I purchased a vehicle through Openlaness online dealer auction for the first time. The whole look and appeal of the website was very clean and easy to use. Theres even options to see vehicles with no issues what so ever but unfortunately this is not the case. The vehicle I purchased clearly stated that it had NO ISSUES and thats why I bid on the vehicle until I won. As soon as the vehicle was shipped to me I attempted to drive to the gas station to put in gas and immediately felt the 1st gear slip then the second gear slip then the third. The irony is I was on the phone with my Openlane REMOVED to tell him how happy I was with the ease of buying with Openlane was. So there is an actual recording of my live as it happened, response to me finding out that they just sold me a vehicle with a bad transmission. The following week when Arbitration called, they told me that they would give me an Adjustment of $95/hr for paying a mechanic to REMOVED lace the transmission. Now, I dont know what year that $95/hr for mechanic labor rates quote was from but here, in REMOVED 2024, I can assure you its not $95/hr! I told the Arbitration REMOVED I dont understand so he REMOVED eated what he said. Then I told him, had Id known the REMOVED was bad I wouldnt even have bid $100 as I do not have the luxury of mechanics or parking space for junk cars, how do I return this car?. He stated they can only give me an adjustment with parts and labor totaling $985. I not good at math but Labor + a New REMOVED + the time lost dealing with this their false advertising = does not equal $985. If you are a dealer I highly suggest you stick with Manheim as their Green Light Guaranteed actually means Green Light Guaranteed! But wait theres more let me tell you about my 2nd No Issues No Engine Codes blunder from Openlane! Keep in mind this is my first time buying from Openlane so you would think my next purchase would be smooth sailing right? REMOVED ! The next purchase was so much of a cluster fck that on a",Customer Service & Communication,Agent Professionalism & Responsiveness,Rude/Unhelpful Support
rvw-000470,bbb.org,BBB Complaints,http://www.bbb.org/us/in/carmel/profile/car-dealers/openlane-inc-0382-90024496/complaints#0382_90024496_22388217,bbb_us_business,BBB complainant,2024-10-06,1,negative,"Service or Repair Issues complaint (Unanswered). I purchased a vehicle through Openlaness online dealer auction for the first time. The whole look and appeal of the website was very clean and easy to use. Theres even options to see vehicles with no issues what so ever but unfortunately this is not the case. The vehicle I purchased clearly stated that it had NO ISSUES and thats why I bid on the vehicle until I won. As soon as the vehicle was shipped to me I attempted to drive to the gas station to put in gas and immediately felt the 1st gear slip then the second gear slip then the third. The irony is I was on the phone with my Openlane REMOVED to tell him how happy I was with the ease of buying with Openlane was. So there is an actual recording of my live as it happened, response to me finding out that they just sold me a vehicle with a bad transmission. The following week when Arbitration called, they told me that they would give me an Adjustment of $95/hr for paying a mechanic to REMOVED lace the transmission. Now, I dont know what year that $95/hr for mechanic labor rates quote was from but here, in REMOVED 2024, I can assure you its not $95/hr! I told the Arbitration REMOVED I dont understand so he REMOVED eated what he said. Then I told him, had Id known the REMOVED was bad I wouldnt even have bid $100 as I do not have the luxury of mechanics or parking space for junk cars, how do I return this car?. He stated they can only give me an adjustment with parts and labor totaling $985. I not good at math but Labor + a New REMOVED+ the time lost dealing with this their false advertising = does not equal $985. If you are a dealer I highly suggest you stick with Manheim as their Green Light Guaranteed actually means Green Light Guaranteed! But wait theres more let me tell you about my 2nd No Issues No Engine Codes blunder from Openlane! Keep in mind this is my first time buying from Openlane so you would think my next purchase would be smooth sailing right? REMOVED! The next purchase was so much of a cluster fck that on a",Customer Service & Communication,Agent Professionalism & Responsiveness,Rude/Unhelpful Support
rvw-000170,apps.apple.com,"Apple App Store (1566419386, us)",https://itunes.apple.com/us/review?id=1566419386&type=Purple%20Software&reviewId=11798026593,apple_us_store,Every day app user 4,2024-10-04,1,negative,"Worse app ever in use for transport drivers. Looks like all reviews are fake, not from real drivers the worse app ever seen in car transport business. With 9 pictures only for the pick up inspection, you will never protect yourself. Pickup inspection takes five times more of your time. Most of the time the vin number not scan, if it’s not scanned you have to type all 17 digits manually. You can say why not just copy them, but they provide only last 8 digits of the vin🤯. I wish this app will be banned.!!!!","Lot Condition, Listing Status and related",Third-Party Inspection Authorization & Scheduling,Previewing/ Inspecting Vehicles
rvw-000362,apps.apple.com,"Apple App Store (1566419386, us)",https://itunes.apple.com/us/review?id=1566419386&type=Purple%20Software&reviewId=11797056266,apple_us_store,Chug1966,2024-10-04,1,negative,Awful. Awful worst app out there hard to navigate super dispatch is the best,Account / Access / Login,Password Reset & Login Troubleshooting,App Login Troubleshooting
rvw-000171,apps.apple.com,"Apple App Store (1566419386, us)",https://itunes.apple.com/us/review?id=1566419386&type=Purple%20Software&reviewId=11783355610,apple_us_store,Brtllc,2024-09-30,2,negative,App. App won’t let me search loads I have to search on desk top than search for the load I find via load ID on the app,Account / Access / Login,Password Reset & Login Troubleshooting,App Login Troubleshooting
rvw-000172,play.google.com,Google Play (com.openlane.mobile.carsarriveplus),https://play.google.com/store/apps/details?id=com.openlane.mobile.carsarriveplus&hl=en&gl=us,google_play_us_store,Alexis Cortez,2024-09-28,1,negative,"I would give zero stars if I could , this app sucks ! It keeps crashing , bad quality taking pics .",Account / Access / Login,Password Reset & Login Troubleshooting,App Login Troubleshooting
rvw-000173,play.google.com,Google Play (com.backlotcars.backlotcars),https://play.google.com/store/apps/details?id=com.backlotcars.backlotcars&hl=en&gl=us,google_play_us_store,Robert Magee,2024-09-25,1,negative,"Dealers, listen to the cautionary tales and stay away. From our experience I can only conclude that their inspectors are either getting spiffed by the selling dealers or instructed by Openlane to not disclose problems with the cars in the inspection reports. Then the company hides behind their convoluted and constantly changing policies to avoid standing behind the promised guarantees. You will get burned, consistently, if you make the mistake of buying vehicles through this company.","Lot Condition, Listing Status and related",Third-Party Inspection Authorization & Scheduling,Previewing/ Inspecting Vehicles
rvw-000174,play.google.com,Google Play (com.backlotcars.backlotcars),https://play.google.com/store/apps/details?id=com.backlotcars.backlotcars&hl=en&gl=us,google_play_us_store,Av4187,2024-09-23,1,negative,Keeps crashing after I view a vehicle. Need to restart it everytime.,Account / Access / Login,Password Reset & Login Troubleshooting,App Login Troubleshooting
rvw-000175,play.google.com,Google Play (com.openlane.mobile.carsarriveplus),https://play.google.com/store/apps/details?id=com.openlane.mobile.carsarriveplus&hl=en&gl=us,google_play_us_store,Armenak Martirosyan,2024-09-23,1,negative,"Worse transport app I've ever used. Cars arrave wested his money investing in this app. To accept you have to log in their website, to do inspection you have to use their app. Please check SuperDispatch to see how the mobile app should be. Calls are never answered, and call backs I tried a couple of times, you just get a missed call from them, your phone never rings. I really hope Open Lane will pull their contract back from CarsArrive.",Customer Service & Communication,Communication Follow-up & Escalation,No Callback / Unresolved Case
rvw-000385,play.google.com,Google Play (com.nthgensoftware.traderev.android),https://play.google.com/store/apps/details?id=com.nthgensoftware.traderev.android&hl=en&gl=us,google_play_us_store,Dinal Gunasekara,2024-09-22,1,negative,"New openlane update is garbage. Selecting a filter crashes the app. Cannot share a trade since it just loads the openlane website for some reason. Very slow and I cannot access my filter notifications. Also 'research' feature is somehow now $149/month when it used to be free. Ruined a good service. Update: the app continues to be useless, custom filters still have so many issues and cause crashes. I never get notifications. The mobile site is even trash.",Account / Access / Login,Password Reset & Login Troubleshooting,App Login Troubleshooting
rvw-000176,play.google.com,Google Play (com.nthgensoftware.traderev.android),https://play.google.com/store/apps/details?id=com.nthgensoftware.traderev.android&hl=en&gl=us,google_play_us_store,Dinal Gunasekara,2024-09-21,1,negative,"New openlane update is garbage. Selecting a filter crashes the app. Cannot share a trade since it just loads the openlane website for some reason. Very slow and I cannot access my filter notifications. Also 'research' feature is somehow now $149/month when it used to be free. Ruined a good service. Update: the app continues to be useless, custom filters still have so many issues and cause crashes. I never get notifications. The mobile site is even trash.",Account / Access / Login,Password Reset & Login Troubleshooting,App Login Troubleshooting
rvw-000386,play.google.com,Google Play (com.openlane.mobile.carsarriveplus),https://play.google.com/store/apps/details?id=com.openlane.mobile.carsarriveplus&hl=en&gl=us,google_play_us_store,Silas Rimmer,2024-09-20,5,positive,Great app!!! very easy to use.,Account / Access / Login,Password Reset & Login Troubleshooting,App Login Troubleshooting
rvw-000177,play.google.com,Google Play (com.openlane.mobile.carsarriveplus),https://play.google.com/store/apps/details?id=com.openlane.mobile.carsarriveplus&hl=en&gl=us,google_play_us_store,Silas Rimmer,2024-09-19,5,positive,Great app!!! very easy to use.,Account / Access / Login,Password Reset & Login Troubleshooting,App Login Troubleshooting
rvw-000178,play.google.com,Google Play (com.openlane.mobile.carsarriveplus),https://play.google.com/store/apps/details?id=com.openlane.mobile.carsarriveplus&hl=en&gl=us,google_play_us_store,Kaya E,2024-09-18,5,positive,"everything about this App. is so E-Z (easy), you can self book a load, easy to navigate, easy to search for a load. I hope all other industries lead companies make it this easy for haulers out there.",Account / Access / Login,Password Reset & Login Troubleshooting,App Login Troubleshooting
rvw-000179,play.google.com,Google Play (com.openlane.mobile.carsarriveplus),https://play.google.com/store/apps/details?id=com.openlane.mobile.carsarriveplus&hl=en&gl=us,google_play_us_store,Nw Bl,2024-09-11,1,negative,I spending my time 5 time more than with super dispatch. I hate this app.,Account / Access / Login,Password Reset & Login Troubleshooting,App Login Troubleshooting
rvw-000180,apps.apple.com,"Apple App Store (1566419386, us)",https://itunes.apple.com/us/review?id=1566419386&type=Purple%20Software&reviewId=11699309984,apple_us_store,Vanex123456789,2024-09-07,1,negative,"Very bad. Very unfriendly, time consuming app !!!",Account / Access / Login,Password Reset & Login Troubleshooting,App Login Troubleshooting
rvw-000181,bbb.org,BBB Complaints,https://www.bbb.org/us/in/carmel/profile/car-dealers/openlane-inc-0382-90024496/complaints#0382_90024496_22219270,bbb_us_business,BBB complainant,2024-08-30,1,negative,"Service or Repair Issues. I am writing to express my dissatisfaction with a recent vehicle purchase and to request immediate resolution. I purchased a 2018 REMOVED C-HR XLE through Open Lane, and the inspection report indicated that the vehicle was in excellent condition, with only minor issues such as windshield damage and a couple of tires needing replacement. The test drive notes also stated that there were no issues with the brakes or transmission.However, upon receiving and test driving the car, we immediately heard a loud noise from the transmission. We took the car to our mechanic, who diagnosed the problem as a faulty transmission requiring replacement. We promptly initiated an arbitration case and submitted the mechanic's diagnostic report, along with a photo of the odometer and the REMOVED to Open Lane. REMOVED III (from Arbitration) advised us to obtain a second diagnostic from a REMOVED dealer, which confirmed the same issue with the transmission and required replacement at an estimated cost of nearly $11,000. Despite sending this second diagnostic report to Open Lane and following up with calls and emails, we have not received a satisfactory resolution. REMOVED has indicated that Open REMOVED will not honor the inspection report and only offered $500 as a goodwill REMOVED a regular Open Lane customer, I find it unacceptable that the company is not honoring the inspection report, which indicated the vehicle was in good condition. The significant discrepancy between the report and the cars actual condition undermines my trust in your services.I respectfully request that Open Lane honor the inspection report and either:1-Cover the cost of repairing the transmission, or 2-Accept the return of the vehicle and provide a full refund.I trust that Open REMOVED will address this matter promptly and fairly to restore my confidence in your services. Thank you for your attention to this urgent issue. I look forward to your timely response.Thanks, REMOVED",Customer Service & Communication,Agent Professionalism & Responsiveness,Rude/Unhelpful Support
rvw-000471,bbb.org,BBB Complaints,http://www.bbb.org/us/in/carmel/profile/car-dealers/openlane-inc-0382-90024496/complaints#0382_90024496_22219270,bbb_us_business,BBB complainant,2024-08-30,1,negative,"Service or Repair Issues complaint (Unanswered). I am writing to express my dissatisfaction with a recent vehicle purchase and to request immediate resolution. I purchased a 2018 REMOVED C-HR XLE through Open Lane, and the inspection report indicated that the vehicle was in excellent condition, with only minor issues such as windshield damage and a couple of tires needing replacement. The test drive notes also stated that there were no issues with the brakes or transmission.However, upon receiving and test driving the car, we immediately heard a loud noise from the transmission. We took the car to our mechanic, who diagnosed the problem as a faulty transmission requiring replacement. We promptly initiated an arbitration case and submitted the mechanic's diagnostic report, along with a photo of the odometer and the REMOVED to Open Lane.REMOVED III (from Arbitration) advised us to obtain a second diagnostic from a REMOVED dealer, which confirmed the same issue with the transmission and required replacement at an estimated cost of nearly $11,000. Despite sending this second diagnostic report to Open Lane and following up with calls and emails, we have not received a satisfactory resolution. REMOVED has indicated that Open REMOVED will not honor the inspection report and only offered $500 as a goodwill REMOVED a regular Open Lane customer, I find it unacceptable that the company is not honoring the inspection report, which indicated the vehicle was in good condition. The significant discrepancy between the report and the cars actual condition undermines my trust in your services.I respectfully request that Open Lane honor the inspection report and either:1-Cover the cost of repairing the transmission, or 2-Accept the return of the vehicle and provide a full refund.I trust that Open REMOVED will address this matter promptly and fairly to restore my confidence in your services. Thank you for your attention to this urgent issue. I look forward to your timely response.Thanks,REMOVED",Customer Service & Communication,Agent Professionalism & Responsiveness,Rude/Unhelpful Support
rvw-000387,play.google.com,Google Play (com.nthgensoftware.traderev.android),https://play.google.com/store/apps/details?id=com.nthgensoftware.traderev.android&hl=en&gl=us,google_play_us_store,Ahmed and Salma,2024-08-29,1,negative,horrible app. you have to keep Refreshing the page while using trade rev or you won't be notified when over bid on android. also many other issues and it keeps on getting worse.,Account / Access / Login,Password Reset & Login Troubleshooting,App Login Troubleshooting
rvw-000182,play.google.com,Google Play (com.nthgensoftware.traderev.android),https://play.google.com/store/apps/details?id=com.nthgensoftware.traderev.android&hl=en&gl=us,google_play_us_store,Ahmed and Salma,2024-08-28,1,negative,horrible app. you have to keep Refreshing the page while using trade rev or you won't be notified when over bid on android. also many other issues and it keeps on getting worse.,Account / Access / Login,Password Reset & Login Troubleshooting,App Login Troubleshooting
rvw-000183,apps.apple.com,"Apple App Store (1566419386, us)",https://itunes.apple.com/us/review?id=1566419386&type=Purple%20Software&reviewId=11663521564,apple_us_store,Da.Bro_Char,2024-08-28,1,negative,"Why so complicated?. Idk why they keep using this complicated app the super dispatch app is way easier to use and much faster, if anything copy the way there app is or just let the transporters use super dispatch for your loads",Account / Access / Login,Password Reset & Login Troubleshooting,App Login Troubleshooting
rvw-000184,apps.apple.com,"Apple App Store (1566419386, us)",https://itunes.apple.com/us/review?id=1566419386&type=Purple%20Software&reviewId=11629023698,apple_us_store,Johnnyboy573,2024-08-19,1,negative,Poor layout. Take notes from super dispatch on how to properly layout your app. It’s not a bad app but compared to super dispatch this is a joke,Account / Access / Login,Password Reset & Login Troubleshooting,App Login Troubleshooting
rvw-000185,apps.apple.com,"Apple App Store (1566419386, us)",https://itunes.apple.com/us/review?id=1566419386&type=Purple%20Software&reviewId=11610067978,apple_us_store,Carrier12,2024-08-14,1,negative,Loads available on load board that were previously picked up. Loads available on load board that were previously picked up,Account / Access / Login,Password Reset & Login Troubleshooting,App Login Troubleshooting
rvw-000186,play.google.com,Google Play (com.openlane.mobile.carsarriveplus),https://play.google.com/store/apps/details?id=com.openlane.mobile.carsarriveplus&hl=en&gl=us,google_play_us_store,Stephen Bradfute,2024-08-11,1,negative,"In my opinion, they are dishonest. After you haul the load the change the payment amount.",Account / Access / Login,Password Reset & Login Troubleshooting,App Login Troubleshooting
rvw-000651,google.com,Google Business Profile (OPENLANE),https://www.google.com/maps/reviews/data=!4m8!14m7!1m6!2m5!1sChdDSUhNMG9nS0VJQ0FnSURieWZ1eDlnRRAB!2m1!1s0x0:0x82ddb1a9ae334e23!3m1!1s2@1:CIHM0ogKEICAgIDbyfux9gE%7C%7C?hl=en,google_business_us_profile,Indiana State Insurance Group,2024-08-06,1,negative,"STAY AWAY FROM DOING BUSINESS WITH THIS COMPANY!!! My company bought several cars from OPENLANE. The last Car we bought they say they inspected it and no noises in engine. So I buy the “ As Described Guarantee” as I always do. They deliver the car on a Sunday when we aren’t open and drop it off. I get there Monday and after putting a New Battery in it, I start it and it sounds like rod is about to bust through oil pan. I have put no miles on the car. So I arbitrate it and they come back with this Arbitration Policy that cars under 2k only qualify for 25% refund. So I tell them whoever checked this out knew it had a bad engine because I haven’t put any miles on it. They basically say sorry they can basically commit fraud because their arbitration policy says they can. It doesn’t matter if it had a blown engine and they failed to describe it even though I Paid a separate fee to have it inspected. I of course will let a judge decide if fraud was committed.","Payment Refunds, Transaction Issues and Deposits",Refunds & Membership Billing,Deposit Refund Status
rvw-000187,apps.apple.com,"Apple App Store (1566419386, us)",https://itunes.apple.com/us/review?id=1566419386&type=Purple%20Software&reviewId=11534251779,apple_us_store,CKary223,2024-07-25,1,negative,"Driver. This app is the worst, pictures are upside down and backwards and labeling damages is harder than it needs to be. Maybe take a look at super dispatch and mimic their app..","Lot Condition, Listing Status and related",Lot Condition Reporting,Lot Damage
rvw-000388,play.google.com,Google Play (com.openlane.mobile.carsarriveplus),https://play.google.com/store/apps/details?id=com.openlane.mobile.carsarriveplus&hl=en&gl=us,google_play_us_store,Rick Salido,2024-07-15,1,negative,"app is slow, and doesn't always work well. it takes quite a bit of time to do this entire process and get every load checked in. Cars Arrive also uses another nemesis to us all called RMIS that is the biggest P.O.S on the planet. warning do not bother trying to call in, and if you do be prepared for a whole day ordeal. Anytime that I have had to call in for anything I have spent at least 8 hrs on hold and at most 11hrs:37 min. I use the app because I have to. otherwise I would not even touch it.",Account / Access / Login,Password Reset & Login Troubleshooting,App Login Troubleshooting
rvw-000188,apps.apple.com,"Apple App Store (1566419386, us)",https://itunes.apple.com/us/review?id=1566419386&type=Purple%20Software&reviewId=11498128536,apple_us_store,Spike417,2024-07-15,1,negative,Not user friendly. I try and searching for loads and it always says there’s nothing.,Account / Access / Login,Password Reset & Login Troubleshooting,App Login Troubleshooting
rvw-000189,play.google.com,Google Play (com.openlane.mobile.carsarriveplus),https://play.google.com/store/apps/details?id=com.openlane.mobile.carsarriveplus&hl=en&gl=us,google_play_us_store,Rick Salido,2024-07-14,1,negative,"app is slow, and doesn't always work well. it takes quite a bit of time to do this entire process and get every load checked in. Cars Arrive also uses another nemesis to us all called RMIS that is the biggest P.O.S on the planet. warning do not bother trying to call in, and if you do be prepared for a whole day ordeal. Anytime that I have had to call in for anything I have spent at least 8 hrs on hold and at most 11hrs:37 min. I use the app because I have to. otherwise I would not even touch it.",Account / Access / Login,Password Reset & Login Troubleshooting,App Login Troubleshooting
rvw-000652,google.com,Google Business Profile (OPENLANE),https://www.google.com/maps/reviews/data=!4m8!14m7!1m6!2m5!1sChdDSUhNMG9nS0VJQ0FnSURybUtIdmd3RRAB!2m1!1s0x0:0x7af4135fd6c841d8!3m1!1s2@1:CIHM0ogKEICAgIDrmKHvgwE%7C%7C?hl=en,google_business_us_profile,Colin Graceffa,2024-07-14,1,negative,"Literally took over a month to get one my cars shipped to me, asked the account manager to unwind because the crazy delay. They straight up said no and left it at that. lol goodluck getting dealers to buy from you.",Customer Service & Communication,Agent Professionalism & Responsiveness,Rude/Unhelpful Support
rvw-000653,google.com,Google Business Profile (OPENLANE),https://www.google.com/maps/reviews/data=!4m8!14m7!1m6!2m5!1sChZDSUhNMG9nS0VJQ0FnSURyaUktQ0d3EAE!2m1!1s0x0:0x7af4135fd6c841d8!3m1!1s2@1:CIHM0ogKEICAgIDriI-CGw%7C%7C?hl=en,google_business_us_profile,jim longo,2024-07-13,1,negative,Second time we got screwed from openland. Bought a 2011 f250. The entire bed wàs rusted thru.and not Cat on it. It cost 9 thousand to fix it besides a fine from the DEP. Just bought a kia said wàs perfect. Bad head caskit 3500 to fix.They only pay 1800. So buyer be ware .Unfortunately they are the only game in town to buy from. They need ti check these vehicles out a lttle better then they are .,"Vehicle Pickup, Delivery and Scheduling",Tow and Storage Charges,Tow and Storage Fees
rvw-000389,play.google.com,Google Play (com.nthgensoftware.traderev.android),https://play.google.com/store/apps/details?id=com.nthgensoftware.traderev.android&hl=en&gl=us,google_play_us_store,Kyle,2024-07-09,1,negative,"Absolutly terrible, notification stopped coming through, open lane support is not supportive or helpfull in any way. Dont have time to deal with this junk app while running a business, E-Block WAY better.",Customer Service & Communication,Agent Professionalism & Responsiveness,Rude/Unhelpful Support
rvw-000190,play.google.com,Google Play (com.nthgensoftware.traderev.android),https://play.google.com/store/apps/details?id=com.nthgensoftware.traderev.android&hl=en&gl=us,google_play_us_store,Kyle,2024-07-08,1,negative,"Absolutly terrible, notification stopped coming through, open lane support is not supportive or helpfull in any way. Dont have time to deal with this junk app while running a business, E-Block WAY better.",Customer Service & Communication,Agent Professionalism & Responsiveness,Rude/Unhelpful Support
rvw-000654,google.com,Google Business Profile (OPENLANE),https://www.google.com/maps/reviews/data=!4m8!14m7!1m6!2m5!1sChZDSUhNMG9nS0VJQ0FnSUNyb2FyTkp3EAE!2m1!1s0x0:0x7af4135fd6c841d8!3m1!1s2@1:CIHM0ogKEICAgICroarNJw%7C%7C?hl=en,google_business_us_profile,dana white,2024-07-08,1,negative,"These descriptions are awful and likely not by accident or they hire the dumbest condition report people possible. The last car was a 2010 toyota with bad ac and a bad engine. The ac was 1000 the engine had a broke valve spring causing a miss then while it was idling the valve dropped locking the engine. All that in 5 minutes. All they sell is junk that dealers don't want and lie lie lie lie about CR reports. They also sell cars ""as is"" that have engine noise and do not disclose engine noise when they claim all engine noises are disclosed regardless. This car was sold green light with engine noise and after several no sales they sold it as is with no mention of the aforementioned engine noise. The car sold for double the money.","Lot Condition, Listing Status and related",Lot Condition Reporting,Lot Damage
rvw-000191,play.google.com,Google Play (com.openlane.mobile.carsarriveplus),https://play.google.com/store/apps/details?id=com.openlane.mobile.carsarriveplus&hl=en&gl=us,google_play_us_store,Freddie Omo,2024-07-05,5,positive,"Awesome, inclusive, easy to use app.",Account / Access / Login,Password Reset & Login Troubleshooting,App Login Troubleshooting
rvw-000390,play.google.com,Google Play (com.backlotcars.backlotcars),https://play.google.com/store/apps/details?id=com.backlotcars.backlotcars&hl=en&gl=us,google_play_us_store,Bret,2024-07-03,1,negative,Search function no longer works in app,Account / Access / Login,Password Reset & Login Troubleshooting,App Login Troubleshooting
rvw-000192,play.google.com,Google Play (com.backlotcars.backlotcars),https://play.google.com/store/apps/details?id=com.backlotcars.backlotcars&hl=en&gl=us,google_play_us_store,Bret,2024-07-02,1,negative,Search function no longer works in app,Account / Access / Login,Password Reset & Login Troubleshooting,App Login Troubleshooting
rvw-000193,play.google.com,Google Play (com.openlane.mobile.carsarriveplus),https://play.google.com/store/apps/details?id=com.openlane.mobile.carsarriveplus&hl=en&gl=us,google_play_us_store,Ramon “master roshi” Martinez,2024-06-25,1,negative,"too many steps, and too much stuff to fill up in the app..super dispatch. is number 1",Account / Access / Login,Password Reset & Login Troubleshooting,App Login Troubleshooting
rvw-000194,apps.apple.com,"Apple App Store (1566419386, us)",https://itunes.apple.com/us/review?id=1566419386&type=Purple%20Software&reviewId=11366298115,apple_us_store,repohauler01,2024-06-10,2,negative,Needs improvement. Too cumbersome. Delivery inspection should have the option to mark “ o additional damage” instead of having to completely redo the original inspection. Not enough options for damage. Check out 1Dispatch app. It’s much more user friendly.,"Lot Condition, Listing Status and related",Third-Party Inspection Authorization & Scheduling,Previewing/ Inspecting Vehicles
rvw-000195,apps.apple.com,"Apple App Store (1186571028, us)",https://itunes.apple.com/us/review?id=1186571028&type=Purple%20Software&reviewId=11351671975,apple_us_store,Lynneelardo,2024-06-06,1,negative,"Lagging. I sometimes have to hit the circle button to take a picture 10 to 20 times before it will take a picture!!! The app constantly seems like it’s lagging and freezing or it will just close out. I literally went and got a brand new 15 Pro Max because I thought something was wrong with my phone. I should’ve known better it’s this app. This app is horrible.. slows work down terribly. Also dim your phone, so the pictures you take are so dark you can barely see what they look like. I could just go on and on and on with the amount of issues. The AI pictures are just so off. It’s ridiculous. It won’t even take a picture if the sun is out. Please do better and fix these issues.",Account / Access / Login,Password Reset & Login Troubleshooting,App Login Troubleshooting
rvw-000363,apps.apple.com,"Apple App Store (1186571028, us)",https://apps.apple.com/us/app/id1186571028?see-all=reviews&platform=iphone&reviewId=11351671975,apple_us_store,Lynneelardo,2024-06-06,1,negative,"Lagging. I sometimes have to hit the circle button to take a picture 10 to 20 times before it will take a picture!!! The app constantly seems like it’s lagging and freezing or it will just close out. I literally went and got a brand new 15 Pro Max because I thought something was wrong with my phone. I should’ve known better it’s this app. This app is horrible.. slows work down terribly. Also dim your phone, so the pictures you take are so dark you can barely see what they look like. I could just go on and on and on with the amount of issues. The AI pictures are just so off. It’s ridiculous. It won’t even take a picture if the sun is out. Please do better and fix these issues",Account / Access / Login,Password Reset & Login Troubleshooting,App Login Troubleshooting
rvw-000655,google.com,Google Business Profile (OPENLANE),https://www.google.com/maps/reviews/data=!4m8!14m7!1m6!2m5!1sChdDSUhNMG9nS0VJQ0FnSUN6aE12ajFBRRAB!2m1!1s0x0:0x7af4135fd6c841d8!3m1!1s2@1:CIHM0ogKEICAgICzhMvj1AE%7C%7C?hl=en,google_business_us_profile,Eaton Chip,2024-05-30,1,negative,"Arbitration process is a joke , and will go back on what they say. Be very careful especially when there are no engine sound clips on a vehicle that the ""trained inspector "" thinks doesn't have issues.","Lot Condition, Listing Status and related",Third-Party Inspection Authorization & Scheduling,Previewing/ Inspecting Vehicles
rvw-000196,play.google.com,Google Play (com.openlane.mobile.carsarriveplus),https://play.google.com/store/apps/details?id=com.openlane.mobile.carsarriveplus&hl=en&gl=us,google_play_us_store,Joe Dee,2024-05-17,1,negative,freezes/crashes too often,Account / Access / Login,Password Reset & Login Troubleshooting,App Login Troubleshooting
rvw-000656,google.com,Google Business Profile (OPENLANE),https://www.google.com/maps/reviews/data=!4m8!14m7!1m6!2m5!1sChZDSUhNMG9nS0VJQ0FnSUNUclo2blRnEAE!2m1!1s0x0:0x7af4135fd6c841d8!3m1!1s2@1:CIHM0ogKEICAgICTrZ6nTg%7C%7C?hl=en,google_business_us_profile,Juan Pastrano,2024-05-17,1,negative,BE CAREFUL WITH VEHICLE INSPECTION AND SELLER'S COMMENTS. OPENLANE WON'T HELP IN ANY WAY.,"Lot Condition, Listing Status and related",Third-Party Inspection Authorization & Scheduling,Previewing/ Inspecting Vehicles
rvw-000197,apps.apple.com,"Apple App Store (1175036411, us)",https://itunes.apple.com/us/review?id=1175036411&type=Purple%20Software&reviewId=11278676228,apple_us_store,SclassSnnyyyyyy,2024-05-17,1,negative,Engine noise. Haven’t been able to hear engine noise for at least 4 months on the app,Account / Access / Login,Password Reset & Login Troubleshooting,App Login Troubleshooting
rvw-000198,play.google.com,Google Play (com.nthgensoftware.traderev.android),https://play.google.com/store/apps/details?id=com.nthgensoftware.traderev.android&hl=en&gl=us,google_play_us_store,Ahmed Huoseh,2024-05-16,1,negative,This is the worst app for Androids!! I have lost out on buying cars and also bidding on trade rev. I have talked to customer support multiple times and it's like talking to a wall. I don't get any notifications of a vehicle coming into a lane during a auction and the app keeps crashing and I have multiple other issues with zero success in getting anything resolved.,Customer Service & Communication,Agent Professionalism & Responsiveness,Rude/Unhelpful Support
rvw-000657,google.com,Google Business Profile (OPENLANE),https://www.google.com/maps/reviews/data=!4m8!14m7!1m6!2m5!1sChZDSUhNMG9nS0VJQ0FnSUNUNnFiRVJnEAE!2m1!1s0x0:0x82ddb1a9ae334e23!3m1!1s2@1:CIHM0ogKEICAgICT6qbERg%7C%7C?hl=en,google_business_us_profile,Sean,2024-05-13,1,negative,"!!!!BUYER BE WARE!!!! I purchased a vehicle from this company and it was completely misrepresented. The inspection that is included in my overall purchase price displays that this vehicle had no engine noise, the a/c works, and the door locks work. That is not accurate. It was delivered and immediately when i started the vehicle it has a very loud engine knock, the a/c does not work at all, the rear door actuator does not work, and the radio is not operating. I payed $5500 for the vehicle alone. Open lane tells me that the policy states that they do not cover anything, so now i am out the money for repairs and they wouldnt even give me my money back for the inspection that i payed for. I Will not buy another vehicle from this company. Their coverage starts at a vehicle price of $6001 and up. Their inspectors are incompetent and the inspection reports can be inaccurate. !!!!BUYER BE WARE!!!!!!","Lot Condition, Listing Status and related",Third-Party Inspection Authorization & Scheduling,Previewing/ Inspecting Vehicles
rvw-000199,bbb.org,BBB Customer Reviews,https://www.bbb.org/us/in/carmel/profile/car-dealers/openlane-inc-0382-90024496/customer-reviews#0382_90024496_98975,bbb_us_business,Michael L,2024-05-10,1.0,negative,"They treat you as an outsider when you are a contractor. They steal your money only to blame it on a computer glitch and say everything looks fine. But only after you bring up your sub $100 paycheck. If you dont say anything they definitely wont. They will tell you they dont owe you anything, and show you a pay stub with just a regular pay and supplemental pay. But there is no breakdown of what the supplemental is for. If you start to have any sort of trouble, you get an Im sorry to hear that. Then your left to figure out what to do. They will also be giving what work you could do away to anyone who will take it. This leads to poor customer service and a way over worked and under appreciated contractor. I hope you dont like your car if you want to work here.",Customer Service & Communication,Agent Professionalism & Responsiveness,Rude/Unhelpful Support
rvw-000658,google.com,Google Business Profile (OPENLANE),https://www.google.com/maps/reviews/data=!4m8!14m7!1m6!2m5!1sChdDSUhNMG9nS0VJQ0FnSURqNjd2YmpnRRAB!2m1!1s0x0:0x82ddb1a9ae334e23!3m1!1s2@1:CIHM0ogKEICAgIDj67vbjgE%7C%7C?hl=en,google_business_us_profile,Jake Finland,2024-05-07,1,negative,I think the only 5 stars this auction gets are from there employees,Membership / Licensing / Fees & Bidding Policies,"Bidding Process, Rules and Fees",Fees
rvw-000200,apps.apple.com,"Apple App Store (1186571028, us)",https://itunes.apple.com/us/review?id=1186571028&type=Purple%20Software&reviewId=11241497980,apple_us_store,Strider5150,2024-05-07,3,negative,"Needs 14 pro max functionality. Can’t take clear photos of vin tags or any close up photos of damage (dents, scratches, paint bubble from body cancer or other damages) without switching to camera, take the photo then uploading from camera roll because the app won’t automatically switch camera lenses like it should. The ability to manually zoom in and out would also be EXTREMELY useful as we don’t always have enough room to stand back far enough to take the photos. More often than not, we are crammed into small spaces with little room to move around. Also need to tap the screen multiple times before the app responds. It’s getting old having to fill my storage with vin plate photos every day and having to stand there tapping the screen multiple times for each thing I do. Ugh…fix it!!",Customer Service & Communication,Communication Follow-up & Escalation,No Callback / Unresolved Case
rvw-000201,play.google.com,Google Play (com.nthgensoftware.traderev.android),https://play.google.com/store/apps/details?id=com.nthgensoftware.traderev.android&hl=en&gl=us,google_play_us_store,S Rodaki,2024-04-29,1,negative,"Fire the guys who made this app. I'm busy dealing with this app glitches, not dealing cars. We pay unfairly heavy fees you can do better.",Membership / Licensing / Fees & Bidding Policies,"Bidding Process, Rules and Fees",Fees
rvw-000659,google.com,Google Business Profile (OPENLANE),https://www.google.com/maps/reviews/data=!4m8!14m7!1m6!2m5!1sChdDSUhNMG9nS0VJQ0FnSUNqa0w3RjF3RRAB!2m1!1s0x0:0x7af4135fd6c841d8!3m1!1s2@1:CIHM0ogKEICAgICjkL7F1wE%7C%7C?hl=en,google_business_us_profile,Terrance Willcoxon,2024-04-16,5,positive,"My name is Terrance, and I'm the owner of Fast and Easy Auto Sales. I bought hundreds of thousands of dollars worth of vehicles from open Lane, formerly known as backlots. I've had several representatives throughout the four years I've been a client. My current representative, Cameron, is hands down the best rep I've ever had. I just had to let somebody know about it. He's always knowledgeable and always available. And if he doesn't know how to fix an issue I'm having, he will find out how to fix it. He doesn't pretend or promise things he can't do. He's an honest, intelligent guy, this kids going places, and I'm glad that he's my representative for Fast and Easy Auto Sales. Open Lane didn't have a survey I could do for him, so I figured I would just leave a review I hope this makes to his employer. He deserves some praise. My previous representative, I can't remember her name. But I was ready to quit using backlots all together because of her service. Cameron single handedly brought me!",Customer Service & Communication,Agent Professionalism & Responsiveness,Helpful Support Experience
rvw-000202,apps.apple.com,"Apple App Store (1566419386, us)",https://itunes.apple.com/us/review?id=1566419386&type=Purple%20Software&reviewId=11162629767,apple_us_store,SoccerGoalie11,2024-04-15,1,negative,Kathy. Glitches constantly and we have to call customer support too often.,Customer Service & Communication,Agent Professionalism & Responsiveness,Rude/Unhelpful Support
rvw-000660,google.com,Google Business Profile (OPENLANE),https://www.google.com/maps/reviews/data=!4m8!14m7!1m6!2m5!1sChZDSUhNMG9nS0VJQ0FnSUREbS1mYVR3EAE!2m1!1s0x0:0x82ddb1a9ae334e23!3m1!1s2@1:CIHM0ogKEICAgIDDm-faTw%7C%7C?hl=en,google_business_us_profile,Ricky Thompson,2024-04-14,1,negative,"The absolute worst auction site to buy cars on. Their inspectors are incompetent and cannot tell what hail damage is, and scratches all through the paint that doesn't show up in pictures. Avoid these scammers, I would leave zero stars if that were an option.","Lot Condition, Listing Status and related",Lot Condition Reporting,Lot Damage
rvw-000203,trustpilot.com,Trustpilot (openlane.com),https://www.trustpilot.com/reviews/66106783c9c411f17ffd365f,trustpilot_us_slug,Mustafa Qudah,2024-04-05,1,negative,"dealers (buyers) please be aware!. dealers (buyers) please be aware!! buying vehicles under $6000 from this auction is basically buying them as is sale, no matter what the inspection report says!! even if its marked green (guaranteed). we paid a little under $6000 for good run and drive 2017 Chevy traverse based on the inspection report (nothing wrong with the car) everything marked green as described guarantee). but we received it with huge cracks in the front windshield and bad transmission (shutters and hard shifting)!! after fighting with them on the phone, the company declined our arbitration since its under $6000 sale!! at this point we quit doing business with this company.","Lot Condition, Listing Status and related",Third-Party Inspection Authorization & Scheduling,Previewing/ Inspecting Vehicles
rvw-000472,trustpilot.com,Trustpilot (openlane.com),https://www.trustpilot.com/reviews/66106783c9c411f17ffd365f,trustpilot_us_slug,Trustpilot user,2024-04-03,,negative,"dealers (buyers) please be aware!. dealers (buyers) please be aware!! buying vehicles under $6000 from this auction is basically buying them as is sale, no matter what the inspection report says!! even if its marked green (guaranteed). we paid a little under $6000 for good run and drive 2017 Chevy traverse based on the inspection report (nothing wrong with the car) everything marked green as described guarantee). but we received it with huge cracks in the front windshield and bad transmission (shutters and hard shifting)!! after fighting with them on the phone, the company declined our arbitration since its under $6000 sale!! at this point we quit doing business with this company.","Lot Condition, Listing Status and related",Third-Party Inspection Authorization & Scheduling,Previewing/ Inspecting Vehicles
rvw-000661,google.com,Google Business Profile (OPENLANE),https://www.google.com/maps/reviews/data=!4m8!14m7!1m6!2m5!1sChdDSUhNMG9nS0VJQ0FnSUNEX1pXZjNBRRAB!2m1!1s0x0:0x7af4135fd6c841d8!3m1!1s2@1:CIHM0ogKEICAgICD_ZWf3AE%7C%7C?hl=en,google_business_us_profile,James Anderson,2024-03-31,2,negative,"We have been buying a lot of cars through Backlot Cars for our business over the last year and while I have been able to buy some good cars, the company is terrible to work with. The website/app never works properly. They let sellers back out of deals all the time after I have won the vehicles. And most recently, I clicked on one of their email solicitations and deleted it but somehow they claim I purchased a $100k+ vehicle that I never wanted to buy. I contacted them immediately but they refused to help and automatically took the money from my bank account. This is a poorly run company that refuses to help or work with us as a business that has regularly bought cars from them.",Customer Service & Communication,Agent Professionalism & Responsiveness,Rude/Unhelpful Support
rvw-000204,apps.apple.com,"Apple App Store (1566419386, us)",https://itunes.apple.com/us/review?id=1566419386&type=Purple%20Software&reviewId=11095988196,apple_us_store,RdnkTnker,2024-03-28,1,negative,Doesn’t work. I went through the inspection process 3 times and it reset and I lost all pics and notes each time. I was never able to submit the inspection report at pick up.,"Lot Condition, Listing Status and related",Third-Party Inspection Authorization & Scheduling,Previewing/ Inspecting Vehicles
rvw-000205,play.google.com,Google Play (com.nthgensoftware.traderev.android),https://play.google.com/store/apps/details?id=com.nthgensoftware.traderev.android&hl=en&gl=us,google_play_us_store,Juha B,2024-03-27,1,negative,This app is garbage. They stop sending alert text Becuase of the relese off this app. Always crashing and saying server error. Please put texting alert back and scrap this app.,Account / Access / Login,Password Reset & Login Troubleshooting,App Login Troubleshooting
rvw-000206,play.google.com,Google Play (com.nthgensoftware.traderev.android),https://play.google.com/store/apps/details?id=com.nthgensoftware.traderev.android&hl=en&gl=us,google_play_us_store,Omar Alomar,2024-03-24,1,negative,Not android friendly. App keeps crashing. Not the first review about it. Do something about it! Thank you,Account / Access / Login,Password Reset & Login Troubleshooting,App Login Troubleshooting
rvw-000489,play.google.com,Google Play (com.nthgensoftware.traderev.android),https://play.google.com/store/apps/details?id=com.nthgensoftware.traderev.android&hl=en&gl=us,google_play_us_store,Omar A,2024-03-24,1,negative,Not android friendly. App keeps crashing. Not the first review about it. Do something about it! Thank you,Account / Access / Login,Password Reset & Login Troubleshooting,App Login Troubleshooting
rvw-000391,play.google.com,Google Play (com.openlane.mobile.carsarriveplus),https://play.google.com/store/apps/details?id=com.openlane.mobile.carsarriveplus&hl=en&gl=us,google_play_us_store,Jon Defelice,2024-03-23,1,negative,"was working just fine with the downloaded version, a week later app made me do an update now I can't complete the delivery of my 3 cars.",Account / Access / Login,Password Reset & Login Troubleshooting,App Login Troubleshooting
rvw-000207,play.google.com,Google Play (com.openlane.mobile.carsarriveplus),https://play.google.com/store/apps/details?id=com.openlane.mobile.carsarriveplus&hl=en&gl=us,google_play_us_store,Jon Defelice,2024-03-22,1,negative,"was working just fine with the downloaded version, a week later app made me do an update now I can't complete the delivery of my 3 cars.",Account / Access / Login,Password Reset & Login Troubleshooting,App Login Troubleshooting
rvw-000208,apps.apple.com,"Apple App Store (1566419386, us)",https://itunes.apple.com/us/review?id=1566419386&type=Purple%20Software&reviewId=11066748826,apple_us_store,Moetown64,2024-03-20,1,negative,Updates. I’ve installed this app several times and it keep stating I’m using the old app,Account / Access / Login,Password Reset & Login Troubleshooting,App Login Troubleshooting
rvw-000662,google.com,Google Business Profile (OPENLANE),https://www.google.com/maps/reviews/data=!4m8!14m7!1m6!2m5!1sChZDSUhNMG9nS0VJQ0FnSUQ5bVl5NUh3EAE!2m1!1s0x0:0x82ddb1a9ae334e23!3m1!1s2@1:CIHM0ogKEICAgID9mYy5Hw%7C%7C?hl=en,google_business_us_profile,Emil Abdo,2024-03-18,1,negative,Worst wholesale auction I bought a truck through them it should be run and drive Diesel truck as described I went to pickup location the truck gas not running and they refused to do anything about it,"Lot Condition, Listing Status and related",Lot Condition Reporting,Lot Damage
rvw-000663,google.com,Google Business Profile (OPENLANE),https://www.google.com/maps/reviews/data=!4m8!14m7!1m6!2m5!1sChZDSUhNMG9nS0VJQ0FnSUQ5cHVmcGRBEAE!2m1!1s0x0:0x7af4135fd6c841d8!3m1!1s2@1:CIHM0ogKEICAgID9pufpdA%7C%7C?hl=en,google_business_us_profile,Jerry Mateo,2024-03-16,1,negative,"I own 2 dealerships, just checked One and I bought 356 cars since May 2022, I bought about the same with the other dealer. They sold me a car with a hand written lien release on the title no stamps nothing, that maybe acceptable in some states but unexepytable in NJ where the car is being shipped overseas, all I need is lien release which they can get me very easily, only a phone call away, but the refuse to, their title clerk was yelling at me. I am stuck with the car paying storage with no help, I have to admit my contact with Backlot Adam is great guy and trying to help me, we shall see what he can do. Backlot is the first auction that refuses to get me a legal lien release, beware.",Customer Service & Communication,Case Resolution Quality,Issue Not Resolved
rvw-000664,google.com,Google Business Profile (OPENLANE),https://www.google.com/maps/reviews/data=!4m8!14m7!1m6!2m5!1sChZDSUhNMG9nS0VJQ0FnSUQ5Mk0zeWNREAE!2m1!1s0x0:0x7af4135fd6c841d8!3m1!1s2@1:CIHM0ogKEICAgID92M3ycQ%7C%7C?hl=en,google_business_us_profile,Adam Warmka,2024-03-13,1,negative,Backlotcars does NOT stand behind their inspections! Backlotcars will screw you if you buy from them! Bad engine = your problem... They are the WORST auction site ever!,"Lot Condition, Listing Status and related",Third-Party Inspection Authorization & Scheduling,Previewing/ Inspecting Vehicles
rvw-000209,apps.apple.com,"Apple App Store (1566419386, us)",https://itunes.apple.com/us/review?id=1566419386&type=Purple%20Software&reviewId=11036533986,apple_us_store,M F Witt,2024-03-12,1,negative,"Doesn’t work. after pickup the load delivers itself automatically and creates Billing issues and delays, this is just the newest problem from this terrible app",Account / Access / Login,Password Reset & Login Troubleshooting,App Login Troubleshooting
rvw-000210,play.google.com,Google Play (com.nthgensoftware.traderev.android),https://play.google.com/store/apps/details?id=com.nthgensoftware.traderev.android&hl=en&gl=us,google_play_us_store,Raymond Fikry,2024-03-11,1,negative,Crashing and not friendly with android,Account / Access / Login,Password Reset & Login Troubleshooting,App Login Troubleshooting
rvw-000211,play.google.com,Google Play (com.openlane.mobile.carsarriveplus),https://play.google.com/store/apps/details?id=com.openlane.mobile.carsarriveplus&hl=en&gl=us,google_play_us_store,Higher Level,2024-03-11,1,negative,this app is trash at best,Account / Access / Login,Password Reset & Login Troubleshooting,App Login Troubleshooting
rvw-000665,google.com,Google Business Profile (OPENLANE),https://www.google.com/maps/reviews/data=!4m8!14m7!1m6!2m5!1sChZDSUhNMG9nS0VJQ0FnSUM5dzlxY1dnEAE!2m1!1s0x0:0x82ddb1a9ae334e23!3m1!1s2@1:CIHM0ogKEICAgIC9w9qcWg%7C%7C?hl=en,google_business_us_profile,Michael Ridley,2024-03-09,1,negative,"Worst wholesale auction company!!! I don't know who there getting to do inspections but clearly they just hire the cheapest person they can find that has zero knowledge on autos. Then they come up with rules whenever they want for any reason on arbitration. Management is a joke just look at this email I got from a worker. 1) BacklotCars makes thousands of tranport. You might pay $800, they only paid $500: BacklotCars will give you a price quote to ship your vehicle. What they won't tell you is that it's listed on Central Dispatch, Super Dispatch or some other load board for much less. Sometimes you may have to wait weeks up to a month to get your vehicle because they are trying to make a profit off transport. They get paid on commission like any sales job. 2) BacklotCars sales team gets paid extra money if they get you to raise your bid: BacklotCars employees can make $2-$20 for getting you to increase your bid. New bidding activities changes the vehicles placement on the website and increases the chances of the vehicle being sold. Vehicles with bids 2-3 days old are harder to find. 3) Never show you proxy bid to the seller: BLC employees can see your proxy bid it's no secret. BacklotCars employees will counter your offer to make the vehicle auto sell or log into another account to bid against you. Best advice is don't show your hand. It can and will be used against you. 4) Don't ever bid against yourself: The seller has 4 hours to decide on your bid and hope someone outbids you. Every time you bid again that clock starts over and you can't cancel your offer. If you were selling a car wouldn't you wait it out. 5) Fleet Remarketing are independent dealers - buyer beware: Independent sellers will often list vehicles under ""Fleet Remarketing"" instead of using their BacklotCars login. The biggest reason is so they can run your bid up. You think you're bidding against someone else but you're really bidding against yourself. They also do this to hide their identity. If you really knew who was selling the vehicle, you never would've placed a bid. 6) Don't take the bait: BacklotCars calls or text you to increase your bid. Your were at $9000 and they get you to raise your bid to $9500. 10 minutes later you get a counter offer at $9700-$9800. Don't take the bait. The BacklotCars employee most likely put your new offer in the system (cause they get $2-$5 extra) and now the seller has 4 more hours to decide or hope someone out bids you. Don't take the bait. 7) Want to know the Floor Price?: When there is no reserve you can bid as low as $50. Once a seller has uploaded a Floor/Reserve prices the bids start have to be 60-65% of that number. Example: Floor $10,000. Starting bid has to be between $6000-$6500. 8) Don't sell the vehicle or do repairs until you have the title: Selling a vehicle or spending money on repairs before receiving the title is a huge mistake. Sometimes it can take many months to receive a title or the seller is unable to get a title. In those cases you will not be reimbursed for any cost or money lost. The seller is charged a $500 backdown fee and at best you might get a future $200 buy fee credit. 9) Complain if vehicle is not delivered in 10 days: It's been 10 days and you still don't have your vehicle. Why? They are still trying to make money off the transport. Call them and complain so they will raise the dispatch amount to what you actually agreed to pay. If you are picking up the vehicle yourself you have 10 days before they force transport and charge you, it should go both ways. 10) BacklotCars hides frame damage: All major auto auctions will inspect vehicles for Frame Damage or Structural Damage. BacklotCars cars doesn't look for frame damage or cover frame damaged vehicles. BacklotCars has sold thousands of vehicles that would normally have auction announced frame damage listed on AutoCheck or CarFax. It's possible many lives have lost from unsafe vehicles sold through BacklotCars.",Customer Service & Communication,Agent Professionalism & Responsiveness,Rude/Unhelpful Support
rvw-000212,play.google.com,Google Play (com.openlane.mobile.carsarriveplus),https://play.google.com/store/apps/details?id=com.openlane.mobile.carsarriveplus&hl=en&gl=us,google_play_us_store,Clark Layman,2024-03-08,5,positive,It's a good app. It's come a long way in the last couple of years..,Account / Access / Login,Password Reset & Login Troubleshooting,App Login Troubleshooting
rvw-000213,bbb.org,BBB Customer Reviews,https://www.bbb.org/us/in/carmel/profile/car-dealers/openlane-inc-0382-90024496/customer-reviews#0382_90024496_96492,bbb_us_business,Kolby K,2024-03-06,1.0,negative,"If I could zero stars I would. This company has no accountability. They pass the buck from person to person. No one will accept responsibility for an issue on their end. They are fine until there is a problem. They are the ones doing the inspections, not me. They should have to stand behind their own mistakes. They do NOT. It is very frustrating in trying to resolve an arbitration issue. I have dealt with them for 6 years and this time was the last straw. I had 3 vehicles with arbitration issues because of their inability to disclose over $10,000 in issues.","Lot Condition, Listing Status and related",Third-Party Inspection Authorization & Scheduling,Previewing/ Inspecting Vehicles
rvw-000666,google.com,Google Business Profile (OPENLANE),https://www.google.com/maps/reviews/data=!4m8!14m7!1m6!2m5!1sChdDSUhNMG9nS0VJQ0FnSUM5enFUSW1nRRAB!2m1!1s0x0:0x7af4135fd6c841d8!3m1!1s2@1:CIHM0ogKEICAgIC9zqTImgE%7C%7C?hl=en,google_business_us_profile,Taylor Spaulding,2024-03-05,1,negative,Bought a subaru from them and was described with no issues. get it home and it’s leaking coolant out of the back of the head gasket heavily to the point where it loses inches of coolant out of the reservoir on a short drive. So i send in an arbitration saying the head gasket has a issue. as the arbitration policy says it does not cover external head gasket leaks and they told me if it fails a hydro carbon test it can be covered. so i did a hydrocarbon test and it failed as the fluid turned from blue to greenish yellow. i send them the video in a email and they say nothing is wrong and it cannot be arbitrated even though it’s clearly failed in the video. i questioned it and they said they don’t think anything is wrong with it and they would not cover it regardless “ because head gaskets for these are cheap and only cost 600$ including labor” for reference other auction sites pay 1100-1200 for a head gasket job because that’s what it actually cost to do. i then emailed them another video of the same test and they did not respond to that email or any of my calls and they closed out the arbitration without saying anything else. i’ve bought a good amount of cars from here and the other arbitrations have been better but at this point if you are not going to hold up what you offer for arbitration why even pay for the arbitration in the first place. be careful buying. and if you do make sure you buy right and can be able to take $$$ out of your profit so you don’t lose.,Customer Service & Communication,Support Access & Response Time,Delayed Email/Phone Response
rvw-000667,google.com,Google Business Profile (OPENLANE),https://www.google.com/maps/reviews/data=!4m8!14m7!1m6!2m5!1sChdDSUhNMG9nS0VJQ0FnSURkaDhleXRRRRAB!2m1!1s0x0:0x7af4135fd6c841d8!3m1!1s2@1:CIHM0ogKEICAgIDdh8eytQE%7C%7C?hl=en,google_business_us_profile,Tyler Onesko,2024-02-28,1,negative,I have been using what was previously known as BacklotCars for a little over four years..now known as OPENLANE. I’ve bought and sold a decent amount of vehicles through them for our used car dealership. 99% of my dealings with them throughout those years have went well. Thorough inspections and exceptional arbitration claims. Getting to the point of this one star review..the most recent vehicle I had purchased through them had been delivered inoperable. At the time of inspection and bidding process this was a running and operating vehicle. OPENLANE’s policy states that they GUARANTEE VEHICLE OPERATION. It ended up being a water in fuel issue causing a no start. The arbitration employee states that fuel issues are not covered. REGARDLESS..OPENLANE guarantees an operable vehicle. With a non-operational vehicle I am further unable to inspect things that are “supposed to be guaranteed.” I hate to leave a one star review being I’ve had good past experiences but this is total bad business. I couldn’t imagine me selling a car to a customer…stating that it’s in running order and when they get it the vehicle is inoperable and tell them to stick it where the sun doesn’t shine. Also Rob Saunders lll in arbitration handled the case horribly as well. He is totally sarcastic and acts like he owns the company. Whenever I had asked for a manager he repeatedly stated there is no one else.,Customer Service & Communication,Agent Professionalism & Responsiveness,Rude/Unhelpful Support
rvw-000214,bbb.org,BBB Customer Reviews,https://www.bbb.org/us/in/carmel/profile/car-dealers/openlane-inc-0382-90024496/customer-reviews#0382_90024496_96240,bbb_us_business,Tyler O,2024-02-27,1.0,negative,I have been using what was previously known as BacklotCars for a little over four years..now known as OPENLANE. Ive bought and sold a decent amount of vehicles through them for our used car dealership. 99% of my dealings with them throughout those years have went well. Thorough inspections and exceptional arbitration claims. Getting to the point of this one star review..the most recent vehicle I had purchased through them had been delivered inoperable. At the time of inspection and bidding process this was a running and operating vehicle. OPENLANEs policy states that they GUARANTEE VEHICLE OPERATION. It ended up being a water in fuel issue causing a no start. The arbitration employee states that fuel issues are not covered. REGARDLESS..OPENLANE guarantees an operable vehicle. With a non-operational vehicle I am further unable to inspect things that are supposed to be guaranteed.I hate to leave a one star review being Ive had good past experiences but this is total bad business. I couldnt imagine me selling a car to a customerstating that its in running order and when they get it the vehicle is inoperable and tell them to stick it where the sun doesnt shine. Also REMOVED lll in arbitration handled the case horribly as well. He is totally sarcastic and acts like he owns the company. Whenever I had asked for a manager he repeatedly stated there is no one else.,Customer Service & Communication,Agent Professionalism & Responsiveness,Rude/Unhelpful Support
rvw-000215,apps.apple.com,"Apple App Store (1566419386, us)",https://itunes.apple.com/us/review?id=1566419386&type=Purple%20Software&reviewId=10982849039,apple_us_store,loyality means nothing anymore,2024-02-26,2,negative,?. They should bring back the same as pick up for the inventory as it never changes I can understand taking the second set of pictures or even just a mileage but all the other stuff is a waste of time because you did it on the pick up,"Lot Condition, Listing Status and related",Listing Status,Selling/ Relisting vehicle or Parts purchase
rvw-000216,apps.apple.com,"Apple App Store (1566419386, us)",https://itunes.apple.com/us/review?id=1566419386&type=Purple%20Software&reviewId=10961211556,apple_us_store,Car God$,2024-02-20,5,positive,Great. I love it I most definitely like the cars that you can bid on they should make all the cars be able to be bid on,Membership / Licensing / Fees & Bidding Policies,"Bidding Process, Rules and Fees",How to Bid (First Time)
rvw-000217,apps.apple.com,"Apple App Store (1566419386, us)",https://itunes.apple.com/us/review?id=1566419386&type=Purple%20Software&reviewId=10934481605,apple_us_store,adenoq,2024-02-13,1,negative,Poor customer service!. I can’t get anyone to ever answer the phone. When I do the support is not helpful and it always like I have to figure my problem out on my own. What are the hours of operation? Also the app has an email button but doesn’t have an email address to send to. All it does is put your personal info on the page as if I was going to send my info to someone. Why would I send my personal info to anyone? This is very frustrating when we have drivers out of town with incorrect addresses and no point of contact.,Customer Service & Communication,Agent Professionalism & Responsiveness,Rude/Unhelpful Support
rvw-000773,apps.apple.com,"Apple App Store (1566419386, us)",https://apps.apple.com/us/app/id1566419386?see-all=reviews&platform=iphone&reviewId=10934481605,apple_us_store,adenoq,2024-02-13,1,negative,Poor customer service!. I can’t get anyone to ever answer the phone. When I do the support is not helpful and it always like I have to figure my problem out on my own. What are the hours of operation? Also the app has an email button but doesn’t have an email address to send to. All it does is put your personal info on the page as if I was going to send my info to someone. Why would I send my personal info to anyone? This is very frustrating when we have drivers out of town with incorrect addresses and no point of contact,Customer Service & Communication,Agent Professionalism & Responsiveness,Rude/Unhelpful Support
rvw-000805,apps.apple.com,"Apple App Store (1566419386, us)",https://apps.apple.com/us/app/id1566419386?see-all=reviews&platform=iphone&reviewId=10934481605,apple_us_store,adenoq,2024-02-13,1,negative,Poor customer service!. We're sorry to hear about the issues you've encountered. We would like to hear more about the problems that you are ensuing. Please email us at carrierservices@openlane.com and someone will reach out to you. We have also passed along the email functionality to our technology department to look into,Customer Service & Communication,Agent Professionalism & Responsiveness,Rude/Unhelpful Support
rvw-000668,google.com,Google Business Profile (OPENLANE),https://www.google.com/maps/reviews/data=!4m8!14m7!1m6!2m5!1sChZDSUhNMG9nS0VJQ0FnSUR0c196VGJBEAE!2m1!1s0x0:0x7af4135fd6c841d8!3m1!1s2@1:CIHM0ogKEICAgIDts_zTbA%7C%7C?hl=en,google_business_us_profile,DNA AUTO,2024-02-06,1,negative,This place has already had to change its name that should tell you everything you need to know! But your more than welcome to buy a car from here if you like but I won’t ever again 127 days still no title,"Title, Ownership, POA and Documentation",Title Delivery & Status,Title Not Received
rvw-000218,apps.apple.com,"Apple App Store (1566419386, us)",https://itunes.apple.com/us/review?id=1566419386&type=Purple%20Software&reviewId=10905360881,apple_us_store,Parking lot 12348,2024-02-05,1,negative,"Tim mccloskey. App doesn’t scan every vin, should always ask for pic of vin. If your doing a 9 car load it’s a pain because you have to write down the t o s you can’t scan a car and have it be one of the nine you have to know which order your attempting which in a snowy dark Parkin lot at 7 pm is a bit hard.",Account / Access / Login,Password Reset & Login Troubleshooting,App Login Troubleshooting
rvw-000219,bbb.org,BBB Customer Reviews,https://www.bbb.org/us/in/carmel/profile/car-dealers/openlane-inc-0382-90024496/customer-reviews#0382_90024496_95437,bbb_us_business,Mark M,2024-02-02,1.0,negative,Arbitration process is terrible. They just screwed me on a 2019 Charger engine. Had me diagnose it at 3 different repair facilities including 2 dealerships. The 3rd dealership was very clear that the engine required replacement. The Arbitration manager REMOVED would only pay for a cam and lifters. REMOVED the director was just as incompetent. REMOVED states engine replacement and attached is a bulletin straight from Dodge but Openlane decided they can now decide what requires replacement. Not the manufacturer. Openlane screwed me for over $3000 this week,Customer Service & Communication,Agent Professionalism & Responsiveness,Rude/Unhelpful Support
rvw-000473,bbb.org,BBB Customer Reviews,https://www.bbb.org/us/in/carmel/profile/car-dealers/openlane-inc-0382-90024496/customer-reviews#review-6,bbb_us_business,Mark M,2024-02-02,1,negative,"Arbitration process is terrible. They just screwed me on a 2019 Charger engine. Had me diagnose it at 3 different repair facilities including 2 dealerships. The 3rd dealership was very clear that the engine required replacement. The Arbitration manager REMOVED would only pay for a cam and lifters. REMOVED the director was just as incompetent. REMOVED states engine replacement and attached is a bulletin straight from Dodge but Openlane decided they can now decide what requires replacement. Not the manufacturer. Openlane screwed me for over $3000 this week ## Openlane, Inc.is NOT a BBB Accredited Business. To become accredited, a business must agree to[BBB Standards for Trust](https://www.bbb.org/all/standards-for-trust)and pass BBB's vetting process. [Why choose a BBB Accredited Business?](https://www.bbb.org/all/why-choose-a-bbb-accredited-business) BBB Business Profiles are provided solely to assist you in exercising your own best judgment. BBB does not verify the accuracy of information provided by third parties, and does not guarantee the accuracy of any information in Business Profiles. As a matter of policy, BBB does not endorse any product, service, or business. Businesses are under no obligation to seek BBB accreditation, and some businesses are not accredited because they have not sought BBB accreditation. When considering complaint information, please consider the company's size and volume of transactions. Note that the nature of complaints and a company’s responses to them are often more important than the number of complaints. BBB Business Profiles generally cover a three-year reporting period. [![Image 9: BBB](https://m.bbb.org/brand/logos/BBB_PrimaryLogo_White_RGB.svg)](https://www.bbb.org/)TM ## For Consumers * [Get a Quote](http://www.bbb.org/get-a-quote) * [Start a Review](http://www.bbb.org/leave-a-review) * [File a Complaint](http://www.bbb.org/file-a-complaint) ## For Businesses * [Get Your Business Listed](http://www.bbb.org/get-listed) * [BBB Accreditation](http://www.bbb.org/get-accredited) * [Apply for BBB Accreditation](http://www.bbb.org/apply) * [Newsroom and Resources](http://www.bbb.org/us/news) ## Affiliated Programs * [BBB Institute for Marketplace Trust](https://www.bbbmarketplacetrust.org/) * [BBB Wise Giving Alliance (Give.org)](https://give.org/) * [BBB National Programs](https://bbbprograms.org/) * [our Twitter (opens in a new tab)](https://x.com/bbb_us) * [our LinkedIn (opens in a new tab)](https://www.linkedin.com/company/better-business-bureau/) * [our Facebook (opens in a new tab)](https://www.facebook.com/BetterBusinessBureau) * [our Instagram (opens in a new tab)](https://www.instagram.com/betterbusinessbureau_/) * [About BBB®](http://www.bbb.org/about) * [Terms of Use](http://www.bbb.org/terms-of-use) * [Privacy Policy](http://www.bbb.org/all/privacy-policy) * [Contact Us](http://www.bbb.org/bbb-directory) © 2026 BBB, Inc. All rights reserved. All trademarks are property of BBB, Inc.",Customer Service & Communication,Agent Professionalism & Responsiveness,Rude/Unhelpful Support
rvw-000220,bbb.org,BBB Complaints,https://www.bbb.org/us/in/carmel/profile/car-dealers/openlane-inc-0382-90024496/complaints#0382_90024496_21230895,bbb_us_business,BBB complainant,2024-02-01,1,negative,"Service or Repair Issues. Openlane , currently backlotcars , lie about contracts, to weasel out of paying. Also they did not get our tax documents out by the due date. I call and get no answer and my messages get no response. This business is ran by crooks , and they steal money from the contractors that perform the work . This business should be closed down , and the crooks running it should be arrested",Customer Service & Communication,Support Access & Response Time,Long Hold Time / Hard to Reach Support
rvw-000474,bbb.org,BBB Complaints,http://www.bbb.org/us/in/carmel/profile/car-dealers/openlane-inc-0382-90024496/complaints#0382_90024496_21230895,bbb_us_business,BBB complainant,2024-02-01,1,negative,"Service or Repair Issues complaint (Answered). Openlane , currently backlotcars , lie about contracts, to weasel out of paying. Also they did not get our tax documents out by the due date. I call and get no answer and my messages get no response. This business is ran by crooks , and they steal money from the contractors that perform the work . This business should be closed down , and the crooks running it should be arrested",Customer Service & Communication,Support Access & Response Time,Long Hold Time / Hard to Reach Support
rvw-000221,apps.apple.com,"Apple App Store (1566419386, us)",https://itunes.apple.com/us/review?id=1566419386&type=Purple%20Software&reviewId=10871191089,apple_us_store,Non-functioning,2024-01-27,1,negative,non-functioning app. won’t let me scan the car barcode and will not let me type in what card it is or anything else,Account / Access / Login,Password Reset & Login Troubleshooting,App Login Troubleshooting
rvw-000669,google.com,Google Business Profile (OPENLANE),https://www.google.com/maps/reviews/data=!4m8!14m7!1m6!2m5!1sChdDSUhNMG9nS0VJQ0FnSUROeV9TYXR3RRAB!2m1!1s0x0:0x7af4135fd6c841d8!3m1!1s2@1:CIHM0ogKEICAgIDNy_SatwE%7C%7C?hl=en,google_business_us_profile,ajner trans,2024-01-26,1,negative,5000 to junkyard because engine noise and didn’t cover because I didn’t used transportation from back lot now I purchased another car and I paid double money for transportation because I want to make sure car is good I paid 18k plus extra warranty im still waiting for four weeks I don’t have a car yet. First week they said weather is bad second week delivery to wrong location third week problem truck and fourth week I verified from dealership car still on parking lot 👍,"Vehicle Pickup, Delivery and Scheduling",Scheduled Pickup Status,Missed/ Delayed Pickup and Dispatch Window
rvw-000222,play.google.com,Google Play (com.openlane.mobile.carsarriveplus),https://play.google.com/store/apps/details?id=com.openlane.mobile.carsarriveplus&hl=en&gl=us,google_play_us_store,Yerlan Tleubayev,2024-01-16,1,negative,"absolutely user unfriendly, cannot find my load to start inspection. undone app","Lot Condition, Listing Status and related",Third-Party Inspection Authorization & Scheduling,Previewing/ Inspecting Vehicles
rvw-000392,play.google.com,Google Play (com.nthgensoftware.traderev.android),https://play.google.com/store/apps/details?id=com.nthgensoftware.traderev.android&hl=en&gl=us,google_play_us_store,IsBoR,2024-01-16,1,negative,keeps crashing when loading...,Account / Access / Login,Password Reset & Login Troubleshooting,App Login Troubleshooting
rvw-000223,play.google.com,Google Play (com.nthgensoftware.traderev.android),https://play.google.com/store/apps/details?id=com.nthgensoftware.traderev.android&hl=en&gl=us,google_play_us_store,IsBoR,2024-01-15,1,negative,keeps crashing when loading...,Account / Access / Login,Password Reset & Login Troubleshooting,App Login Troubleshooting
rvw-000224,play.google.com,Google Play (com.nthgensoftware.traderev.android),https://play.google.com/store/apps/details?id=com.nthgensoftware.traderev.android&hl=en&gl=us,google_play_us_store,Tim Vandervoet,2024-01-09,1,negative,"Since updates, the app continues to fail as you complete your listing and you need to start over. 2nd attempt, same deal. VIN scanner has not worked properly in the past 2 years on any Android device as well. The actual Traderev app worked better",Account / Access / Login,Password Reset & Login Troubleshooting,App Login Troubleshooting
rvw-000670,google.com,Google Business Profile (OPENLANE),https://www.google.com/maps/reviews/data=!4m8!14m7!1m6!2m5!1sChZDSUhNMG9nS0VJQ0FnSUQxd2JyVEtBEAE!2m1!1s0x0:0x7af4135fd6c841d8!3m1!1s2@1:CIHM0ogKEICAgID1wbrTKA%7C%7C?hl=en,google_business_us_profile,danny williams (hook n book towing),2024-01-07,1,negative,They try to force you to buy cars if you don't buy quick enough they remove you im a license dealer if I only buy 2 cars a year off your site that's my business!,Membership / Licensing / Fees & Bidding Policies,"Bidding Process, Rules and Fees",Fees
rvw-000393,play.google.com,Google Play (com.backlotcars.backlotcars),https://play.google.com/store/apps/details?id=com.backlotcars.backlotcars&hl=en&gl=us,google_play_us_store,David John,2024-01-06,1,negative,"These people are only but crooks. Shipping takes months on hand and they do not give honesty in their service and feedback. It is incredibly hard to discuss and get your money back when you have trouble with anything regarding the website and people. Don't install or trust these people. They are not here to help you, but to give you a hard time and cheat your money.",Membership / Licensing / Fees & Bidding Policies,"Bidding Process, Rules and Fees",Fees
rvw-000225,play.google.com,Google Play (com.backlotcars.backlotcars),https://play.google.com/store/apps/details?id=com.backlotcars.backlotcars&hl=en&gl=us,google_play_us_store,David John,2024-01-05,1,negative,"These people are only but crooks. Shipping takes months on hand and they do not give honesty in their service and feedback. It is incredibly hard to discuss and get your money back when you have trouble with anything regarding the website and people. Don't install or trust these people. They are not here to help you, but to give you a hard time and cheat your money.",Membership / Licensing / Fees & Bidding Policies,"Bidding Process, Rules and Fees",Fees
rvw-000226,play.google.com,Google Play (com.nthgensoftware.traderev.android),https://play.google.com/store/apps/details?id=com.nthgensoftware.traderev.android&hl=en&gl=us,google_play_us_store,Stefan Iliev,2024-01-05,1,negative,I can't understand such a big companies like Trade rev. and Adesa can't create normal application,Account / Access / Login,Password Reset & Login Troubleshooting,App Login Troubleshooting
rvw-000671,google.com,Google Business Profile (OPENLANE),https://www.google.com/maps/reviews/data=!4m8!14m7!1m6!2m5!1sChZDSUhNMG9nS0VJQ0FnSUQxOEtucFJnEAE!2m1!1s0x0:0x7af4135fd6c841d8!3m1!1s2@1:CIHM0ogKEICAgID18KnpRg%7C%7C?hl=en,google_business_us_profile,Shane Bryan,2024-01-04,1,negative,"Signed up with Backlot cars now Openlane a few months ago. They charge a fee for an As Stated Garantee. Yet, refuse to help out when their inspection team does't state obvious vehicle defects. Have received now 2 vehicles with broken windshields. Both times I was told ""Sorry, we do not cover them. The latest vechile I recieved not only had shattered windshield, but also a shattered infotaiment screen that was clearly not photographed intentionally. I was told arbitration was denied because it turned on still. Nevermind the fact that this is a 26k vehicle, and most would expect the touch screen that controls most of the vehicle in these newer units to actually function. They charge ALL the money for transport. Most hold on to most since I also waited 3 weeks for the delivery of this last one when It was not even 100 miles away. I reached out to my rep about the status and he basically told me he would cancel it and I could have it picked up myself. Which I did at half the cost and was able to have it delivered the same day. I usually do not gamble on shipping it myself due to it taking away arbitration time. But, they deny everything so does it really matter? I would buy elsewhere, ladies and gentleman. Now if you are able to sell through them. More power to you since the inspectors only disclose what is conveinant.",Customer Service & Communication,Agent Professionalism & Responsiveness,Rude/Unhelpful Support
rvw-000672,google.com,Google Business Profile (OPENLANE),https://www.google.com/maps/reviews/data=!4m8!14m7!1m6!2m5!1sChZDSUhNMG9nS0VJQ0FnSUMxbzhXWEt3EAE!2m1!1s0x0:0x7af4135fd6c841d8!3m1!1s2@1:CIHM0ogKEICAgIC1o8WXKw%7C%7C?hl=en,google_business_us_profile,Edward Jr,2024-01-02,1,negative,"We were sold a 2017 Vovo that needed 6k worth of work and we were only credited $600 Some of these dealers they represent are crooks and they allow them screw over the good dealers.This car should have been bought back and unwinded , I never could get anyone to come to inspect it and arb guy was rude and not understanding !! Dealers BeWare !!!!!!!!!",Customer Service & Communication,Agent Professionalism & Responsiveness,Rude/Unhelpful Support
rvw-000227,apps.apple.com,"Apple App Store (1566419386, us)",https://itunes.apple.com/us/review?id=1566419386&type=Purple%20Software&reviewId=10776624470,apple_us_store,Hard Worker Transporter,2024-01-02,1,negative,I just don’t like this app all!. Complicated for no reason. Scans don’t work.,Account / Access / Login,Password Reset & Login Troubleshooting,App Login Troubleshooting
rvw-000673,google.com,Google Business Profile (OPENLANE),https://www.google.com/maps/reviews/data=!4m8!14m7!1m6!2m5!1sChdDSUhNMG9nS0VJQ0FnSUMxeHA3SjFBRRAB!2m1!1s0x0:0x7af4135fd6c841d8!3m1!1s2@1:CIHM0ogKEICAgIC1xp7J1AE%7C%7C?hl=en,google_business_us_profile,Big Sarge,2023-12-28,1,negative,"Where do you start with backlot also known as open lane. Well they will block your account when they are in the wrong selling clocked cars and not standing behind their as described guarantee. It might as well be a platform of we have anyone with a heartbeat take deceiving Craigslist photos and use their little tikes my first scanner. I for one am a disabled veteran owned business and will not be scammed by such filth. I have been around the car business since the 90s and promise I will be at the attorney generals front door with my claims. What you are doing which is very apparent by your reviews is theft by deception and grand Larson. I also was dumb enough to spend over 100,000 with them but that is my mistake. At first was a good experience but that ship sailed quickly when you call and get the same person in every department and overseas workers to deflect any real answers. See you in court and would like to invite anyone to create a class action lawsuit against them so they can feel the financial strain they put on small businesses.",Membership / Licensing / Fees & Bidding Policies,"Bidding Process, Rules and Fees",Fees
rvw-000674,google.com,Google Business Profile (OPENLANE),https://www.google.com/maps/reviews/data=!4m8!14m7!1m6!2m5!1sChZDSUhNMG9nS0VJQ0FnSUMxcktMOUlREAE!2m1!1s0x0:0x7af4135fd6c841d8!3m1!1s2@1:CIHM0ogKEICAgIC1rKL9IQ%7C%7C?hl=en,google_business_us_profile,"Geaux Jeaux Auto Sales, LLC Auto Sales",2023-12-24,1,negative,Worst place to purchase vehicles. Bought 2 had to do arbitration on both. Out $1500. Poor customer service. What a joke this place is.,Customer Service & Communication,Agent Professionalism & Responsiveness,Rude/Unhelpful Support
rvw-000675,google.com,Google Business Profile (OPENLANE),https://www.google.com/maps/reviews/data=!4m8!14m7!1m6!2m5!1sChdDSUhNMG9nS0VJQ0FnSUMxMEp5SS1RRRAB!2m1!1s0x0:0x7af4135fd6c841d8!3m1!1s2@1:CIHM0ogKEICAgIC10JyI-QE%7C%7C?hl=en,google_business_us_profile,ben h,2023-12-20,1,negative,"They falsify their inspection reports. The last few vehicles we bought from them said things like the heat worked when it didn't, and suspension was good even though it wasn't. And they will try to charge you extra for a 14-day extended guarantee which is pointless when there is still only 100-mile window for arbitration. So, if the vehicle sits for 14 days how would you know if something is wrong with it. We will not be buying our vehicles from this poorly ran business anymore and we'll let other dealers we work with to beware of this company.","Lot Condition, Listing Status and related",Third-Party Inspection Authorization & Scheduling,Previewing/ Inspecting Vehicles
rvw-000394,play.google.com,Google Play (com.nthgensoftware.traderev.android),https://play.google.com/store/apps/details?id=com.nthgensoftware.traderev.android&hl=en&gl=us,google_play_us_store,Steve Kennedy,2023-12-16,1,negative,Keeps crashing on Android,Account / Access / Login,Password Reset & Login Troubleshooting,App Login Troubleshooting
rvw-000228,play.google.com,Google Play (com.nthgensoftware.traderev.android),https://play.google.com/store/apps/details?id=com.nthgensoftware.traderev.android&hl=en&gl=us,google_play_us_store,Steve Kennedy,2023-12-15,1,negative,Keeps crashing on Android,Account / Access / Login,Password Reset & Login Troubleshooting,App Login Troubleshooting
rvw-000229,play.google.com,Google Play (com.nthgensoftware.traderev.android),https://play.google.com/store/apps/details?id=com.nthgensoftware.traderev.android&hl=en&gl=us,google_play_us_store,Morya Autos Ltd,2023-12-15,1,negative,"App keeps crashing, isn't android friendly at all",Account / Access / Login,Password Reset & Login Troubleshooting,App Login Troubleshooting
rvw-000230,apps.apple.com,"Apple App Store (1566419386, us)",https://itunes.apple.com/us/review?id=1566419386&type=Purple%20Software&reviewId=10690417191,apple_us_store,Phonostar,2023-12-13,5,positive,$$$. When you accept a load and you assign it why can’t we see the pay we agreed for that specific load,Account / Access / Login,Password Reset & Login Troubleshooting,App Login Troubleshooting
rvw-000395,play.google.com,Google Play (com.openlane.mobile.carsarriveplus),https://play.google.com/store/apps/details?id=com.openlane.mobile.carsarriveplus&hl=en&gl=us,google_play_us_store,a h,2023-12-12,5,positive,great app love using it,Account / Access / Login,Password Reset & Login Troubleshooting,App Login Troubleshooting
rvw-000676,google.com,Google Business Profile (OPENLANE),https://www.google.com/maps/reviews/data=!4m8!14m7!1m6!2m5!1sChZDSUhNMG9nS0VJQ0FnSURWNXZUQkJBEAE!2m1!1s0x0:0x7af4135fd6c841d8!3m1!1s2@1:CIHM0ogKEICAgIDV5vTBBA%7C%7C?hl=en,google_business_us_profile,Keith Weston,2023-12-12,1,negative,"Been Selling cars for 30 Years. This is the worst Auction Company we have ever dealt with. They misrepresent cars to the sellers benefit. Bought 4 vehicle in my first week using them and 3 of the 4 were junk. 1 car showed up with a sheetrock screw holding on the front bumper (No Kidding) the lower facia was crushed and both front seats had multiple burn holes in them. All photos were taken to be sure none of this damage was visible in the supplied photos. Car was listed as green light and NO ODORS. OMG, the inside is 1 of the worst smoker cars we have ever had come into the shop. Car #2 a Chevy Cruze bought as a Green light car with no codes or check engine light listed. Upon delivery, the deliver driver was caught on camera catching the exhaust on his trailer. He is actually caught SPINNER THE TIRES IN REVERSE wile hung up on the exhaust system. Did this 3 times before getting 2X4s to raise the rear wheels. Broke the exhaust manifold and turbocharger. Couple thousands dollars in damage and they said Sorry Cant Help You! Same car has an Oil Leak that will dump a half quart of oil on the ground in 30 Minutes. Also was too bad so sad. OIL LEAKs ARE NOT ABLE TO BE ARBITRATERD they said. Car #3 was a BMW. It was damaged underneath by the same delivery driver who was told we would not accept deliveries without being here to accept them and that he must call 2 hours before delivery. He never called and delivered the car while we were closed. This car also has undercarriage damage from bottoming the car out on the trailer. When we got a look at this car the rear door panel was missing on the left rear door. The window regulator was broke and there was no photos or mention of this damage. Folks Stay far far away from this company. I only wish I had done my due diligence before buying from this platform..... After I got burned I called around to the other dealers in the area to see how their experiences had been with them. I QUOTE "" We by our inventory on ACV and sell our JUNK on Backlot/Openlane ""","Lot Condition, Listing Status and related",Lot Condition Reporting,Lot Damage
rvw-000231,play.google.com,Google Play (com.openlane.mobile.carsarriveplus),https://play.google.com/store/apps/details?id=com.openlane.mobile.carsarriveplus&hl=en&gl=us,google_play_us_store,a h,2023-12-11,5,positive,great app love using it,Account / Access / Login,Password Reset & Login Troubleshooting,App Login Troubleshooting
rvw-000232,apps.apple.com,"Apple App Store (1175036411, us)",https://itunes.apple.com/us/review?id=1175036411&type=Purple%20Software&reviewId=10676464079,apple_us_store,mofasa2002,2023-12-09,1,negative,Perfect. The auction app works fine. We need to bring (vehicles expire soon) filter available on mobile phones just like website. The (deals to close) filter is not the same! Thanks,Account / Access / Login,Password Reset & Login Troubleshooting,App Login Troubleshooting
rvw-000233,play.google.com,Google Play (com.openlane.mobile.carsarriveplus),https://play.google.com/store/apps/details?id=com.openlane.mobile.carsarriveplus&hl=en&gl=us,google_play_us_store,Scott M,2023-12-08,1,negative,"This app is rather frustrating, in that it can't scan most QR codes, such as are used by GM. It struggles with a lot of other barcodes as well.",Account / Access / Login,Password Reset & Login Troubleshooting,App Login Troubleshooting
rvw-000677,google.com,Google Business Profile (OPENLANE),https://www.google.com/maps/reviews/data=!4m8!14m7!1m6!2m5!1sChdDSUhNMG9nS0VJQ0FnSURsNXRYTDlBRRAB!2m1!1s0x0:0x7af4135fd6c841d8!3m1!1s2@1:CIHM0ogKEICAgIDl5tXL9AE%7C%7C?hl=en,google_business_us_profile,Gary Weems,2023-12-01,1,negative,"My review is with the inspectors/arbitration , Openlanes gives this song and dance that they have INSPECTORS Looking at vehicles, obviously with issues we have ended up with, the inspectors are not even qualified lot porters! We have ONLY bought front line style vehicles without listed issues that need immediate repair!! Then on delivery and simple INSPECTION, half the time would be vehicles we would NEVER have purchased to start with if a true vehicle inspection was performed on the unit. Then you have to go thru arbitration and that process is no better than a drive thru hamburger joints performance, same process and employees !! So in summation Openlanes is not even a bonafide source for inspected vehicles, inspectors would not know a nice unit if it ran over them! Obviously Disgruntled Dealer !!","Lot Condition, Listing Status and related",Third-Party Inspection Authorization & Scheduling,Previewing/ Inspecting Vehicles
rvw-000234,play.google.com,Google Play (com.openlane.mobile.carsarriveplus),https://play.google.com/store/apps/details?id=com.openlane.mobile.carsarriveplus&hl=en&gl=us,google_play_us_store,Otto Nabih,2023-11-28,4,positive,Only wish they displayed the cost after load is accepted.,Membership / Licensing / Fees & Bidding Policies,"Bidding Process, Rules and Fees",Fees
rvw-000678,google.com,Google Business Profile (OPENLANE),https://www.google.com/maps/reviews/data=!4m8!14m7!1m6!2m5!1sChZDSUhNMG9nS0VJQ0FnSUNsMjdlX093EAE!2m1!1s0x0:0x7af4135fd6c841d8!3m1!1s2@1:CIHM0ogKEICAgICl27e_Ow%7C%7C?hl=en,google_business_us_profile,Brett Elmer,2023-11-27,1,negative,Company is a joke our dealership purchased 10 cars since backlot became openlane and 640 before the switch and since then 8 of them have now which had clear autocheck at checkout now have report to autocheck as frame damage reported at auction and severe damage under accident/damage. None of the vehicles were announced as structural damage but is being added to auto check after purchase. After purchasing a total of 650 cars from them in less than 2 years we will no longer make any of our purchases through them and caution sellers that cars that do not have structural damage will be marked on autocheck as structural if and buyers will be receiving unexpected structural damage reports after purchase.,"Lot Condition, Listing Status and related",Lot Condition Reporting,Lot Damage
rvw-000235,play.google.com,Google Play (com.nthgensoftware.traderev.android),https://play.google.com/store/apps/details?id=com.nthgensoftware.traderev.android&hl=en&gl=us,google_play_us_store,Andrew Fagan,2023-11-17,1,negative,App crashes 100% of the time when adjusting filters on marketplace since updating.,Account / Access / Login,Password Reset & Login Troubleshooting,App Login Troubleshooting
rvw-000679,google.com,Google Business Profile (OPENLANE),https://www.google.com/maps/reviews/data=!4m8!14m7!1m6!2m5!1sChZDSUhNMG9nS0VJQ0FnSUNsMnNQM0RREAE!2m1!1s0x0:0x7af4135fd6c841d8!3m1!1s2@1:CIHM0ogKEICAgICl2sP3DQ%7C%7C?hl=en,google_business_us_profile,Joshua Plummer,2023-11-16,1,negative,"They revoked my account for not being happy about being given 700$ to replace a transmission on a 2015 expedition. I don't have access to any of my bill of sales or tax documents so now I cannot properly file my taxes. They also burned me on 2 vehicles that I couldn't arbitrate after buying the AS described guarantee because they ""revoked"" the account so just beware they will hang you out to dry. You guys owe me my AS described Money back and I have a right a to my tax documents.",Account / Access / Login,Document Upload & Verification,Upload Troubleshooting
rvw-000680,google.com,Google Business Profile (OPENLANE),https://www.google.com/maps/reviews/data=!4m8!14m7!1m6!2m5!1sChdDSUhNMG9nS0VJQ0FnSUNseXZiNm9nRRAB!2m1!1s0x0:0x7af4135fd6c841d8!3m1!1s2@1:CIHM0ogKEICAgIClyvb6ogE%7C%7C?hl=en,google_business_us_profile,Sid Beck,2023-11-15,1,negative,I purchase a decent amount of cars off backlot. Their inspections are terrible and their arbitration is even more worthless.,"Lot Condition, Listing Status and related",Third-Party Inspection Authorization & Scheduling,Previewing/ Inspecting Vehicles
rvw-000236,apps.apple.com,"Apple App Store (1566419386, us)",https://itunes.apple.com/us/review?id=1566419386&type=Purple%20Software&reviewId=10574182975,apple_us_store,Boskyw,2023-11-11,2,negative,Problems with the app. The camera is off the template on the camera doesn’t match up with the picture of the vehicle it was confusing how to go to the next panel to highlight the damage one the panels,"Lot Condition, Listing Status and related",Lot Condition Reporting,Lot Damage
rvw-000681,google.com,Google Business Profile (OPENLANE),https://www.google.com/maps/reviews/data=!4m8!14m7!1m6!2m5!1sChZDSUhNMG9nS0VJQ0FnSURGdGItdUdBEAE!2m1!1s0x0:0x7af4135fd6c841d8!3m1!1s2@1:CIHM0ogKEICAgIDFtb-uGA%7C%7C?hl=en,google_business_us_profile,Gamze Kaya,2023-11-09,1,negative,"Our dealership bought a lot of cars here. Unfortunately the inspections have gotten worse and worse over time and lately there is absolutely ZERO standard for the inspectors. It's a shame because we love the platform and they have a few really professional and helpful employees - but they are 100% ruining it by screwing their buyers over and over again as of late. You will 100% be buying misrepresented cars with serious issues and damages if you trust their inspections - and it WILL COST YOU MONEY. We don't advise buying here until they start to have respectable, honest inspections and an arbitration policy that they actually stand by.",Customer Service & Communication,Agent Professionalism & Responsiveness,Rude/Unhelpful Support
rvw-000237,play.google.com,Google Play (com.openlane.mobile.carsarriveplus),https://play.google.com/store/apps/details?id=com.openlane.mobile.carsarriveplus&hl=en&gl=us,google_play_us_store,Alex Matlashevsky,2023-11-03,1,negative,most difficult and confusing app to use,Account / Access / Login,Password Reset & Login Troubleshooting,App Login Troubleshooting
rvw-000396,play.google.com,Google Play (com.nthgensoftware.traderev.android),https://play.google.com/store/apps/details?id=com.nthgensoftware.traderev.android&hl=en&gl=us,google_play_us_store,Farhan Ah,2023-11-03,1,negative,Keeps crashing on android,Account / Access / Login,Password Reset & Login Troubleshooting,App Login Troubleshooting
rvw-000682,google.com,Google Business Profile (OPENLANE),https://www.google.com/maps/reviews/data=!4m8!14m7!1m6!2m5!1sChdDSUhNMG9nS0VJQ0FnSUNGXzZITW53RRAB!2m1!1s0x0:0x7af4135fd6c841d8!3m1!1s2@1:CIHM0ogKEICAgICF_6HMnwE%7C%7C?hl=en,google_business_us_profile,A. Karim Zeidan,2023-11-03,1,negative,"WORST ARBITRATION POLICY. User Friendly site. Bad inspections. Be Extra careful and cautious when buying from their portal as their inspectors don't present the actual condition of the cars. I am fairly new to the portal. I bought a car that came with many undisclosed issues. I bought extended protection and the As described/Guaranteed for over $6K on all of them. I was told not to open any arbitration claim until I file all the issues in one claim. I was told by my mechanic that the car had an hidden problem that required me to put miles in order to determine. One week After I opened my claim, they declined any repairs adjustment because they have a 100 miles arbitration limit when I put 102 miles on the car (which is many miles to duplicate an issue). 100 miles limit but they don't have a buyback policy. I was not aware of this 100 miles policy and all I was told is “read our arbitration policy, it is on our website”. You will need a Good Luck to receive the car as described.","Lot Condition, Listing Status and related",Third-Party Inspection Authorization & Scheduling,Previewing/ Inspecting Vehicles
rvw-000238,play.google.com,Google Play (com.nthgensoftware.traderev.android),https://play.google.com/store/apps/details?id=com.nthgensoftware.traderev.android&hl=en&gl=us,google_play_us_store,Farhan Ah,2023-11-02,1,negative,Keeps crashing on android,Account / Access / Login,Password Reset & Login Troubleshooting,App Login Troubleshooting
rvw-000683,google.com,Google Business Profile (OPENLANE),https://www.google.com/maps/reviews/data=!4m8!14m7!1m6!2m5!1sChZDSUhNMG9nS0VJQ0FnSUQ1M2M3TWJ3EAE!2m1!1s0x0:0x7af4135fd6c841d8!3m1!1s2@1:CIHM0ogKEICAgID53c7Mbw%7C%7C?hl=en,google_business_us_profile,Mahmoud Sahipour,2023-10-27,5,positive,"Been with backlot cars for years, good cars and great customer service,",Customer Service & Communication,Agent Professionalism & Responsiveness,Helpful Support Experience
rvw-000684,google.com,Google Business Profile (OPENLANE),https://www.google.com/maps/reviews/data=!4m8!14m7!1m6!2m5!1sChZDSUhNMG9nS0VJQ0FnSUQ1dnZHZE9BEAE!2m1!1s0x0:0x7af4135fd6c841d8!3m1!1s2@1:CIHM0ogKEICAgID5vvGdOA%7C%7C?hl=en,google_business_us_profile,Ayoub Zerouali,2023-10-25,1,negative,"I’ve waited more than enough to put this review hopefully they will get better but they are getting worse and worse. Every department is in this company is a mess. They only want to force policy on you and when it’s time for them to take responsibility you will be hearing about a new policy or you won’t get any response!!!!!!!!!!! If I could give negative 5 starts, I would. Please invest your money else where and save yourself some stress.",Customer Service & Communication,Agent Professionalism & Responsiveness,Rude/Unhelpful Support
rvw-000685,google.com,Google Business Profile (OPENLANE),https://www.google.com/maps/reviews/data=!4m8!14m7!1m6!2m5!1sChZDSUhNMG9nS0VJQ0FnSUQ1dnVIU1NBEAE!2m1!1s0x0:0x7af4135fd6c841d8!3m1!1s2@1:CIHM0ogKEICAgID5vuHSSA%7C%7C?hl=en,google_business_us_profile,XS AutoLLC,2023-10-25,1,negative,"I’ve purchased 150 cars in a year with them. considering all my inventory is through them and do not care to help with this issue, is ridiculous! I Recently bought a 2017 Ford Fusion Hybrid that was disclosed as an engine issues because of whining noise. When we received it, it was really coming from the transmission and it was also jerking. In the inspection it said the transmission was under warranty. I submitted an arbitration and they don't care to cover it. The person that called me was very rude and careless. I thought my agent would help me with finding a solution, but that didn't happen either. It's very upsetting that wrongfully done Inspection and none of them care!",Customer Service & Communication,Agent Professionalism & Responsiveness,Rude/Unhelpful Support
rvw-000239,play.google.com,Google Play (com.openlane.mobile.carsarriveplus),https://play.google.com/store/apps/details?id=com.openlane.mobile.carsarriveplus&hl=en&gl=us,google_play_us_store,Joe Khan,2023-10-23,3,positive,the app is a little difficult to navigate. too complicated. not so user-friendly.,Account / Access / Login,Password Reset & Login Troubleshooting,App Login Troubleshooting
rvw-000774,apps.apple.com,"Apple App Store (1566419386, us)",https://apps.apple.com/us/app/id1566419386?see-all=reviews&platform=iphone&reviewId=10497922983,apple_us_store,Fif go oh D j FC b G D,2023-10-21,1,negative,"Hot garbage. This app, along with anything not Super Dispatch, is just a drag on time. It’s is still unable to use the flash properly. Scanning VINs is a pain at best, and when that fails you have gone from last 6 of the VIN to wanting all 17 characters to verify. There’s no need for the camera to ever not be in landscape. I could spend near an hour nit picking the flaws, but I need to go waste time typing VINs and holding my own flashlight to check in freight. Just go download Super Dispatch and do that, or even better, get rid of your app and just use theirs instead",Account / Access / Login,Password Reset & Login Troubleshooting,App Login Troubleshooting
rvw-000806,apps.apple.com,"Apple App Store (1566419386, us)",https://apps.apple.com/us/app/id1566419386?see-all=reviews&platform=iphone&reviewId=10497922983,apple_us_store,Fif go oh D j FC b G D,2023-10-21,1,negative,Hot garbage. Thank you for taking time to send a review. We appreciate the work you do for CarsArrive and we apologize for any frustrations you are experiencing with the CarsArrive+ App. We would like to hear more about the problems that you are ensuing. Please email us at carrierservices@openlane.com and someone will reach out to you. We will also forward your feedback to our development team to assess.,Customer Service & Communication,Agent Professionalism & Responsiveness,Rude/Unhelpful Support
rvw-000240,apps.apple.com,"Apple App Store (1566419386, us)",https://itunes.apple.com/us/review?id=1566419386&type=Purple%20Software&reviewId=10497922983,apple_us_store,Fif go oh D j FC b G D,2023-10-20,1,negative,"Hot garbage. This app, along with anything not Super Dispatch, is just a drag on time. It’s is still unable to use the flash properly. Scanning VINs is a pain at best, and when that fails you have gone from last 6 of the VIN to wanting all 17 characters to verify. There’s no need for the camera to ever not be in landscape. I could spend near an hour nit picking the flaws, but I need to go waste time typing VINs and holding my own flashlight to check in freight. Just go download Super Dispatch and do that, or even better, get rid of your app and just use theirs instead.",Account / Access / Login,Password Reset & Login Troubleshooting,App Login Troubleshooting
rvw-000241,play.google.com,Google Play (com.nthgensoftware.traderev.android),https://play.google.com/store/apps/details?id=com.nthgensoftware.traderev.android&hl=en&gl=us,google_play_us_store,Believe,2023-10-16,1,negative,Doesn't work well at all an Android. Keeps freezing or refusing to log in.,Account / Access / Login,Password Reset & Login Troubleshooting,App Login Troubleshooting
rvw-000426,play.google.com,Google Play (com.nthgensoftware.traderev.android),https://play.google.com/store/apps/details?id=com.nthgensoftware.traderev.android&hl=en&gl=us,google_play_us_store,P H,2023-10-16,1,negative,Doesn't work well at all an Android. Keeps freezing or refusing to log in.,Account / Access / Login,Password Reset & Login Troubleshooting,App Login Troubleshooting
rvw-000242,play.google.com,Google Play (com.openlane.mobile.carsarriveplus),https://play.google.com/store/apps/details?id=com.openlane.mobile.carsarriveplus&hl=en&gl=us,google_play_us_store,Unit Elevator,2023-10-10,1,negative,"Guys, I working with you .. but your APP is nightmare.. limited pictures, I can't mark the damage correctly. Your program doesn't allow you to do this. If I'm in a bad zone, the App doesn't work. The best program now is the Super Dispatch program. Everything is simple, works quickly and correctly. and there are never any problems","Lot Condition, Listing Status and related",Lot Condition Reporting,Lot Damage
rvw-000686,google.com,Google Business Profile (OPENLANE),https://www.google.com/maps/reviews/data=!4m8!14m7!1m6!2m5!1sChdDSUhNMG9nS0VJQ0FnSUM1bEplQm5nRRAB!2m1!1s0x0:0x7af4135fd6c841d8!3m1!1s2@1:CIHM0ogKEICAgIC5lJeBngE%7C%7C?hl=en,google_business_us_profile,Jason Nichols,2023-10-10,1,negative,I wouldn't recommend this company to no one. No one ever answers and there rules change daily. We spent over 100k in cars and they screwed us over there cars are junk every dealership on my block have stopped doing buisness with them. The Arbitration department is a joke. They now blocked us on all their numbers. We have 3 cars sitting Herr with no tittle. Tried getting ahold of Justin Davis but no response I think the guy is going bankrupt and in hiding. He should definitely step in and see what his staff is doing.,Customer Service & Communication,Support Access & Response Time,Delayed Email/Phone Response
rvw-000687,google.com,Google Business Profile (OPENLANE),https://www.google.com/maps/reviews/data=!4m8!14m7!1m6!2m5!1sChZDSUhNMG9nS0VJQ0FnSUM1NUtTa1hREAE!2m1!1s0x0:0x7af4135fd6c841d8!3m1!1s2@1:CIHM0ogKEICAgIC55KSkXQ%7C%7C?hl=en,google_business_us_profile,TJ Johnson,2023-10-10,1,negative,"I’ve been a Backlotcars customer for years and have purchased over 100 vehicles from them. I recently purchased a 2016 Chevy Tahoe for nearly $17,000. In the condition report the paint is shown as being in good condition and the inspector marked it as being in good condition. Upon receiving the vehicle we found that the clear coat on the entire vehicle is completely faded. We open an arbitration case and I notified my account rep Bethany immediately. Bethany advised it was nothing she could do and arbitration denied the claim. She agreed that the paint was misrepresented in both the photos and description, but refuses to offer any assistance. If the vehicle was accurately described it would’ve sold for much less. This will be my last purchase from Backlotcars.","Lot Condition, Listing Status and related",Lot Condition Reporting,Lot Damage
rvw-000243,play.google.com,Google Play (com.nthgensoftware.traderev.android),https://play.google.com/store/apps/details?id=com.nthgensoftware.traderev.android&hl=en&gl=us,google_play_us_store,N Dolic,2023-10-07,1,negative,This went downhill fast. The app is a dumpster and the staff is clueless and don't speak English. Their screw-ups cost us unnecessary experiences,Customer Service & Communication,Agent Professionalism & Responsiveness,Rude/Unhelpful Support
rvw-000688,google.com,Google Business Profile (OPENLANE),https://www.google.com/maps/reviews/data=!4m8!14m7!1m6!2m5!1sChdDSUhNMG9nS0VJQ0FnSURaeWU2V3BRRRAB!2m1!1s0x0:0x7af4135fd6c841d8!3m1!1s2@1:CIHM0ogKEICAgIDZye6WpQE%7C%7C?hl=en,google_business_us_profile,John McGlory,2023-10-03,1,negative,I can say hands down the site and app are user friendly. Easy to add or change bank accounts. I’m really sad to see TradeRev got taken over by this… not the same auction style. Sellers take sweet time responding to offers on vehicle sometime weeks. The inspections are not done even close to throughly. Got multiple cars with multiple issues and with no way to arbitrate. Arbitration policy is very slim and will deny almost every claim. One vehicle I had showed only a rear end accident but had every single body panel bondo and repainted. No headlamp enclosures were original and frame damage was present on the front and rear of vehicle. All vehicles I’ve bought here have had title delays. The last one more than 50 days. State law requires me to have it in 30 days. Apparently the selling dealer never paid the lien on the vehicle until day 27… That is really bad. This problem should be addressed fast. Customer service is horrible. Made contact several times to address title issues and it was ignored for more than 2 weeks. I didn’t even want to but had to threaten legal action just to get answers… I don’t know if BLC is understaffed or what is going on but it shouldn’t take escalated response to find out what’s going on with titles. I don’t think I will ever be back to this auction again… not worth the headache. The only “solutions” they gave me was returning the car or paying for the car at full cost with absolutely no compensation after waiting nearly 50 calendar days for title. More than $500 worth of work was put into this vehicle. Even worse they took days to pick this vehicle up and remove it from my lot.,Customer Service & Communication,Case Resolution Quality,Escalation Required
rvw-000689,google.com,Google Business Profile (OPENLANE),https://www.google.com/maps/reviews/data=!4m8!14m7!1m6!2m5!1sChdDSUhNMG9nS0VJQ0FnSURaa1pfTGh3RRAB!2m1!1s0x0:0x7af4135fd6c841d8!3m1!1s2@1:CIHM0ogKEICAgIDZkZ_LhwE%7C%7C?hl=en,google_business_us_profile,Rick Valchar,2023-10-03,5,positive,"I’m so glad to have found a company to buy my inventory from that’s (Transparent) in each vehicle they sell! The staff and inspectors are top notch, along with the ease of the whole process from (Bidding to Delivery) of your purchased vehicle! I look forward to doing my business with your company in the future!",Customer Service & Communication,Agent Professionalism & Responsiveness,Helpful Support Experience
rvw-000244,play.google.com,Google Play (com.nthgensoftware.traderev.android),https://play.google.com/store/apps/details?id=com.nthgensoftware.traderev.android&hl=en&gl=us,google_play_us_store,Rahul Patel,2023-10-02,1,negative,App keeps crashing. Can't view cars as multiple errors come up. The car list always always goes back up to the top if you want to view a car in detail. Very annoying app for android.,"Vehicle Pickup, Delivery and Scheduling",Delivery Coordination & Handoffs,Delivery Status and ETA
rvw-000245,apps.apple.com,"Apple App Store (1175036411, us)",https://itunes.apple.com/us/review?id=1175036411&type=Purple%20Software&reviewId=10431965730,apple_us_store,Gmes85,2023-10-02,1,negative,"They don’t fulfill their obligations.. I bought the car, and the inspection report had no issues were pointed out that I later encountered, such as a falling off bumper and a hood that doesn’t close properly. They denied me the warranty, even though I paid for it. When a mechanic started looking into the car issue deeply, it turned out that the entire front part of the car was misaligned and needed adjustment.","Lot Condition, Listing Status and related",Third-Party Inspection Authorization & Scheduling,Previewing/ Inspecting Vehicles
rvw-000364,apps.apple.com,"Apple App Store (1175036411, us)",https://apps.apple.com/us/app/id1175036411?see-all=reviews&platform=iphone&reviewId=10431965730,apple_us_store,Gmes85,2023-10-02,1,negative,"They don’t fulfill their obligations.. I bought the car, and the inspection report had no issues were pointed out that I later encountered, such as a falling off bumper and a hood that doesn’t close properly. They denied me the warranty, even though I paid for it. When a mechanic started looking into the car issue deeply, it turned out that the entire front part of the car was misaligned and needed adjustment","Lot Condition, Listing Status and related",Third-Party Inspection Authorization & Scheduling,Previewing/ Inspecting Vehicles
rvw-000690,google.com,Google Business Profile (OPENLANE),https://www.google.com/maps/reviews/data=!4m8!14m7!1m6!2m5!1sChdDSUhNMG9nS0VJQ0FnSURaeHJfVjJnRRAB!2m1!1s0x0:0x7af4135fd6c841d8!3m1!1s2@1:CIHM0ogKEICAgIDZxr_V2gE%7C%7C?hl=en,google_business_us_profile,Russ Petersen,2023-09-29,1,negative,Arbitration department is a joke. Car arrived with an estimated $6000 in UNDISCLOSED hail damage. We were offered $500 adjustment. Then offer was upped to $1000. No where near actual cost. Was also told they NEVER cancel sales even thought it listed as an option in their Arbitration policy. We will no longer do business with this dishonorable company.,"Lot Condition, Listing Status and related",Lot Condition Reporting,Lot Damage
rvw-000775,google.com,Google Business Profile (OPENLANE),https://www.google.com/maps/reviews/data=!4m8!14m7!1m6!2m5!1sChdDSUhNMG9nS0VJQ0FnSURaeHJfVjJnRRAB!2m1!1s0x0:0x7af4135fd6c841d8!3m1!1s2@1:CIHM0ogKEICAgIDZxr_V2gE%7C%7C?hl=en,google_business_us_profile,Wyatt Renner,2023-09-29,1,negative,Arbitration department is a joke. Car arrived with an estimated $6000 in UNDISCLOSED hail damage. We were offered $500 adjustment. Then offer was upped to $1000. No where near actual cost. Was also told they NEVER cancel sales even thought it listed as an option in their Arbitration policy. We will no longer do business with this dishonorable company.,"Lot Condition, Listing Status and related",Lot Condition Reporting,Lot Damage
rvw-000246,apps.apple.com,"Apple App Store (1566419386, us)",https://itunes.apple.com/us/review?id=1566419386&type=Purple%20Software&reviewId=10421074649,apple_us_store,azikiin,2023-09-29,1,negative,this app is sooooo bad to used :(( probably app was created by amateur 🤣. bad bad app,Account / Access / Login,Password Reset & Login Troubleshooting,App Login Troubleshooting
rvw-000247,apps.apple.com,"Apple App Store (1566419386, us)",https://itunes.apple.com/us/review?id=1566419386&type=Purple%20Software&reviewId=10417203558,apple_us_store,Mr.Vanity32,2023-09-28,4,positive,Low rates. Just always really low rates on the units and there is no bidding on them to get a better rate .,Membership / Licensing / Fees & Bidding Policies,"Bidding Process, Rules and Fees",How to Bid (First Time)
rvw-000248,apps.apple.com,"Apple App Store (1566419386, us)",https://itunes.apple.com/us/review?id=1566419386&type=Purple%20Software&reviewId=10412191510,apple_us_store,cata8766,2023-09-27,5,positive,"Review. It does not specified if the vehicle is at an auction dealer or repo and wont tell you the same for destination, also wont let you cancel in case you need to",Membership / Licensing / Fees & Bidding Policies,"Bidding Process, Rules and Fees",How to Bid (First Time)
rvw-000249,apps.apple.com,"Apple App Store (1566419386, us)",https://itunes.apple.com/us/review?id=1566419386&type=Purple%20Software&reviewId=10411379587,apple_us_store,Murl Trane,2023-09-26,1,negative,Not a easy app. It’s hard to understand and use. Not much instructions with it. It does not help that cars arrive doesn’t help you with it either. The app doesn’t give you all you need and cars arrive won’t help you. I was on hold for 2 hrs. I did give my number for call back but waited 3 hrs to never get called back. There is room for improvement here as long as the tech guy stays out of it and lets blue collar tell him what we need,Customer Service & Communication,Support Access & Response Time,Long Hold Time / Hard to Reach Support
rvw-000397,play.google.com,Google Play (com.backlotcars.backlotcars),https://play.google.com/store/apps/details?id=com.backlotcars.backlotcars&hl=en&gl=us,google_play_us_store,Bret Dalton,2023-09-19,1,negative,"App makes it very difficult to look at cars. Every time I click on a car and then try to go back to the search, it scrolls all the way to the top of the list and I have to find where I was again.",Account / Access / Login,Password Reset & Login Troubleshooting,App Login Troubleshooting
rvw-000250,play.google.com,Google Play (com.backlotcars.backlotcars),https://play.google.com/store/apps/details?id=com.backlotcars.backlotcars&hl=en&gl=us,google_play_us_store,Bret Dalton,2023-09-18,1,negative,"App makes it very difficult to look at cars. Every time I click on a car and then try to go back to the search, it scrolls all the way to the top of the list and I have to find where I was again.",Account / Access / Login,Password Reset & Login Troubleshooting,App Login Troubleshooting
rvw-000691,google.com,Google Business Profile (OPENLANE),https://www.google.com/maps/reviews/data=!4m8!14m7!1m6!2m5!1sChdDSUhNMG9nS0VJQ0FnSUNadWUybzdnRRAB!2m1!1s0x0:0x7af4135fd6c841d8!3m1!1s2@1:CIHM0ogKEICAgICZue2o7gE%7C%7C?hl=en,google_business_us_profile,nour khalil,2023-09-13,1,negative,Fake auction will buy the car guranteed but once you get the car it will be junk with nothing announced and their arbitration is fake they say as described guarantee but the will scam you and not cover anything SCAM and waste of money and time they never inspect the cars and their inspectors get paid from the sellers to hide stuff on cars and get you stuck with it You guys at backlot better learn from other auctions or you will go down soon,"Lot Condition, Listing Status and related",Third-Party Inspection Authorization & Scheduling,Previewing/ Inspecting Vehicles
rvw-000692,google.com,Google Business Profile (OPENLANE),https://www.google.com/maps/reviews/data=!4m8!14m7!1m6!2m5!1sChdDSUhNMG9nS0VJQ0FnSUNabWNfRmt3RRAB!2m1!1s0x0:0x7af4135fd6c841d8!3m1!1s2@1:CIHM0ogKEICAgICZmc_FkwE%7C%7C?hl=en,google_business_us_profile,Mike Slagel,2023-09-13,5,positive,A very professional company and helpful staff. My rep Candace is the best!!!,Customer Service & Communication,Agent Professionalism & Responsiveness,Helpful Support Experience
rvw-000251,play.google.com,Google Play (com.openlane.mobile.carsarriveplus),https://play.google.com/store/apps/details?id=com.openlane.mobile.carsarriveplus&hl=en&gl=us,google_play_us_store,"Express Auto Transport, Inc",2023-09-11,1,negative,a lot of bugs and flaws in design. was not designed by car haulers.,Account / Access / Login,Password Reset & Login Troubleshooting,App Login Troubleshooting
rvw-000398,play.google.com,Google Play (com.openlane.mobile.carsarriveplus),https://play.google.com/store/apps/details?id=com.openlane.mobile.carsarriveplus&hl=en&gl=us,google_play_us_store,jackie perez,2023-09-08,1,negative,"having issues submitting paperwork, too many steps and app always freezes",Account / Access / Login,Password Reset & Login Troubleshooting,App Login Troubleshooting
rvw-000252,play.google.com,Google Play (com.openlane.mobile.carsarriveplus),https://play.google.com/store/apps/details?id=com.openlane.mobile.carsarriveplus&hl=en&gl=us,google_play_us_store,jackie perez,2023-09-07,1,negative,"having issues submitting paperwork, too many steps and app always freezes",Account / Access / Login,Password Reset & Login Troubleshooting,App Login Troubleshooting
rvw-000693,google.com,Google Business Profile (OPENLANE),https://www.google.com/maps/reviews/data=!4m8!14m7!1m6!2m5!1sChZDSUhNMG9nS0VJQ0FnSUNaZ3JLX0N3EAE!2m1!1s0x0:0x7af4135fd6c841d8!3m1!1s2@1:CIHM0ogKEICAgICZgrK_Cw%7C%7C?hl=en,google_business_us_profile,Credit Mundo Auto Sales,2023-09-06,5,positive,"Update: To our surprise, the auction reached out to us and promptly resolved the issue, resulting in a full refund. We are delighted with the resolution and, for the time being, they have won us back as satisfied customers.","Payment Refunds, Transaction Issues and Deposits",Refunds & Membership Billing,Deposit Refund Status
rvw-000694,google.com,Google Business Profile (OPENLANE),https://www.google.com/maps/reviews/data=!4m8!14m7!1m6!2m5!1sChZDSUhNMG9nS0VJQ0FnSURwbjQ3dEFnEAE!2m1!1s0x0:0x7af4135fd6c841d8!3m1!1s2@1:CIHM0ogKEICAgIDpn47tAg%7C%7C?hl=en,google_business_us_profile,AbSamad Masood,2023-09-01,1,negative,"Bought a car. It looked all perfect in the advertisement in the auction. As soon as I received it, I scanned it and a few serious codes were there. Took it for inspection to the franchise dealer. They recommended replacing the transmission and engine harness and estimated an 13000$ to repair it. Even though I purchased as described warranty, the arbitration didn’t care and rejected it. Spoke to the manager, very careless and telling me “ the transmission for this car is 1000$ in used market” they don’t give a damn about how much money we lose by their carelessness during the inspection and advertising the cars. The worst arbitration team.",Customer Service & Communication,Agent Professionalism & Responsiveness,Rude/Unhelpful Support
rvw-000695,google.com,Google Business Profile (OPENLANE),https://www.google.com/maps/reviews/data=!4m8!14m7!1m6!2m5!1sChdDSUhNMG9nS0VJQ0FnSURwdV9EdHpnRRAB!2m1!1s0x0:0x7af4135fd6c841d8!3m1!1s2@1:CIHM0ogKEICAgIDpu_DtzgE%7C%7C?hl=en,google_business_us_profile,DADA AUTO INC.,2023-08-29,1,negative,"Bad business,BAD MOTORS WHILE GUARANTEED AND AS DESCRIBED, desperate for sure, Arbitration is ridiculous, they start nice as a new customer then Little you know, you will be chasing them to answer phone calls ,waste of time for title issues, one car took 8 month for them to FIX and today they sold us a car with BAD ENGINE and it's as described and guaranteed,Needs an Engine .","Title, Ownership, POA and Documentation",Title Delivery & Status,Title Not Received
rvw-000399,play.google.com,Google Play (com.nthgensoftware.traderev.android),https://play.google.com/store/apps/details?id=com.nthgensoftware.traderev.android&hl=en&gl=us,google_play_us_store,Paul Buhler,2023-08-27,1,negative,"Terrible app, I thought the traderev app was bad but this is a new level. Pretty hard to do business with the app when nothing works. Hire a new developer and get this thing sorted out.",Account / Access / Login,Password Reset & Login Troubleshooting,App Login Troubleshooting
rvw-000253,play.google.com,Google Play (com.nthgensoftware.traderev.android),https://play.google.com/store/apps/details?id=com.nthgensoftware.traderev.android&hl=en&gl=us,google_play_us_store,Paul Buhler,2023-08-26,1,negative,"Terrible app, I thought the traderev app was bad but this is a new level. Pretty hard to do business with the app when nothing works. Hire a new developer and get this thing sorted out.",Account / Access / Login,Password Reset & Login Troubleshooting,App Login Troubleshooting
rvw-000696,google.com,Google Business Profile (OPENLANE),https://www.google.com/maps/reviews/data=!4m8!14m7!1m6!2m5!1sChZDSUhNMG9nS0VJQ0FnSURwOXFlV0JBEAE!2m1!1s0x0:0x7af4135fd6c841d8!3m1!1s2@1:CIHM0ogKEICAgIDp9qeWBA%7C%7C?hl=en,google_business_us_profile,gordons show,2023-08-21,1,negative,"Bought a vehicle through this platform. Huge rusted holes in frame that are obvious just looking underneath, even though they stated no issues, and took photos of non rusted areas of the frame. They stated the vehicle was test driven and suspension and brakes are fine, even though the control arm bushings are missing and the vehicle pulls hard at even low speeds and while braking. I was told nothing can be done through arbitration. Why should I be stuck with this vehicle that has a falsified inspection report? Section 9 of the buyer arbitration policy listed under Fair and Ethical Marketplace, states the sale can be cancelled if the transaction is unfair. My arbitration was declined in a 2 minute phone call without them even asking for photos or proof. Posted by Gordons Truck Sales LLC. *edit* So lets fast forward six months since this review. They call and ask what they can do to earn my business back. Simple, refund me the price of the broken frame vehicle you lied about to sell. They state they will give me a five hundred dollar buy credit. No thanks, keep your money and junk cars. Furthermore, I will not and have not used any company owed or affiliated with open lane. This includes any auctions, floor plan companies etc. You falsify your inspection reports to push units. When you rip off a small family business like mine, you take food from my family's mouth all in the name of corporate greed. And this happened more than once. Since I quit working with this company, I have realized more profits and less hassle in my business. If you value or business that you have worked very hard to build, avoid open lane and any of its other companies.","Lot Condition, Listing Status and related",Third-Party Inspection Authorization & Scheduling,Previewing/ Inspecting Vehicles
rvw-000254,play.google.com,Google Play (com.backlotcars.backlotcars),https://play.google.com/store/apps/details?id=com.backlotcars.backlotcars&hl=en&gl=us,google_play_us_store,john mccauley,2023-08-19,1,negative,Just states error when I try to login. I can login with browser but no using this app.,Account / Access / Login,Password Reset & Login Troubleshooting,App Login Troubleshooting
rvw-000255,play.google.com,Google Play (com.nthgensoftware.traderev.android),https://play.google.com/store/apps/details?id=com.nthgensoftware.traderev.android&hl=en&gl=us,google_play_us_store,Geoff Walton,2023-08-19,1,negative,App does not work correctly. It's like they didn't want it to work on your phone. Not even functional in its current state.,Account / Access / Login,Password Reset & Login Troubleshooting,App Login Troubleshooting
rvw-000256,apps.apple.com,"Apple App Store (1186571028, us)",https://itunes.apple.com/us/review?id=1186571028&type=Purple%20Software&reviewId=10273650041,apple_us_store,ViktorCS,2023-08-18,4,positive,"Update- IPhone 14 Pro Max. Active inspection specialist. I’m upgrading my phone and got one from a friend of mine for a test run, and I have to be almost a foot away from the ViN to scan it. Vs my old iPhone 12, I can vary between 1in to 6in away and it will be clear and scan just fine. Just hoping for an update that fixes the “auto focus” in the app for these newer iPhones to be used for inspecting. Thank you!!","Lot Condition, Listing Status and related",Third-Party Inspection Authorization & Scheduling,Previewing/ Inspecting Vehicles
rvw-000257,play.google.com,Google Play (com.backlotcars.backlotcars),https://play.google.com/store/apps/details?id=com.backlotcars.backlotcars&hl=en&gl=us,google_play_us_store,Travis Griffis,2023-08-16,1,negative,"In app the search filter options do not work. You narrow down location it shows vehicles all over. You narrow down price it shows all price ranges etc. Very buggy very difficult to use. The only times I've ever used it to bid, resulted in negative experiences such as my bid being canceled and being outbid for something I should've been the top bidder for.",Account / Access / Login,Password Reset & Login Troubleshooting,App Login Troubleshooting
rvw-000697,google.com,Google Business Profile (OPENLANE),https://www.google.com/maps/reviews/data=!4m8!14m7!1m6!2m5!1sChdDSUhNMG9nS0VJQ0FnSUNwajZIRDJBRRAB!2m1!1s0x0:0x7af4135fd6c841d8!3m1!1s2@1:CIHM0ogKEICAgICpj6HD2AE%7C%7C?hl=en,google_business_us_profile,Hassen Abasha,2023-08-12,1,negative,"Having had the experience of purchasing over 20 cars from them, I approached them with the expectation of a seamless transaction. Unfortunately, this was not the case. **Sales Process**: My interaction with the sales representative was relatively smooth, and the sale was made without much hassle. However, the checkout process was less than satisfactory. Contrary to my usual method of payment through ACH, the sales rep processed my payment using AFC. **Post-Sale Communication**: Recognizing the error, I reached out to my account manager multiple times. After persistent efforts, I was informed that the use of AFC was a mistake on their end. I was assured of a reimbursement and that the issue would be escalated for a more in-depth resolution. Despite the assurance, it's been over three weeks, and I've neither been reimbursed nor received the car's title. To add to the dismay, I continue to accrue interest because of the AFC payment. **Vehicle Description Discrepancy**: My trust was further eroded when I realized that the car's online description did not align with its actual condition. It appears there was a lapse in the inspection process, leading me to make a purchase based on inaccurate information. **Customer Service Concerns**: My recent attempts to communicate with the account manager have been futile, leaving me feeling overlooked.I call my account manager 3 days back to back no respond Furthermore, my interactions with the arbitration department have been perplexing, making it challenging to predict any potential outcomes. To compound the frustration, a recent call to their customer service revealed that there might be some lack of transparency. I could hear discussions in the background directing the representative on how to address my concerns. In conclusion, whilethey might have a reputable standing in the industry, my personal experience was less than commendable. I'd advise potential customers to approach with caution and ensure thorough communication at every stage of their transaction.",Customer Service & Communication,Case Resolution Quality,Escalation Required
rvw-000400,play.google.com,Google Play (com.backlotcars.backlotcars),https://play.google.com/store/apps/details?id=com.backlotcars.backlotcars&hl=en&gl=us,google_play_us_store,Jay Hohlfeld,2023-08-11,2,negative,Watch out for police changes that you have to agree to immediately or can not continue to the app. The company is looking for new ways to get buyers to pay more money. Back button always wants you to sign out that is annoying also.,Account / Access / Login,Password Reset & Login Troubleshooting,App Login Troubleshooting
rvw-000698,google.com,Google Business Profile (OPENLANE),https://www.google.com/maps/reviews/data=!4m8!14m7!1m6!2m5!1sChdDSUhNMG9nS0VJQ0FnSUNwNTRYM3FBRRAB!2m1!1s0x0:0x7af4135fd6c841d8!3m1!1s2@1:CIHM0ogKEICAgICp54X3qAE%7C%7C?hl=en,google_business_us_profile,Sami Azzeh,2023-08-11,1,negative,"I’ve been a member I’m buying cars from Backlot for the past 4 years back then customer service was the best now and they got bigger they have the worst customer service I bought a car back in December 2013 Volkswagen Passat I have been calling them for the last two months for my title, which is I have not received every day they will be telling me we will contact the seller and find out what’s going on and then will call you back they never dead so I can give them below one star I would",Customer Service & Communication,Agent Professionalism & Responsiveness,Rude/Unhelpful Support
rvw-000258,play.google.com,Google Play (com.backlotcars.backlotcars),https://play.google.com/store/apps/details?id=com.backlotcars.backlotcars&hl=en&gl=us,google_play_us_store,Jay Hohlfeld,2023-08-10,2,negative,Watch out for police changes that you have to agree to immediately or can not continue to the app. The company is looking for new ways to get buyers to pay more money. Back button always wants you to sign out that is annoying also.,Account / Access / Login,Password Reset & Login Troubleshooting,App Login Troubleshooting
rvw-000259,play.google.com,Google Play (com.openlane.mobile.carsarriveplus),https://play.google.com/store/apps/details?id=com.openlane.mobile.carsarriveplus&hl=en&gl=us,google_play_us_store,Mike Romo,2023-08-10,1,negative,if would be alot better if it would be able to scan just the vin#. alot of times we have to punch it manually and it take like 20min just to confirm vin#. letiimg us transporters do more loads. and it take alot of out time specially when repo yards open from a certain to a certain time. and we lose loads. alot of repo yards give sometime windows of 2hrs only when we have to punch 17 vin#. we lose loads and our eta look bad.,"Vehicle Pickup, Delivery and Scheduling",Delivery Coordination & Handoffs,Delivery Status and ETA
rvw-000260,play.google.com,Google Play (com.openlane.mobile.carsarriveplus),https://play.google.com/store/apps/details?id=com.openlane.mobile.carsarriveplus&hl=en&gl=us,google_play_us_store,Rian Wilson,2023-08-10,2,negative,show lower price on app than website and will not show all units available.,Account / Access / Login,Password Reset & Login Troubleshooting,App Login Troubleshooting
rvw-000699,google.com,Google Business Profile (OPENLANE),https://www.google.com/maps/reviews/data=!4m8!14m7!1m6!2m5!1sChZDSUhNMG9nS0VJQ0FnSUNwbTRia1FnEAE!2m1!1s0x0:0x7af4135fd6c841d8!3m1!1s2@1:CIHM0ogKEICAgICpm4bkQg%7C%7C?hl=en,google_business_us_profile,Brandon Arnold,2023-08-10,1,negative,Dealers list there junk on there. The inspectors are useless. Don’t waste your time buying you’ll regret it. End of story.,"Lot Condition, Listing Status and related",Third-Party Inspection Authorization & Scheduling,Previewing/ Inspecting Vehicles
rvw-000261,play.google.com,Google Play (com.openlane.mobile.carsarriveplus),https://play.google.com/store/apps/details?id=com.openlane.mobile.carsarriveplus&hl=en&gl=us,google_play_us_store,Taha Mousa,2023-08-08,5,positive,Very easy to use and one of the best apps currently on the auto hauling app.,Account / Access / Login,Password Reset & Login Troubleshooting,App Login Troubleshooting
rvw-000262,apps.apple.com,"Apple App Store (1566419386, us)",https://itunes.apple.com/us/review?id=1566419386&type=Purple%20Software&reviewId=10234779509,apple_us_store,Oleganator1,2023-08-08,1,negative,"Useless App. What a waste of driver’s time… why can’t you all just use Super Dispatch like every other good company does, not only it’s frustrating for the fact that a driver got to use two apps but your apps don’t work half of the time. Everyone already switched to super dispatch quick and easy way to do things, no they got to be special inconsiderate selfish pricks to create problems for the people they work with. You should be ashamed of yourselves as I am sure you spouses are if you even have one, probably not cause no decent man or woman would want to be with such inconsiderate selfish people… hopefully it hits home for those in charge and they actually ask people they work with what would be a good way to do this instead of just pushing their selfish agenda onto people… if you have a way not use this app don’t waste your time…",Membership / Licensing / Fees & Bidding Policies,"Bidding Process, Rules and Fees",Fees
rvw-000263,play.google.com,Google Play (com.nthgensoftware.traderev.android),https://play.google.com/store/apps/details?id=com.nthgensoftware.traderev.android&hl=en&gl=us,google_play_us_store,Natasha Larsen,2023-08-03,1,negative,"Update: new app- oh it will work right? Wrong. Same thing. I can't even open the app. It's not android friendly, when it does work- I can't scan Vins in the door to park a car. Horrible app",Account / Access / Login,Password Reset & Login Troubleshooting,App Login Troubleshooting
rvw-000700,google.com,Google Business Profile (OPENLANE),https://www.google.com/maps/reviews/data=!4m8!14m7!1m6!2m5!1sChdDSUhNMG9nS0VJQ0FnSUNweHFPWXJ3RRAB!2m1!1s0x0:0x7af4135fd6c841d8!3m1!1s2@1:CIHM0ogKEICAgICpxqOYrwE%7C%7C?hl=en,google_business_us_profile,Ziya Uzunoz,2023-08-02,1,negative,"Alert!! Their arbitration , as described guarantee and customer service is mess. They are biggest scam on online auction platform.",Customer Service & Communication,Agent Professionalism & Responsiveness,Rude/Unhelpful Support
rvw-000701,google.com,Google Business Profile (OPENLANE),https://www.google.com/maps/reviews/data=!4m8!14m7!1m6!2m5!1sChZDSUhNMG9nS0VJQ0FnSUNwNnA2TkZnEAE!2m1!1s0x0:0x7af4135fd6c841d8!3m1!1s2@1:CIHM0ogKEICAgICp6p6NFg%7C%7C?hl=en,google_business_us_profile,3D Auto Sales,2023-08-01,4,positive,Backlot team reached back to me and got issue handled well.,Customer Service & Communication,Agent Professionalism & Responsiveness,Helpful Support Experience
rvw-000702,google.com,Google Business Profile (OPENLANE),https://www.google.com/maps/reviews/data=!4m8!14m7!1m6!2m5!1sChZDSUhNMG9nS0VJQ0FnSUNwMUxyYWNBEAE!2m1!1s0x0:0x7af4135fd6c841d8!3m1!1s2@1:CIHM0ogKEICAgICp1LracA%7C%7C?hl=en,google_business_us_profile,Talal Rehan,2023-07-29,1,negative,"ALERT‼️ This company is the biggest scam in the car industry. They just charged our bank for $3500 for absolutely nothing, we haven’t bought we haven’t sold any cars with them for 6 months because of their shady actions. At one point We were big in buying and selling with them.",Membership / Licensing / Fees & Bidding Policies,"Bidding Process, Rules and Fees",Fees
rvw-000703,google.com,Google Business Profile (OPENLANE),https://www.google.com/maps/reviews/data=!4m8!14m7!1m6!2m5!1sChdDSUhNMG9nS0VJQ0FnSUNwMExEdmt3RRAB!2m1!1s0x0:0x7af4135fd6c841d8!3m1!1s2@1:CIHM0ogKEICAgICp0LDvkwE%7C%7C?hl=en,google_business_us_profile,F Scot,2023-07-27,1,negative,"Without a doubt, THE WORST ONLINE DEALER PLATFORM OUT THERE, I've bought nearly 50 cars from these crooks, Shame on me! They have the worst arbitration ethics of anyone. Time after time they screw me. Yes Ive won a couple arguments but they continue to screw myself and other dealers time after time for legitment arbitration claims. If you pay for an AS DESCRIBED FEE it doesnt matter, I personally feel a class action lawsuit coming for this company soon, RUN, go to any other platform you can, its only a matter of time before you're screwed as well. I promise you. Horrible business ethics. You may get lucky a couple of times but I promise you your luck will run out quickly, This coming from a 26 year veteran in the business, RUN",Membership / Licensing / Fees & Bidding Policies,"Bidding Process, Rules and Fees",Fees
rvw-000401,play.google.com,Google Play (com.backlotcars.backlotcars),https://play.google.com/store/apps/details?id=com.backlotcars.backlotcars&hl=en&gl=us,google_play_us_store,Brian,2023-07-25,1,negative,"Doesn't get past the ""splash"" screen for a couple of months already. That makes it hard for me to bid on cars, not a good thing for an auction.",Membership / Licensing / Fees & Bidding Policies,"Bidding Process, Rules and Fees",Fees
rvw-000264,play.google.com,Google Play (com.backlotcars.backlotcars),https://play.google.com/store/apps/details?id=com.backlotcars.backlotcars&hl=en&gl=us,google_play_us_store,Brian,2023-07-24,1,negative,"Doesn't get past the ""splash"" screen for a couple of months already. That makes it hard for me to bid on cars, not a good thing for an auction.",Membership / Licensing / Fees & Bidding Policies,"Bidding Process, Rules and Fees",Fees
rvw-000265,play.google.com,Google Play (com.nthgensoftware.traderev.android),https://play.google.com/store/apps/details?id=com.nthgensoftware.traderev.android&hl=en&gl=us,google_play_us_store,Nakul Sharma,2023-07-24,1,negative,"Quite simply the most non user friendly app. Since they updated it from Traderev, the layout is small, unreadable and there is major lag while using the app.",Account / Access / Login,Password Reset & Login Troubleshooting,App Login Troubleshooting
rvw-000402,play.google.com,Google Play (com.nthgensoftware.traderev.android),https://play.google.com/store/apps/details?id=com.nthgensoftware.traderev.android&hl=en&gl=us,google_play_us_store,Auto District,2023-07-24,1,negative,"Absolutely disaster. So many bugs and glitches that more than 90% of the time it fails to deliver what it is meant for. They ruined all the traderev experience. In this AI world, they need to ramp up the game big big time. Absolutely JOKE !!",Account / Access / Login,Password Reset & Login Troubleshooting,App Login Troubleshooting
rvw-000266,play.google.com,Google Play (com.nthgensoftware.traderev.android),https://play.google.com/store/apps/details?id=com.nthgensoftware.traderev.android&hl=en&gl=us,google_play_us_store,Auto District,2023-07-23,1,negative,"Absolutely disaster. So many bugs and glitches that more than 90% of the time it fails to deliver what it is meant for. They ruined all the traderev experience. In this AI world, they need to ramp up the game big big time. Absolutely JOKE !!",Account / Access / Login,Password Reset & Login Troubleshooting,App Login Troubleshooting
rvw-000267,play.google.com,Google Play (com.nthgensoftware.traderev.android),https://play.google.com/store/apps/details?id=com.nthgensoftware.traderev.android&hl=en&gl=us,google_play_us_store,Connor Jacobs,2023-07-20,1,negative,"Absolute embarrassment. You took a completely stable and usable platform with TradeRev and completely crippled it making it less user friendly and unstable. Continuous crashes, bugs, and glitches on every use. If your intent was to have users try other platforms such as Eblock, then you succeeded perfectly. I am a long time android user and this is by far the worst revision and app I have used. Each iteration becomes more bloated and slow to load vehicle detail pages.","Vehicle Pickup, Delivery and Scheduling",Delivery Coordination & Handoffs,Delivery Status and ETA
rvw-000704,google.com,Google Business Profile (OPENLANE),https://www.google.com/maps/reviews/data=!4m8!14m7!1m6!2m5!1sChdDSUhNMG9nS0VJQ0FnSURKcFo2b3ZnRRAB!2m1!1s0x0:0x7af4135fd6c841d8!3m1!1s2@1:CIHM0ogKEICAgIDJpZ6ovgE%7C%7C?hl=en,google_business_us_profile,Stephen Ward,2023-07-20,5,positive,"This is Steve, Maximus Auto. If I could ,I would give Bethany a 10 out of 10. She is very personable, and has been always extremely helpful with any questions or problems we have had. She is veryknowledgeable, and knows where and how to get answers and resolution to any issues we may have. She is definitely a great asset to BacklotCars.",Customer Service & Communication,Agent Professionalism & Responsiveness,Helpful Support Experience
rvw-000268,play.google.com,Google Play (com.nthgensoftware.traderev.android),https://play.google.com/store/apps/details?id=com.nthgensoftware.traderev.android&hl=en&gl=us,google_play_us_store,Twisted Brother Chasing,2023-07-18,1,negative,The new OpenLane is a terrible platform. Took a very good app (TradeRev) and destroyed it basically. Very obvious they never consulted any heavy users as they removed so many features that were used daily. Been a month since the launch and not one thing has been fixed. Do not recommend,Account / Access / Login,Password Reset & Login Troubleshooting,App Login Troubleshooting
rvw-000403,play.google.com,Google Play (com.backlotcars.backlotcars),https://play.google.com/store/apps/details?id=com.backlotcars.backlotcars&hl=en&gl=us,google_play_us_store,bryan chapman,2023-07-18,1,negative,Keeps crashing. First time downloaded.,Account / Access / Login,Password Reset & Login Troubleshooting,App Login Troubleshooting
rvw-000705,google.com,Google Business Profile (OPENLANE),https://www.google.com/maps/reviews/data=!4m8!14m7!1m6!2m5!1sChZDSUhNMG9nS0VJQ0FnSURKNGFtdktBEAE!2m1!1s0x0:0x7af4135fd6c841d8!3m1!1s2@1:CIHM0ogKEICAgIDJ4amvKA%7C%7C?hl=en,google_business_us_profile,ulices,2023-07-18,1,negative,"this company is trash. When it comes to arbitration process, its a joke. this company is fradulent and I hope they get sued because i will definitely be part of the class action lawsuit. their reps are so unprofessional and do not care to even attempt to help even though their ""inspectors"" obviously con people into buying vehicles through their "" professional"" descriptions. Its obvious to me that their inspectors are just people applying for a job they need, not sure they are even versed in automotive technology. dealers be careful, even their title delivery process is a joke.",Customer Service & Communication,Agent Professionalism & Responsiveness,Rude/Unhelpful Support
rvw-000269,play.google.com,Google Play (com.backlotcars.backlotcars),https://play.google.com/store/apps/details?id=com.backlotcars.backlotcars&hl=en&gl=us,google_play_us_store,bryan chapman,2023-07-17,1,negative,Keeps crashing. First time downloaded.,Account / Access / Login,Password Reset & Login Troubleshooting,App Login Troubleshooting
rvw-000270,play.google.com,Google Play (com.nthgensoftware.traderev.android),https://play.google.com/store/apps/details?id=com.nthgensoftware.traderev.android&hl=en&gl=us,google_play_us_store,Jorge Solorzano,2023-07-15,1,negative,Worst app in the history of apps. Should have left things as they were or test for months before launching. This app is hurting both buyers and sellers. Need to support another auction it looks like.,Customer Service & Communication,Agent Professionalism & Responsiveness,Rude/Unhelpful Support
rvw-000271,play.google.com,Google Play (com.openlane.mobile.carsarriveplus),https://play.google.com/store/apps/details?id=com.openlane.mobile.carsarriveplus&hl=en&gl=us,google_play_us_store,Brad Mayher,2023-07-15,1,negative,most garbage app ever never accepts loads without order id you won't get 10 percent loads thank God for Central having the load id,Account / Access / Login,Password Reset & Login Troubleshooting,App Login Troubleshooting
rvw-000706,google.com,Google Business Profile (OPENLANE),https://www.google.com/maps/reviews/data=!4m8!14m7!1m6!2m5!1sChZDSUhNMG9nS0VJQ0FnSURKaXFuMFRBEAE!2m1!1s0x0:0x7af4135fd6c841d8!3m1!1s2@1:CIHM0ogKEICAgIDJiqn0TA%7C%7C?hl=en,google_business_us_profile,Abdullah,2023-07-14,1,negative,"Title arbitrations work in favor of the selling dealership. In the instance that they fail to communicate the location of a title beyond 45 days the only choice you have is to return the car with a $100 compensation or request an adjustment that can be declined by the seller with no reprecussions. This company is amazing if you are a seller because they will always favor you over the buying dealership. This is not my first experience, and will most likely not be my last. I only write this review in hopes that this policy is reviewed. *Update: no compensation was received and title was turned in after 60+ days",Customer Service & Communication,Agent Professionalism & Responsiveness,Rude/Unhelpful Support
rvw-000272,play.google.com,Google Play (com.nthgensoftware.traderev.android),https://play.google.com/store/apps/details?id=com.nthgensoftware.traderev.android&hl=en&gl=us,google_play_us_store,Jonathan Reeves,2023-07-12,1,negative,Cant use. App crashes since merge with adesa. Sucks,Account / Access / Login,Password Reset & Login Troubleshooting,App Login Troubleshooting
rvw-000707,google.com,Google Business Profile (OPENLANE),https://www.google.com/maps/reviews/data=!4m8!14m7!1m6!2m5!1sChZDSUhNMG9nS0VJQ0FnSURKM0tUZ2VBEAE!2m1!1s0x0:0x7af4135fd6c841d8!3m1!1s2@1:CIHM0ogKEICAgIDJ3KTgeA%7C%7C?hl=en,google_business_us_profile,a amal,2023-07-12,1,negative,"I deleted the app. Dont buy car from them. Believe me, You cant open title claim. They need 45 days for that and who has 45 days title policy? Just make that 365 days and tell us wait a year and still in time frame.",Account / Access / Login,Password Reset & Login Troubleshooting,App Login Troubleshooting
rvw-000273,play.google.com,Google Play (com.openlane.mobile.carsarriveplus),https://play.google.com/store/apps/details?id=com.openlane.mobile.carsarriveplus&hl=en&gl=us,google_play_us_store,L R,2023-07-11,2,negative,"Text to small , Must Redo remark damages at Delivery inspection , Marking Damages Glitchy , Random Crashes ,Android S21 Ultra.","Lot Condition, Listing Status and related",Third-Party Inspection Authorization & Scheduling,Previewing/ Inspecting Vehicles
rvw-000404,play.google.com,Google Play (com.nthgensoftware.traderev.android),https://play.google.com/store/apps/details?id=com.nthgensoftware.traderev.android&hl=en&gl=us,google_play_us_store,jack shilatos,2023-07-11,1,negative,"Absolutely no customer care, no aribitration, all their staff hiding and not helping you. Worse online auction, now that machine has bought it they literally ran it to ground, the app doesn't even work.",Customer Service & Communication,Agent Professionalism & Responsiveness,Rude/Unhelpful Support
rvw-000708,google.com,Google Business Profile (OPENLANE),https://www.google.com/maps/reviews/data=!4m8!14m7!1m6!2m5!1sChZDSUhNMG9nS0VJQ0FnSURKMUpteERnEAE!2m1!1s0x0:0x7af4135fd6c841d8!3m1!1s2@1:CIHM0ogKEICAgIDJ1JmxDg%7C%7C?hl=en,google_business_us_profile,Shawn Taschler,2023-07-11,1,negative,Bought a car and it shows up with a damaged windshield. Transport noted it when picked up but the backlot inspection that they keep raising the price of notes no windshield damage. Now they dont wanna cover it or even give a buy fee credit. Lowell was terrible at customer service threatened to hang up on me and refused to send me to a manager that could help. Spend your money at the real auctions over this place.,Customer Service & Communication,Agent Professionalism & Responsiveness,Rude/Unhelpful Support
rvw-000274,play.google.com,Google Play (com.nthgensoftware.traderev.android),https://play.google.com/store/apps/details?id=com.nthgensoftware.traderev.android&hl=en&gl=us,google_play_us_store,jack shilatos,2023-07-10,1,negative,"Absolutely no customer care, no aribitration, all their staff hiding and not helping you. Worse online auction, now that machine has bought it they literally ran it to ground, the app doesn't even work.",Customer Service & Communication,Agent Professionalism & Responsiveness,Rude/Unhelpful Support
rvw-000275,play.google.com,Google Play (com.nthgensoftware.traderev.android),https://play.google.com/store/apps/details?id=com.nthgensoftware.traderev.android&hl=en&gl=us,google_play_us_store,Mike H,2023-07-09,1,negative,"If it actually worked it would be awesome but as usual TradeRev drops the balls with another ""update"" to ruin productivity",Account / Access / Login,Password Reset & Login Troubleshooting,App Login Troubleshooting
rvw-000276,play.google.com,Google Play (com.nthgensoftware.traderev.android),https://play.google.com/store/apps/details?id=com.nthgensoftware.traderev.android&hl=en&gl=us,google_play_us_store,Gurtej Maan,2023-07-07,1,negative,"Terrible app, not working, anytime want to open, it take 30 minutes just to load",Account / Access / Login,Password Reset & Login Troubleshooting,App Login Troubleshooting
rvw-000709,google.com,Google Business Profile (OPENLANE),https://www.google.com/maps/reviews/data=!4m8!14m7!1m6!2m5!1sChdDSUhNMG9nS0VJQ0FnSUNKcDR1TnlRRRAB!2m1!1s0x0:0x7af4135fd6c841d8!3m1!1s2@1:CIHM0ogKEICAgICJp4uNyQE%7C%7C?hl=en,google_business_us_profile,Danny Mitchell,2023-07-06,1,negative,You're going to spend a lot more money than you think after purchasing these vehicles because of poor inspections!,"Lot Condition, Listing Status and related",Third-Party Inspection Authorization & Scheduling,Previewing/ Inspecting Vehicles
rvw-000710,google.com,Google Business Profile (OPENLANE),https://www.google.com/maps/reviews/data=!4m8!14m7!1m6!2m5!1sChZDSUhNMG9nS0VJQ0FnSUNKaDg3NU5REAE!2m1!1s0x0:0x7af4135fd6c841d8!3m1!1s2@1:CIHM0ogKEICAgICJh875NQ%7C%7C?hl=en,google_business_us_profile,SERGIO RAMOS,2023-07-06,1,negative,"I just want to warn all dealers doing business with backlot to becarful with this people specially if you ever use a floor plan thru them This people will report the whole usa auctions floor plans companies etc, if you make a mistake with a $500 car. they use different departments to call you, from and they don't care if you are are working with one of their departments risk department is the only one who you need to talk no other one, if not they are not going to believe you and they are going to call you a lier, and they don't care about small business situations they don't work with you, at all, so becarful people .also don't trust the descriptions of the vehicles they are selling because at the end you end up getting trash. God protect all small business who are struggling from this big corporations and God bless this person who treats you like trash Taylor.",Membership / Licensing / Fees & Bidding Policies,"Bidding Process, Rules and Fees",Fees
rvw-000277,apps.apple.com,"Apple App Store (1175036411, us)",https://itunes.apple.com/us/review?id=1175036411&type=Purple%20Software&reviewId=10111705815,apple_us_store,skdbahs,2023-07-06,4,positive,Where my hat. Good app but didn’t send me my hat,Account / Access / Login,Password Reset & Login Troubleshooting,App Login Troubleshooting
rvw-000278,play.google.com,Google Play (com.nthgensoftware.traderev.android),https://play.google.com/store/apps/details?id=com.nthgensoftware.traderev.android&hl=en&gl=us,google_play_us_store,Adrian Beltrame,2023-07-04,1,negative,"Rarely opens. When it does, it's slow and glitchy. Pure trash.",Account / Access / Login,Password Reset & Login Troubleshooting,App Login Troubleshooting
rvw-000279,play.google.com,Google Play (com.nthgensoftware.traderev.android),https://play.google.com/store/apps/details?id=com.nthgensoftware.traderev.android&hl=en&gl=us,google_play_us_store,Andrew Lindsay,2023-07-04,1,negative,"Crashes and way worse than traderev, fix this! I'm on android",Account / Access / Login,Password Reset & Login Troubleshooting,App Login Troubleshooting
rvw-000280,play.google.com,Google Play (com.nthgensoftware.traderev.android),https://play.google.com/store/apps/details?id=com.nthgensoftware.traderev.android&hl=en&gl=us,google_play_us_store,Kou S,2023-07-04,1,negative,"Since the change from Traderev, this app is not functional anymore",Account / Access / Login,Password Reset & Login Troubleshooting,App Login Troubleshooting
rvw-000711,google.com,Google Business Profile (OPENLANE),https://www.google.com/maps/reviews/data=!4m8!14m7!1m6!2m5!1sChdDSUhNMG9nS0VJQ0FnSUNKczg3cnVBRRAB!2m1!1s0x0:0x7af4135fd6c841d8!3m1!1s2@1:CIHM0ogKEICAgICJs87ruAE%7C%7C?hl=en,google_business_us_profile,3 Codes LLC Auto Sales & Repair,2023-07-04,5,positive,Started buying through OPENLANE (backlot) maybe 3 years ago n I really like them specially dealing with my account manager Greg McCray he’s the best n now I have a new account manager his name is Nick Murphy.. this guy makes you feel that you are a partner with open lane n whenever you have an issue he’s gonna find a solution for you.. Thank you guys,Customer Service & Communication,Agent Professionalism & Responsiveness,Helpful Support Experience
rvw-000281,play.google.com,Google Play (com.nthgensoftware.traderev.android),https://play.google.com/store/apps/details?id=com.nthgensoftware.traderev.android&hl=en&gl=us,google_play_us_store,Talha S,2023-07-02,1,negative,Horrible ap. Trade rev sucked. Thought open lane would've fixed the bugs. Crashes all the time. Not android friendly. Can't see my purchases . Corporate greed- now unaffordable fees for market research and basic options that were free. Not recommended. Time to move on,Membership / Licensing / Fees & Bidding Policies,"Bidding Process, Rules and Fees",Fees
rvw-000282,play.google.com,Google Play (com.nthgensoftware.traderev.android),https://play.google.com/store/apps/details?id=com.nthgensoftware.traderev.android&hl=en&gl=us,google_play_us_store,Matt D,2023-06-30,1,negative,Adesa Karglobal whatever you call yourselves. The greed is unreal. The fees are becoming unreal...Hope you choke on it. $149 for market guide??? Cold day in before I pay that. Your time will come...will enjoy watching you sink. Customer service is unusable. What a joke of a company. Lol. Prime example why corporate greed is ruining the world.,Customer Service & Communication,Agent Professionalism & Responsiveness,Rude/Unhelpful Support
rvw-000283,play.google.com,Google Play (com.nthgensoftware.traderev.android),https://play.google.com/store/apps/details?id=com.nthgensoftware.traderev.android&hl=en&gl=us,google_play_us_store,INVENTUS AUTO LEASING,2023-06-30,1,negative,Whoever the developer of the app is. You are completely useless. The app gets worst every time. No franchise filter now. Why. Just as bad as eblock now.,Account / Access / Login,Password Reset & Login Troubleshooting,App Login Troubleshooting
rvw-000284,play.google.com,Google Play (com.nthgensoftware.traderev.android),https://play.google.com/store/apps/details?id=com.nthgensoftware.traderev.android&hl=en&gl=us,google_play_us_store,Brendan Sheridan,2023-06-29,1,negative,App crashes and is NOT ANDROID FRIENDLY COME ON!!! Please fix.,Account / Access / Login,Password Reset & Login Troubleshooting,App Login Troubleshooting
rvw-000285,play.google.com,Google Play (com.openlane.mobile.carsarriveplus),https://play.google.com/store/apps/details?id=com.openlane.mobile.carsarriveplus&hl=en&gl=us,google_play_us_store,Ryan McMicken,2023-06-27,1,negative,"when making damage marks on vehicle diagram, there's a glitch and it marks the damage on the previous mark I made, not where I'm actually trying to select. I have to tap the spot like 3-5x until it finally marks the spot I'm selecting. I hope that makes sense.","Lot Condition, Listing Status and related",Lot Condition Reporting,Lot Damage
rvw-000286,play.google.com,Google Play (com.openlane.mobile.carsarriveplus),https://play.google.com/store/apps/details?id=com.openlane.mobile.carsarriveplus&hl=en&gl=us,google_play_us_store,glenn roberson,2023-06-27,1,negative,"This app is horrible if and when it works. The vin scan feature is useless forcing you to manually enter all 17 digits, Really Carsarrive? Connection and submission issues continue to plague this POS. Just straight trash.",Account / Access / Login,Password Reset & Login Troubleshooting,App Login Troubleshooting
rvw-000405,play.google.com,Google Play (com.openlane.mobile.carsarriveplus),https://play.google.com/store/apps/details?id=com.openlane.mobile.carsarriveplus&hl=en&gl=us,google_play_us_store,Towing Services,2023-06-26,1,negative,horrible app. hard to find jobs by city or zip code. Online portal works better.,Account / Access / Login,Password Reset & Login Troubleshooting,App Login Troubleshooting
rvw-000287,play.google.com,Google Play (com.openlane.mobile.carsarriveplus),https://play.google.com/store/apps/details?id=com.openlane.mobile.carsarriveplus&hl=en&gl=us,google_play_us_store,Towing Services,2023-06-25,1,negative,horrible app. hard to find jobs by city or zip code. Online portal works better.,Account / Access / Login,Password Reset & Login Troubleshooting,App Login Troubleshooting
rvw-000365,reddit.com,Reddit r/kijiji,https://www.reddit.com/r/kijiji/comments/14h7km4/openlaneadesa/,mixed_source_ok,wh314n,2023-06-23,,positive,"Openlane/Adesa I recently put up an add to sell a motorcycle and was contacted by openlane, a company that will auction my bike for me. I confirmed I can set a reserve price so there's really no down side. I have a hard time believing this is legit. Has anyone used them before or know anything about them?",Customer Service & Communication,Agent Professionalism & Responsiveness,Helpful Support Experience
rvw-000288,play.google.com,Google Play (com.nthgensoftware.traderev.android),https://play.google.com/store/apps/details?id=com.nthgensoftware.traderev.android&hl=en&gl=us,google_play_us_store,J Erwin,2023-06-23,1,negative,Not working on Android. Keeps saying server error and I cannot get into the login screen,Account / Access / Login,Password Reset & Login Troubleshooting,App Login Troubleshooting
rvw-000289,play.google.com,Google Play (com.openlane.mobile.carsarriveplus),https://play.google.com/store/apps/details?id=com.openlane.mobile.carsarriveplus&hl=en&gl=us,google_play_us_store,David Tchanturia,2023-06-23,3,positive,pick up process could be better. it's time consuming. also it crashed after inspection every time,"Lot Condition, Listing Status and related",Third-Party Inspection Authorization & Scheduling,Previewing/ Inspecting Vehicles
rvw-000290,play.google.com,Google Play (com.openlane.mobile.carsarriveplus),https://play.google.com/store/apps/details?id=com.openlane.mobile.carsarriveplus&hl=en&gl=us,google_play_us_store,aria gelina,2023-06-21,1,negative,"constant glitches and problems. ""customer service"" is ridiculously unhelpful.",Customer Service & Communication,Agent Professionalism & Responsiveness,Rude/Unhelpful Support
rvw-000712,google.com,Google Business Profile (OPENLANE),https://www.google.com/maps/reviews/data=!4m8!14m7!1m6!2m5!1sChdDSUhNMG9nS0VJQ0FnSUNKdFBPM3BRRRAB!2m1!1s0x0:0x7af4135fd6c841d8!3m1!1s2@1:CIHM0ogKEICAgICJtPO3pQE%7C%7C?hl=en,google_business_us_profile,Ramin Givi,2023-06-21,1,negative,"This Auction is an absolute No Go. Such a rude people…there’s no customer service at all…no one is at no point available if any problems…FORGET THEIR CR….JUNKS ONLY…. No response, No care…they give a f…..for customers",Customer Service & Communication,Support Access & Response Time,Delayed Email/Phone Response
rvw-000291,apps.apple.com,"Apple App Store (1566419386, us)",https://itunes.apple.com/us/review?id=1566419386&type=Purple%20Software&reviewId=10056851285,apple_us_store,dave felts,2023-06-21,1,negative,Worst app ever. Always freezes Takes forever to load Most of the time the vin scanner doesn’t work Had to submit the inspection a few times before it will actually process.,"Lot Condition, Listing Status and related",Third-Party Inspection Authorization & Scheduling,Previewing/ Inspecting Vehicles
rvw-000292,apps.apple.com,"Apple App Store (1566419386, us)",https://itunes.apple.com/us/review?id=1566419386&type=Purple%20Software&reviewId=10056812142,apple_us_store,big_toonethree,2023-06-21,4,positive,Rapid Transport. Great app I just wish you could be on loads through the app an not the website,Account / Access / Login,Password Reset & Login Troubleshooting,App Login Troubleshooting
rvw-000293,apps.apple.com,"Apple App Store (1566419386, us)",https://itunes.apple.com/us/review?id=1566419386&type=Purple%20Software&reviewId=10056230652,apple_us_store,Ericdaileyokc,2023-06-21,1,negative,"Horrible. Not user friendly, no flashlight, no qr code reader, and checking in a car the VIN has to be typed out entirely! Worst app ever, your competitors are WAY AHEAD of you guys!",Account / Access / Login,Password Reset & Login Troubleshooting,App Login Troubleshooting
rvw-000294,play.google.com,Google Play (com.nthgensoftware.traderev.android),https://play.google.com/store/apps/details?id=com.nthgensoftware.traderev.android&hl=en&gl=us,google_play_us_store,Reliable Pre Owned Cars,2023-06-20,2,negative,I have Samsung Note 20 Ultra the app doesn't work properly on it...I checked by Samsung they say it is problem of app.... Pl. Solve my problem if you can...... thanks.,Account / Access / Login,Password Reset & Login Troubleshooting,App Login Troubleshooting
rvw-000713,google.com,Google Business Profile (OPENLANE),https://www.google.com/maps/reviews/data=!4m8!14m7!1m6!2m5!1sChZDSUhNMG9nS0VJQ0FnSUNKeExUUEl3EAE!2m1!1s0x0:0x7af4135fd6c841d8!3m1!1s2@1:CIHM0ogKEICAgICJxLTPIw%7C%7C?hl=en,google_business_us_profile,Payam Isfahani,2023-06-20,1,negative,Don’t buy from this auction . The worst experience ever made ! No customer service ! No commitment ! No go !!! Don’t buy ! Don’t buy ! Do not ever buy !!!!,Customer Service & Communication,Agent Professionalism & Responsiveness,Rude/Unhelpful Support
rvw-000714,google.com,Google Business Profile (OPENLANE),https://www.google.com/maps/reviews/data=!4m8!14m7!1m6!2m5!1sChdDSUhNMG9nS0VJQ0FnSUNKeUxmSXBBRRAB!2m1!1s0x0:0x7af4135fd6c841d8!3m1!1s2@1:CIHM0ogKEICAgICJyLfIpAE%7C%7C?hl=en,google_business_us_profile,pejman faraji,2023-06-19,1,negative,The entire company is a mess. The customer service is so miserable it’s almost a joke…misrepresentation in car descriptions. The warranty they offer is a joke…consider every car AS IS and be sure cars have much more problems then description.They never get back to you and if they get back to you is because of money. They sell you cars but void the sell if they get somewhere else more money and there’s -0- commitment towards you as a customer…nothing….DONT PURCHASE CARS FROM THIS AUCTION,Customer Service & Communication,Agent Professionalism & Responsiveness,Rude/Unhelpful Support
rvw-000295,apps.apple.com,"Apple App Store (1566419386, us)",https://itunes.apple.com/us/review?id=1566419386&type=Purple%20Software&reviewId=10050688831,apple_us_store,Alex USA,2023-06-19,1,negative,App not working properly. This app it’s never working the way it should be,Account / Access / Login,Password Reset & Login Troubleshooting,App Login Troubleshooting
rvw-000715,google.com,Google Business Profile (OPENLANE),https://www.google.com/maps/reviews/data=!4m8!14m7!1m6!2m5!1sChdDSUhNMG9nS0VJQ0FnSUR4ODZtTXhRRRAB!2m1!1s0x0:0x7af4135fd6c841d8!3m1!1s2@1:CIHM0ogKEICAgIDx86mMxQE%7C%7C?hl=en,google_business_us_profile,Tommy Loftis,2023-06-14,1,negative,"Dealers beware!!!! Avoid this auction!!!! Bought 20 plus vehicles. Twice transport took over 30 days. The last purchase had an inspection that marked everything in the green when in reality was anything but. AC, 4X4, and radio are all inop. Head gaskets and exhaust manifolds are both leaking. Engine is making noise from lifters, exhaust and rod knock. ( no engine noise noted) Told me that I have 4 days for arbitration since I didn't use their transport service. In the end they did nothing and ran me around the circle for about two weeks to tell me they were gonna do nothing.","Lot Condition, Listing Status and related",Third-Party Inspection Authorization & Scheduling,Previewing/ Inspecting Vehicles
rvw-000296,apps.apple.com,"Apple App Store (1566419386, us)",https://itunes.apple.com/us/review?id=1566419386&type=Purple%20Software&reviewId=10012279382,apple_us_store,Mstislavik,2023-06-08,2,negative,LAGGING ALWAYS. Currently doing a job and when I was picking it up it takes forever to complete and now I’m trying to deliver and the load isn’t showing up once again. Just delete this and make life a little easier for us start working with SUPER DISPATCH,Account / Access / Login,Password Reset & Login Troubleshooting,App Login Troubleshooting
rvw-000716,google.com,Google Business Profile (OPENLANE),https://www.google.com/maps/reviews/data=!4m8!14m7!1m6!2m5!1sChZDSUhNMG9nS0VJQ0FnSUR4bG82Tk5REAE!2m1!1s0x0:0x7af4135fd6c841d8!3m1!1s2@1:CIHM0ogKEICAgIDxlo6NNQ%7C%7C?hl=en,google_business_us_profile,Gregory Poliseno,2023-06-07,1,negative,"If I could give 0 stars I would. I have been in business since 2008. Over the last few years I have lost thousands and thousands of dollars buying from Backlot Cars. the only company I’ve ever dealt with that makes you pay a traditional buyers fee plus an ADDITIONAL “as described” fee for arbitration rights, and when the units show up not as described, they deny your claims anyway. Customer service is a joke, arbitration is a joke, the company is a joke. But I do have to say the most comical aspect of this company is when Tyler from ""credit and risk management"" reaches out with his threats, ""your account is in default, you can no longer buy cars with us"" hahaha hey buddy I have been logged in under another account since you guys decided to ban me for a car you sold me that had NO TITLE!!!!!!!!! Now I play the message you left me over and over for our general amusement. I find it such a coincidence that my buddy also got banned because you guys burned him on an arbitration case and you didn't like what he had to say. that is your solution I guess, ban any buyers you don't agree with. you guys will run out of buyers soon enough. you guys are beyond unrepairable. you lost a buyer and a seller for life. not that it matters Carvana is going to run you into the ground soon anyway, Thank god for ACV AUCTIONS !!!!!!!!!",Customer Service & Communication,Agent Professionalism & Responsiveness,Rude/Unhelpful Support
rvw-000297,apps.apple.com,"Apple App Store (1566419386, us)",https://itunes.apple.com/us/review?id=1566419386&type=Purple%20Software&reviewId=10009483490,apple_us_store,Broadway.Towing,2023-06-07,4,positive,"Fetching data issue still there. It’s a hit or miss with the fetching data. Some vehicles load right away, others take forever and never load. Running the latest update of iOS and cars arrive version on iPhone 14 pro max.",Account / Access / Login,Password Reset & Login Troubleshooting,App Login Troubleshooting
rvw-000717,google.com,Google Business Profile (OPENLANE),https://www.google.com/maps/reviews/data=!4m8!14m7!1m6!2m5!1sChdDSUhNMG9nS0VJQ0FnSUR4LXRDTWdBRRAB!2m1!1s0x0:0x7af4135fd6c841d8!3m1!1s2@1:CIHM0ogKEICAgIDx-tCMgAE%7C%7C?hl=en,google_business_us_profile,Bashar Alela,2023-06-06,1,negative,"Backlot is becoming a corrupted company. Purchased 400+ vehicles. Inspection is becoming a joke, arbitration is super fish and shady. They will choose to take the car back and throw it on somebody else over honoring their own arbitration policy. This is a scam.","Lot Condition, Listing Status and related",Third-Party Inspection Authorization & Scheduling,Previewing/ Inspecting Vehicles
rvw-000718,google.com,Google Business Profile (OPENLANE),https://www.google.com/maps/reviews/data=!4m8!14m7!1m6!2m5!1sChdDSUhNMG9nS0VJQ0FnSUR4dXEtWDFRRRAB!2m1!1s0x0:0x7af4135fd6c841d8!3m1!1s2@1:CIHM0ogKEICAgIDxuq-X1QE%7C%7C?hl=en,google_business_us_profile,Ibrahim Ibrahim,2023-06-06,1,negative,"As a price auto agent, been with backlot for 4+ years purchased 400+ units. They were great at first but lately they’re horrible to deal with and very shady with their arbitration game. Save your money and stress",Customer Service & Communication,Agent Professionalism & Responsiveness,Rude/Unhelpful Support
rvw-000719,google.com,Google Business Profile (OPENLANE),https://www.google.com/maps/reviews/data=!4m8!14m7!1m6!2m5!1sChZDSUhNMG9nS0VJQ0FnSUR4dXBmQVJnEAE!2m1!1s0x0:0x7af4135fd6c841d8!3m1!1s2@1:CIHM0ogKEICAgIDxupfARg%7C%7C?hl=en,google_business_us_profile,Prince Auto LLC,2023-06-06,1,negative,Been backlot's customer for over 4 years purchased 400+ cars and we have 4 agents at our dealership. We came to a conclusion that Backlots Arbitration policy is corrupted and It keeps getting worse everyday. Lately you have to fight for your arbitration otherwise you'll get nickle and dimes. Its time to move on.,Customer Service & Communication,Agent Professionalism & Responsiveness,Rude/Unhelpful Support
rvw-000298,apps.apple.com,"Apple App Store (1566419386, us)",https://itunes.apple.com/us/review?id=1566419386&type=Purple%20Software&reviewId=9995018356,apple_us_store,Cidinuga,2023-06-03,4,positive,"Almost perfect.. I enjoy this app but I have several delivery inspections correctly made and they just disappear and for this reason I cannot receive my payments. I need to create a new delivery inspection and send to Carsarrive so I can be paid. When I try to open these delivery Inspections, the app keeps loading forever. It says that you delivered the vehicle but the app cannot open the delivery BOL.","Lot Condition, Listing Status and related",Third-Party Inspection Authorization & Scheduling,Previewing/ Inspecting Vehicles
rvw-000776,apps.apple.com,"Apple App Store (1566419386, us)",https://apps.apple.com/us/app/id1566419386?see-all=reviews&platform=iphone&reviewId=9995018356,apple_us_store,Cidinuga,2023-06-03,4,positive,"Almost perfect.. I enjoy this app but I have several delivery inspections correctly made and they just disappear and for this reason I cannot receive my payments. I need to create a new delivery inspection and send to Carsarrive so I can be paid. When I try to open these delivery Inspections, the app keeps loading forever. It says that you delivered the vehicle but the app cannot open the delivery BOL","Lot Condition, Listing Status and related",Third-Party Inspection Authorization & Scheduling,Previewing/ Inspecting Vehicles
rvw-000720,google.com,Google Business Profile (OPENLANE),https://www.google.com/maps/reviews/data=!4m8!14m7!1m6!2m5!1sChdDSUhNMG9nS0VJQ0FnSUR4aE4tQm1BRRAB!2m1!1s0x0:0x7af4135fd6c841d8!3m1!1s2@1:CIHM0ogKEICAgIDxhN-BmAE%7C%7C?hl=en,google_business_us_profile,ELITE IMPORTS,2023-06-01,1,negative,Dealer be aware . This is a full scam auction. Vehicles are misrepresented. You aren’t going to get anything done with arbitration. Purchased a 2017 Mercedes through their platform and it’s totally flooded. This auction doesn’t care about their reputation. See attached photos,"Lot Condition, Listing Status and related",Lot Condition Reporting,Lot Damage
rvw-000299,apps.apple.com,"Apple App Store (1566419386, us)",https://itunes.apple.com/us/review?id=1566419386&type=Purple%20Software&reviewId=9981336875,apple_us_store,jHisoFly,2023-05-30,1,negative,"Inspected loads disappear/doesn’t load. After inspection of pickup the app is supposed to update inspection and reload on app. After pickup inspection the load doesn’t load back up and update for me to do delivery inspection, causing an issue not being able to do a delivery inspection, resulting in no pay. Also, there’s other loss to be delivered so I would have to wait at the location until this is fixed in order to do an inspection n receive pay. VERY INCONVENIENT to say the least! Please fix this issue fast!!!","Lot Condition, Listing Status and related",Third-Party Inspection Authorization & Scheduling,Previewing/ Inspecting Vehicles
rvw-000300,apps.apple.com,"Apple App Store (1566419386, us)",https://itunes.apple.com/us/review?id=1566419386&type=Purple%20Software&reviewId=9973933920,apple_us_store,WakeBoarder_PR,2023-05-28,3,positive,"Thanks for adding the flashlight.. UPDATE: I previously stated that I was going to change the rate from 1 star to 3 stars if the flashlight was added. Now I can add a total of 4 stars if this request is met: Do not force us to input the full VIN #. Some vehicles do not have the VIN bar codes. If we input the last 4 digits is enough to prove we are scanning the correct vehicle. And finally to make the app 5 stars: Add the vehicle year make and model or at least the last 4 of the VIN on the first page where all loads are visible. What's visible is the load ID and we the drivers are not seeing a load ID in front of us, what we see is a vehicle with color, year, make, model and VIN #. It is very annoying having to tap on each single load ID to see if the vehicle you want to scan is that load ID, if that's not it then I we have to go back and try the next load ID. But if the VIN is visible instead of the load ID then we can find it by scrolling instead of entering on each one of the loads. Thanks.",Account / Access / Login,Password Reset & Login Troubleshooting,App Login Troubleshooting
rvw-000366,apps.apple.com,"Apple App Store (1566419386, us)",https://apps.apple.com/us/app/id1566419386?see-all=reviews&platform=iphone&reviewId=9973933920,apple_us_store,WakeBoarder_PR,2023-05-28,3,positive,"Thanks for adding the flashlight.. UPDATE: I previously stated that I was going to change the rate from 1 star to 3 stars if the flashlight was added. Now I can add a total of 4 stars if this request is met: Do not force us to input the full VIN #. Some vehicles do not have the VIN bar codes. If we input the last 4 digits is enough to prove we are scanning the correct vehicle. And finally to make the app 5 stars: Add the vehicle year make and model or at least the last 4 of the VIN on the first page where all loads are visible. What's visible is the load ID and we the drivers are not seeing a load ID in front of us, what we see is a vehicle with color, year, make, model and VIN #. It is very annoying having to tap on each single load ID to see if the vehicle you want to scan is that load ID, if that's not it then I we have to go back and try the next load ID. But if the VIN is visible instead of the load ID then we can find it by scrolling instead of entering on each one of the loads. Thanks",Account / Access / Login,Password Reset & Login Troubleshooting,App Login Troubleshooting
rvw-000721,google.com,Google Business Profile (OPENLANE),https://www.google.com/maps/reviews/data=!4m8!14m7!1m6!2m5!1sChZDSUhNMG9nS0VJQ0FnSUN4OF9HZ1lREAE!2m1!1s0x0:0x7af4135fd6c841d8!3m1!1s2@1:CIHM0ogKEICAgICx8_GgYQ%7C%7C?hl=en,google_business_us_profile,Al Mun,2023-05-25,1,negative,"These units are not checked properly prior to purchasing, I purchased a VW with prior inspection and upon paying 2 different transport drivers to pick up car due to vehicle not running (even though the inspection said it was running) unit needed a transmission. I had 3 different quotes from service shops and the estimate was around $2500-3000. I asked for a supervisor to get help on this and he was really rude and condescending towards me. After arguing about not being inspected properly they only gave me a credit of $800, so I have to fork up an extra $1700 to repair car and another $200 for the transport drivers inconvenience. Stay away from purchasing at BackLots, you get treated with disrespect and they are very rude to you. Never again will I do business with this company.",Customer Service & Communication,Agent Professionalism & Responsiveness,Rude/Unhelpful Support
rvw-000301,play.google.com,Google Play (com.openlane.mobile.carsarriveplus),https://play.google.com/store/apps/details?id=com.openlane.mobile.carsarriveplus&hl=en&gl=us,google_play_us_store,Evanderson Giancante,2023-05-24,1,negative,not good at all... Too much waste of time... Text too long To do an inspection in one car imagine 7-8 or 9 car you guys should definitely do the same as super dispatch... Super dispatch is simple and easy to work way better than carsarrive plus..,"Lot Condition, Listing Status and related",Third-Party Inspection Authorization & Scheduling,Previewing/ Inspecting Vehicles
rvw-000406,play.google.com,Google Play (com.openlane.mobile.carsarriveplus),https://play.google.com/store/apps/details?id=com.openlane.mobile.carsarriveplus&hl=en&gl=us,google_play_us_store,Harvey Adkison,2023-05-24,1,negative,the damages that are documented on the pre trip seem to not save three out of five times. and to me all the extra BS that you have to put in on both inspections just waste time they should be auto filled,"Lot Condition, Listing Status and related",Third-Party Inspection Authorization & Scheduling,Previewing/ Inspecting Vehicles
rvw-000302,play.google.com,Google Play (com.openlane.mobile.carsarriveplus),https://play.google.com/store/apps/details?id=com.openlane.mobile.carsarriveplus&hl=en&gl=us,google_play_us_store,Harvey Adkison,2023-05-23,1,negative,the damages that are documented on the pre trip seem to not save three out of five times. and to me all the extra BS that you have to put in on both inspections just waste time they should be auto filled,"Lot Condition, Listing Status and related",Third-Party Inspection Authorization & Scheduling,Previewing/ Inspecting Vehicles
rvw-000303,play.google.com,Google Play (com.openlane.mobile.carsarriveplus),https://play.google.com/store/apps/details?id=com.openlane.mobile.carsarriveplus&hl=es&gl=us,google_play_us_store,Stephanie Matos,2023-05-21,1,negative,I cant make pick up inspection,"Lot Condition, Listing Status and related",Third-Party Inspection Authorization & Scheduling,Previewing/ Inspecting Vehicles
rvw-000304,apps.apple.com,"Apple App Store (1566419386, us)",https://itunes.apple.com/us/review?id=1566419386&type=Purple%20Software&reviewId=9944373097,apple_us_store,Leo-bass,2023-05-19,1,negative,Bugs. App is not good A lot of bugs F-,Account / Access / Login,Password Reset & Login Troubleshooting,App Login Troubleshooting
rvw-000305,apps.apple.com,"Apple App Store (1566419386, us)",https://itunes.apple.com/us/review?id=1566419386&type=Purple%20Software&reviewId=9943172117,apple_us_store,Try Harder n study more,2023-05-19,2,negative,"Improvement fell short. This app is not user friendly or easy to use , maybe they can start by looking at 1Dispatch app to see how it can be improved",Account / Access / Login,Password Reset & Login Troubleshooting,App Login Troubleshooting
rvw-000722,google.com,Google Business Profile (OPENLANE),https://www.google.com/maps/reviews/data=!4m8!14m7!1m6!2m5!1sChdDSUhNMG9nS0VJQ0FnSUN4cnQ2dF93RRAB!2m1!1s0x0:0x7af4135fd6c841d8!3m1!1s2@1:CIHM0ogKEICAgICxrt6t_wE%7C%7C?hl=en,google_business_us_profile,M. Jameson,2023-05-17,1,negative,Worst online dealer auction. Terrible customer service. Rude arbitration(they don’t even know their own policy). Terrible inspections. Audio recordings subpar.,Customer Service & Communication,Agent Professionalism & Responsiveness,Rude/Unhelpful Support
rvw-000407,play.google.com,Google Play (com.openlane.mobile.carsarriveplus),https://play.google.com/store/apps/details?id=com.openlane.mobile.carsarriveplus&hl=pt&gl=us,google_play_us_store,Roisson Silva,2023-05-10,1,negative,"bad app, lives without connection",Account / Access / Login,Password Reset & Login Troubleshooting,App Login Troubleshooting
rvw-000306,play.google.com,Google Play (com.openlane.mobile.carsarriveplus),https://play.google.com/store/apps/details?id=com.openlane.mobile.carsarriveplus&hl=pt&gl=us,google_play_us_store,Roisson Silva,2023-05-09,1,negative,"bad app, lives without connection",Account / Access / Login,Password Reset & Login Troubleshooting,App Login Troubleshooting
rvw-000307,play.google.com,Google Play (com.nthgensoftware.traderev.android),https://play.google.com/store/apps/details?id=com.nthgensoftware.traderev.android&hl=en&gl=us,google_play_us_store,Shantal Stevenson,2023-05-08,1,negative,Keeps crashing and closing even after uninstalling and installing it again,Account / Access / Login,Password Reset & Login Troubleshooting,App Login Troubleshooting
rvw-000308,play.google.com,Google Play (com.nthgensoftware.traderev.android),https://play.google.com/store/apps/details?id=com.nthgensoftware.traderev.android&hl=en&gl=us,google_play_us_store,Emily Swan,2023-05-05,2,negative,The app was okay until the last update. Now it just crashes everytime we try to open it. Even after redownloading.,Account / Access / Login,Password Reset & Login Troubleshooting,App Login Troubleshooting
rvw-000723,google.com,Google Business Profile (OPENLANE),https://www.google.com/maps/reviews/data=!4m8!14m7!1m6!2m5!1sChdDSUhNMG9nS0VJQ0FnSURSLS1IVGdBRRAB!2m1!1s0x0:0x7af4135fd6c841d8!3m1!1s2@1:CIHM0ogKEICAgIDR--HTgAE%7C%7C?hl=en,google_business_us_profile,Rex Harper,2023-05-04,5,positive,I want to praise Tyler Smith. He always is right on time. Please don't assign me a different rep. He is 100% on returning my calls. I want whoever is in charge that Tyler Smith does a phenomenal job. Thank you all. Backlot cars has changed my life.,Membership / Licensing / Fees & Bidding Policies,"Bidding Process, Rules and Fees",Fees
rvw-000309,play.google.com,Google Play (com.openlane.mobile.carsarriveplus),https://play.google.com/store/apps/details?id=com.openlane.mobile.carsarriveplus&hl=en&gl=us,google_play_us_store,rick peterson,2023-05-01,1,negative,very slow. old app was awesome. I hate hauling for carsarrive because of new app,Account / Access / Login,Password Reset & Login Troubleshooting,App Login Troubleshooting
rvw-000310,apps.apple.com,"Apple App Store (1566419386, us)",https://itunes.apple.com/us/review?id=1566419386&type=Purple%20Software&reviewId=9871441349,apple_us_store,Go F$&@ your mother,2023-04-28,1,negative,Horrible. You’re lucky if it scans a vin. The damage options barley go where you mark them. The camera locks up frequently. I waste more time trying to complete orders than any other transport app.,"Lot Condition, Listing Status and related",Lot Condition Reporting,Lot Damage
rvw-000724,google.com,Google Business Profile (OPENLANE),https://www.google.com/maps/reviews/data=!4m8!14m7!1m6!2m5!1sChdDSUhNMG9nS0VJQ0FnSURSa2UtYjl3RRAB!2m1!1s0x0:0x7af4135fd6c841d8!3m1!1s2@1:CIHM0ogKEICAgIDRke-b9wE%7C%7C?hl=en,google_business_us_profile,David Shaw,2023-04-27,4,positive,"The car buying experience is great the deliveries are convenient. My only complaint is communication. Trying to get ahold of some of the departments, not so easy!",Customer Service & Communication,Support Access & Response Time,Long Hold Time / Hard to Reach Support
rvw-000311,play.google.com,Google Play (com.openlane.mobile.carsarriveplus),https://play.google.com/store/apps/details?id=com.openlane.mobile.carsarriveplus&hl=en&gl=us,google_play_us_store,Jose Andrade,2023-04-25,1,negative,As a car hauler this is by far the worst app I work with. It is not user friendly its a very slow loading process and delivery is a pain. This app crashes alot and you have to start all over again. I wish I could give you zero stars.,Account / Access / Login,Password Reset & Login Troubleshooting,App Login Troubleshooting
rvw-000312,play.google.com,Google Play (com.openlane.mobile.carsarriveplus),https://play.google.com/store/apps/details?id=com.openlane.mobile.carsarriveplus&hl=en&gl=us,google_play_us_store,jesse may,2023-04-25,3,positive,"App only works part of the time,when it does work,it works well except vin# entry , app looses signal quite frequently!",Account / Access / Login,Password Reset & Login Troubleshooting,App Login Troubleshooting
rvw-000313,apps.apple.com,"Apple App Store (1566419386, us)",https://itunes.apple.com/us/review?id=1566419386&type=Purple%20Software&reviewId=9852324984,apple_us_store,SRTMTAT,2023-04-23,1,negative,TERRIBLE. Terrible worst poor time consuming there's always something wrong or not working properly on app it's worst app ever,Account / Access / Login,Password Reset & Login Troubleshooting,App Login Troubleshooting
rvw-000314,play.google.com,Google Play (com.openlane.mobile.carsarriveplus),https://play.google.com/store/apps/details?id=com.openlane.mobile.carsarriveplus&hl=en&gl=us,google_play_us_store,Eric Castaneda,2023-04-21,1,negative,wish all brokers and will only stick to one app wich is super dispatch,Account / Access / Login,Password Reset & Login Troubleshooting,App Login Troubleshooting
rvw-000725,google.com,Google Business Profile (OPENLANE),https://www.google.com/maps/reviews/data=!4m8!14m7!1m6!2m5!1sChdDSUhNMG9nS0VJQ0FnSURSN0phcmtRRRAB!2m1!1s0x0:0x7af4135fd6c841d8!3m1!1s2@1:CIHM0ogKEICAgIDR7JarkQE%7C%7C?hl=en,google_business_us_profile,Skyler Wilmesher,2023-04-19,1,negative,I’ve been with backlot for over 3 years and have bought roughly 200 plus vehicles from them. Just bought a 2001 F350 7.3 from backlot their inspector checked it out and said everything was fine on the truck. Seller even stated it was their personal unit and it was in good shape. It got delivered this morning and there’s roughly a foot long crack from the bottom of the transmission case to the top. Backlot claims their policy only covers the transmission if it has troubles shifting. So since it’s currently shifting okay the giant crack in the side of the transmission doesn’t matter. As if it’s not going to just come apart at anytime. Don’s Used Cars will no longer be buying anything from backlot cars unless this problem is resolved.,"Lot Condition, Listing Status and related",Third-Party Inspection Authorization & Scheduling,Previewing/ Inspecting Vehicles
rvw-000726,google.com,Google Business Profile (OPENLANE),https://www.google.com/maps/reviews/data=!4m8!14m7!1m6!2m5!1sChdDSUhNMG9nS0VJQ0FnSURSbEw3WjdRRRAB!2m1!1s0x0:0x7af4135fd6c841d8!3m1!1s2@1:CIHM0ogKEICAgIDRlL7Z7QE%7C%7C?hl=en,google_business_us_profile,SEAN,2023-04-18,1,negative,"First off I’ve been a dealer for over 25 years. I have never been treated so poorly by a company in those 25 years. Their level of customer service is nonexistent! They wash their hands of the deal as soon as they get paid. No follow-through for the buyers whatsoever! I bought one vehicle through them, and that was enough! I would not recommend them to any other dealers! The vehicles they sell, are not inspected properly, and that’s their only selling point for the buyer. Expect lies, and promises that will not be honored with BacklotCars ! I hope to see this company out of business in the near future! I wish more dealers would share their negative experiences!",Customer Service & Communication,Agent Professionalism & Responsiveness,Rude/Unhelpful Support
rvw-000315,play.google.com,Google Play (com.openlane.mobile.carsarriveplus),https://play.google.com/store/apps/details?id=com.openlane.mobile.carsarriveplus&hl=en&gl=us,google_play_us_store,Joe Tamburo,2023-04-15,1,negative,this app never works have to upload car at least 5 times before the system takes it. lots of fun in the bitter cold or on rainy days. terrible,Account / Access / Login,Document Upload & Verification,Upload Troubleshooting
rvw-000316,play.google.com,Google Play (com.openlane.mobile.carsarriveplus),https://play.google.com/store/apps/details?id=com.openlane.mobile.carsarriveplus&hl=en&gl=us,google_play_us_store,Billy Ramsey,2023-04-14,1,negative,app is straight garbage,Account / Access / Login,Password Reset & Login Troubleshooting,App Login Troubleshooting
rvw-000317,play.google.com,Google Play (com.openlane.mobile.carsarriveplus),https://play.google.com/store/apps/details?id=com.openlane.mobile.carsarriveplus&hl=en&gl=us,google_play_us_store,Ivan Kochergin,2023-04-12,1,negative,"This app doesn't Work properly, booked load by phone but load not displaying in the app, not easy to search loads, old app was much better 😕",Account / Access / Login,Password Reset & Login Troubleshooting,App Login Troubleshooting
rvw-000408,play.google.com,Google Play (com.openlane.mobile.carsarriveplus),https://play.google.com/store/apps/details?id=com.openlane.mobile.carsarriveplus&hl=en&gl=us,google_play_us_store,D A,2023-04-11,1,negative,the new plus app is the worst app someone needs to go and ask super dispatch how have they been able to get it right for the last 8 years.,Account / Access / Login,Password Reset & Login Troubleshooting,App Login Troubleshooting
rvw-000409,play.google.com,Google Play (com.openlane.mobile.carsarriveplus),https://play.google.com/store/apps/details?id=com.openlane.mobile.carsarriveplus&hl=en&gl=us,google_play_us_store,Steven Anderson,2023-04-11,1,negative,it sucks and they force you to use it vs using super dispatch app that is great.,Account / Access / Login,Password Reset & Login Troubleshooting,App Login Troubleshooting
rvw-000727,google.com,Google Business Profile (OPENLANE),https://www.google.com/maps/reviews/data=!4m8!14m7!1m6!2m5!1sChdDSUhNMG9nS0VJQ0FnSUNSaDZqOWlBRRAB!2m1!1s0x0:0x7af4135fd6c841d8!3m1!1s2@1:CIHM0ogKEICAgICRh6j9iAE%7C%7C?hl=en,google_business_us_profile,Freddy Blay,2023-04-11,1,negative,I own blays auto sales I would not do business with back lot cars I took a bad hit on a camper holes in ceiling. Wiring all striped awning ripped off unit won't do nothing to help..there inspector are doing a bad job inspection vehicles.they hide bad issues iv purchased over 129 vehicles back lot cars don't care about buyers.. Only the sellers they hide big issues to bring top dollar for the seller,"Lot Condition, Listing Status and related",Third-Party Inspection Authorization & Scheduling,Previewing/ Inspecting Vehicles
rvw-000728,google.com,Google Business Profile (OPENLANE),https://www.google.com/maps/reviews/data=!4m8!14m7!1m6!2m5!1sChZDSUhNMG9nS0VJQ0FnSUNSLTlEZ1lBEAE!2m1!1s0x0:0x7af4135fd6c841d8!3m1!1s2@1:CIHM0ogKEICAgICR-9DgYA%7C%7C?hl=en,google_business_us_profile,Chad Lorkowski,2023-04-11,1,negative,"Single handedly the absolute worst place to buy cars, they sell complete junk that won’t sell on any other platform. I have had nothing but headaches from this company and I’ll never ever refer any dealer to this absolute joke of an auction. GO TO THE JUNK YARD AND FIND SOMETHING ELSE THESE, CARS ARE ALL RIGHT BEHIND!",Membership / Licensing / Fees & Bidding Policies,"Bidding Process, Rules and Fees",Fees
rvw-000318,play.google.com,Google Play (com.openlane.mobile.carsarriveplus),https://play.google.com/store/apps/details?id=com.openlane.mobile.carsarriveplus&hl=en&gl=us,google_play_us_store,D A,2023-04-10,1,negative,the new plus app is the worst app someone needs to go and ask super dispatch how have they been able to get it right for the last 8 years.,Account / Access / Login,Password Reset & Login Troubleshooting,App Login Troubleshooting
rvw-000319,play.google.com,Google Play (com.openlane.mobile.carsarriveplus),https://play.google.com/store/apps/details?id=com.openlane.mobile.carsarriveplus&hl=en&gl=us,google_play_us_store,Steven Anderson,2023-04-10,1,negative,it sucks and they force you to use it vs using super dispatch app that is great.,Account / Access / Login,Password Reset & Login Troubleshooting,App Login Troubleshooting
rvw-000320,play.google.com,Google Play (com.openlane.mobile.carsarriveplus),https://play.google.com/store/apps/details?id=com.openlane.mobile.carsarriveplus&hl=en&gl=us,google_play_us_store,Lamont Critchett,2023-04-10,1,negative,"Absolutely the worst app in the industry, takes for ever to load, will not scan every vin. Makes you app the same vehicle multiple times before it accepts. Has cost me more down time and lost money than i care to admit. Look forward to the day I never have to use CA again Maybe if CA would only hire creditable carriers, we could continue doing business they way it's worked for us for more than 60 years. A signature for delivery. Or start paying us for our down time for using your incompetent app",Membership / Licensing / Fees & Bidding Policies,"Bidding Process, Rules and Fees",Fees
rvw-000321,apps.apple.com,"Apple App Store (1566419386, us)",https://itunes.apple.com/us/review?id=1566419386&type=Purple%20Software&reviewId=9808917580,apple_us_store,ASJ 1977,2023-04-10,5,positive,"Barcode scan. This app won’t scan a vehicle barcode, so I have to manually enter the vin number every time, the older app is way simple and faster to navigate, I wish if I still can use old app .",Account / Access / Login,Password Reset & Login Troubleshooting,App Login Troubleshooting
rvw-000729,google.com,Google Business Profile (OPENLANE),https://www.google.com/maps/reviews/data=!4m8!14m7!1m6!2m5!1sChdDSUhNMG9nS0VJQ0FnSUNSM012aXdRRRAB!2m1!1s0x0:0x7af4135fd6c841d8!3m1!1s2@1:CIHM0ogKEICAgICR3MviwQE%7C%7C?hl=en,google_business_us_profile,seamus costello,2023-03-27,1,negative,After giving this company a lot of business all they did the entire time is sell me and other dealers I know vehicles that are absolutely in rough condition. 1 in 10 vehicles as described and 9 times out of 10 they say oops and can't doing anything to help. Sales rep requires the customers to basically hunt them down just to get a call back and when that call finally comes they blame it on someone else within the company everytime. Take my word don't shop with backlots unless you don't mind breaking the bank with every vehicle you buy from them.,Customer Service & Communication,Communication Follow-up & Escalation,No Callback / Unresolved Case
rvw-000730,google.com,Google Business Profile (OPENLANE),https://www.google.com/maps/reviews/data=!4m8!14m7!1m6!2m5!1sChdDSUhNMG9nS0VJQ0FnSUNSdUxuejRBRRAB!2m1!1s0x0:0x7af4135fd6c841d8!3m1!1s2@1:CIHM0ogKEICAgICRuLnz4AE%7C%7C?hl=en,google_business_us_profile,Faith Preston,2023-03-24,1,negative,The accounting office are rude unsociable unwilling to help they have no customer service whatsoever they don't care about their customer at all They say they don't have telephones they can't call you back so you have to correspond through emails that they'll answer yours whatever they feel like getting around to it just ask a simple question You can't get an answer they act like they own the place what they say is final like they're the CEO or CFO For over a month this has been going on and they do not care This is Scott Johnson the owner of SJ Automotive,Customer Service & Communication,Communication Follow-up & Escalation,No Callback / Unresolved Case
rvw-000731,google.com,Google Business Profile (OPENLANE),https://www.google.com/maps/reviews/data=!4m8!14m7!1m6!2m5!1sChdDSUhNMG9nS0VJQ0FnSUNSOEotNmlnRRAB!2m1!1s0x0:0x7af4135fd6c841d8!3m1!1s2@1:CIHM0ogKEICAgICR8J-6igE%7C%7C?hl=en,google_business_us_profile,Fj Gj,2023-03-23,5,positive,"Great auction. Great prices. Great customer service experience. My Sales Rep’s name is Agustin, he is very knowledgeable and responsive. He takes care of the customer concerns promptly. We very much liking working with him as a team at @ Ameer autos",Customer Service & Communication,Agent Professionalism & Responsiveness,Helpful Support Experience
rvw-000732,google.com,Google Business Profile (OPENLANE),https://www.google.com/maps/reviews/data=!4m8!14m7!1m6!2m5!1sChdDSUhNMG9nS0VJQ0FnSUNSMEw2VmdnRRAB!2m1!1s0x0:0x7af4135fd6c841d8!3m1!1s2@1:CIHM0ogKEICAgICR0L6VggE%7C%7C?hl=en,google_business_us_profile,Chris Ibrahim,2023-03-23,5,positive,I only buy cars from backlotcars my representative Augustine is the best.,Customer Service & Communication,Agent Professionalism & Responsiveness,Helpful Support Experience
rvw-000733,google.com,Google Business Profile (OPENLANE),https://www.google.com/maps/reviews/data=!4m8!14m7!1m6!2m5!1sChdDSUhNMG9nS0VJQ0FnSUNSMEw2VjV3RRAB!2m1!1s0x0:0x7af4135fd6c841d8!3m1!1s2@1:CIHM0ogKEICAgICR0L6V5wE%7C%7C?hl=en,google_business_us_profile,roberto pesqueira,2023-03-23,5,positive,"I been working with many different auctions, at the beggining I saw it was totally different than the others I kind of like that but thanks to Agustin Pina he was the one that took me to the transaction of showing me all the outstanding things that BackLot cars can provide me as a dealer. Thank you Agustín Pina and thank you BackLot cars.",Membership / Licensing / Fees & Bidding Policies,"Bidding Process, Rules and Fees",How to Bid (First Time)
rvw-000734,google.com,Google Business Profile (OPENLANE),https://www.google.com/maps/reviews/data=!4m8!14m7!1m6!2m5!1sChZDSUhNMG9nS0VJQ0FnSUNSMExiUGRREAE!2m1!1s0x0:0x7af4135fd6c841d8!3m1!1s2@1:CIHM0ogKEICAgICR0LbPdQ%7C%7C?hl=en,google_business_us_profile,guillermo jaime,2023-03-23,3,positive,"Great customer service, the platform need update to be easy to navigate",Customer Service & Communication,Agent Professionalism & Responsiveness,Helpful Support Experience
rvw-000735,google.com,Google Business Profile (OPENLANE),https://www.google.com/maps/reviews/data=!4m8!14m7!1m6!2m5!1sChdDSUhNMG9nS0VJQ0FnSUNSa0pxZXpnRRAB!2m1!1s0x0:0x7af4135fd6c841d8!3m1!1s2@1:CIHM0ogKEICAgICRkJqezgE%7C%7C?hl=en,google_business_us_profile,William Haynes,2023-03-22,5,positive,I have been dealing with backlot over two years. There staff is great the discretion on there cars is great and their guarantees they back-up .Had a couple of cars with a problem and they did what they promised. Would highly recommend,Customer Service & Communication,Agent Professionalism & Responsiveness,Helpful Support Experience
rvw-000736,google.com,Google Business Profile (OPENLANE),https://www.google.com/maps/reviews/data=!4m8!14m7!1m6!2m5!1sChZDSUhNMG9nS0VJQ0FnSUNSa05xUEJnEAE!2m1!1s0x0:0x7af4135fd6c841d8!3m1!1s2@1:CIHM0ogKEICAgICRkNqPBg%7C%7C?hl=en,google_business_us_profile,Dusty Slocum,2023-03-22,1,negative,"All dealers should avoid this company. There inspections are horrible and you will loose thousands if you buy from there site. I had numerous trucks that they green checked the frame just to find out the frame was rusted out. I had stolen or missing catayltic converters that they said was there, and they gave me nothing. If you don't buy the extra as is protection you will get nothing, if you buy the extra protection you might get a little money if you are lucky. Yes they charge you extra just for doing the original inspection they should have done the first time. I think there inspectors quit working at Mc Donalds yesterday and are vehicle auction inspectors today. They must not train there inspectors or either do not care. They are just scammers dumping junk vehicles on dealers","Lot Condition, Listing Status and related",Third-Party Inspection Authorization & Scheduling,Previewing/ Inspecting Vehicles
rvw-000737,google.com,Google Business Profile (OPENLANE),https://www.google.com/maps/reviews/data=!4m8!14m7!1m6!2m5!1sChdDSUhNMG9nS0VJQ0FnSURodi1fUnB3RRAB!2m1!1s0x0:0x7af4135fd6c841d8!3m1!1s2@1:CIHM0ogKEICAgIDhv-_RpwE%7C%7C?hl=en,google_business_us_profile,Jose Castorena,2023-03-21,5,positive,they need more professional personal at the collection deparment me as a small used car lot i purchase about 60 cars in about 8 months i went thru bad times for a couple of months i was late to pay a couple of cars but i ending pay off all the vehicles after all yea i was late paying them all but i m back in bussines to purchase more cars but they cancel my account not good at all backlotcars. and i love you all of cars better then any other auctions,Customer Service & Communication,Agent Professionalism & Responsiveness,Helpful Support Experience
rvw-000738,google.com,Google Business Profile (OPENLANE),https://www.google.com/maps/reviews/data=!4m8!14m7!1m6!2m5!1sChdDSUhNMG9nS0VJQ0FnSURocmFqd19RRRAB!2m1!1s0x0:0x7af4135fd6c841d8!3m1!1s2@1:CIHM0ogKEICAgIDhrajw_QE%7C%7C?hl=en,google_business_us_profile,Roni Aroch,2023-03-14,5,positive,"I’ve been dealing with Backlotcars for some time now and I have to say they have yet to let me down. When I buy a car I’m confident with the inspection report that is provided and recently when I did come across an issue , my rep Bethany Skates who always steps up for me, put me in touch with a gentleman named James Pechar. I believe one of the head guys in arbitration and he went above and beyond my expectations. I deal with many auctions and backlot is definitely at the top of my list.","Lot Condition, Listing Status and related",Third-Party Inspection Authorization & Scheduling,Previewing/ Inspecting Vehicles
rvw-000739,google.com,Google Business Profile (OPENLANE),https://www.google.com/maps/reviews/data=!4m8!14m7!1m6!2m5!1sChZDSUhNMG9nS0VJQ0FnSURoemFtWEtnEAE!2m1!1s0x0:0x7af4135fd6c841d8!3m1!1s2@1:CIHM0ogKEICAgIDhzamXKg%7C%7C?hl=en,google_business_us_profile,nathan day,2023-03-14,1,negative,It seems as though the dealerships are using this website to get rid of all their problem vehicles. They know they will not be held accountable as they would with other auctions. The CR writers are not noting even easily detectable problems and damage.,"Lot Condition, Listing Status and related",Lot Condition Reporting,Lot Damage
rvw-000322,play.google.com,Google Play (com.openlane.mobile.carsarriveplus),https://play.google.com/store/apps/details?id=com.openlane.mobile.carsarriveplus&hl=en&gl=us,google_play_us_store,Henry Windels,2023-03-11,1,negative,Out of the seven transport apps we use this one is by far THE WORST,"Vehicle Pickup, Delivery and Scheduling",Scheduled Pickup Status,Missed/ Delayed Pickup and Dispatch Window
rvw-000740,google.com,Google Business Profile (OPENLANE),https://www.google.com/maps/reviews/data=!4m8!14m7!1m6!2m5!1sChdDSUhNMG9nS0VJQ0FnSURoa1ltRG5RRRAB!2m1!1s0x0:0x7af4135fd6c841d8!3m1!1s2@1:CIHM0ogKEICAgIDhkYmDnQE%7C%7C?hl=en,google_business_us_profile,Tommy hetherwick,2023-03-11,1,negative,I have been in business 25 years… These guys are criminal… read the arbitration policy.. purchased a washed title vehicle and could not sell. No help! My attorney could not solve… Because I signed. The arb agreement.. purchase elsewhere . Dump adesa. And the Wall Street wolfs,"Title, Ownership, POA and Documentation",Title Delivery & Status,Title Not Received
rvw-000741,google.com,Google Business Profile (OPENLANE),https://www.google.com/maps/reviews/data=!4m8!14m7!1m6!2m5!1sChdDSUhNMG9nS0VJQ0FnSURod2VtaG1BRRAB!2m1!1s0x0:0x7af4135fd6c841d8!3m1!1s2@1:CIHM0ogKEICAgIDhwemhmAE%7C%7C?hl=en,google_business_us_profile,CARLSON DUE,2023-03-10,1,negative,Bought couple of units from them. So sorry to report that I took a big hit. Bought 2017 GMC with 78000 Miles . Inspection was good and had pass transmission guarantee. 2 weeks later I get the truck .. guess what It NEEDS 3200 $$ transmission job...No one answer the phone at this place can't reach anyone . no one to help you .. This place is a joke .....NO thanks I will not buy from them again. Or buy at your own risk and assume AS IS before you buy,"Lot Condition, Listing Status and related",Third-Party Inspection Authorization & Scheduling,Previewing/ Inspecting Vehicles
rvw-000742,google.com,Google Business Profile (OPENLANE),https://www.google.com/maps/reviews/data=!4m8!14m7!1m6!2m5!1sChdDSUhNMG9nS0VJQ0FnSURod1luczRBRRAB!2m1!1s0x0:0x7af4135fd6c841d8!3m1!1s2@1:CIHM0ogKEICAgIDhwYns4AE%7C%7C?hl=en,google_business_us_profile,Brandon Miller,2023-03-10,1,negative,DEALER BE AWARE !! This auction is a joke. the inspection is not even near accurate. and they don't honor any guaranties they give at the time of the purchase. take your business somewhere else,"Lot Condition, Listing Status and related",Third-Party Inspection Authorization & Scheduling,Previewing/ Inspecting Vehicles
rvw-000323,play.google.com,Google Play (com.openlane.mobile.carsarriveplus),https://play.google.com/store/apps/details?id=com.openlane.mobile.carsarriveplus&hl=en&gl=us,google_play_us_store,JC Transportcars LLC,2023-03-09,1,negative,Useless. Our numbers have dropped segnificately since we switched to this app. Cars arrive was pur goto at one time.,Account / Access / Login,Password Reset & Login Troubleshooting,App Login Troubleshooting
rvw-000324,play.google.com,Google Play (com.openlane.mobile.carsarriveplus),https://play.google.com/store/apps/details?id=com.openlane.mobile.carsarriveplus&hl=en&gl=us,google_play_us_store,GQdaembassy,2023-03-08,1,negative,"This app is less than trash...I've done full inspections and then when I get signatures and submit it says it's been submitted only for the whole inspection to be cleared as if I never did it. This needs to be fixed, it's costing transporters time and then money when we're not being paid because the app has cleared out our inspection. Smh","Lot Condition, Listing Status and related",Third-Party Inspection Authorization & Scheduling,Previewing/ Inspecting Vehicles
rvw-000325,play.google.com,Google Play (com.openlane.mobile.carsarriveplus),https://play.google.com/store/apps/details?id=com.openlane.mobile.carsarriveplus&hl=en&gl=us,google_play_us_store,Anthony Zaccaria,2023-03-02,1,negative,"Absolutely terrible, the old app did just fine",Account / Access / Login,Password Reset & Login Troubleshooting,App Login Troubleshooting
rvw-000326,play.google.com,Google Play (com.openlane.mobile.carsarriveplus),https://play.google.com/store/apps/details?id=com.openlane.mobile.carsarriveplus&hl=en&gl=us,google_play_us_store,Laura B,2023-03-01,1,negative,"This app is the worst! Doesn't load half the time can't submit cars, always getting servor network error! Horrible take way to much time to use!!",Account / Access / Login,Password Reset & Login Troubleshooting,App Login Troubleshooting
rvw-000327,play.google.com,Google Play (com.openlane.mobile.carsarriveplus),https://play.google.com/store/apps/details?id=com.openlane.mobile.carsarriveplus&hl=en&gl=us,google_play_us_store,Victor Gig,2023-02-24,1,negative,"Once carsarrive used to be the best and the most intuitive app in industry...., gone! Crashes all the time, takes forever to boot up, horrible camera, horrible inspection. To be honest there is not much positive I can say about updated app at all, bring back old version, please.","Lot Condition, Listing Status and related",Third-Party Inspection Authorization & Scheduling,Previewing/ Inspecting Vehicles
rvw-000328,apps.apple.com,"Apple App Store (1566419386, us)",https://itunes.apple.com/us/review?id=1566419386&type=Purple%20Software&reviewId=9641434260,apple_us_store,Kirtaped,2023-02-21,1,negative,Worst app ever. App hardly ever scan. Then it makes you put the full vin number in and sometimes that still doesn’t work. On top of the you have to take the pictures a certain way or they done out elongated. I feel like I waste more time fighting with the app than actually inspecting the car!,"Lot Condition, Listing Status and related",Third-Party Inspection Authorization & Scheduling,Previewing/ Inspecting Vehicles
rvw-000329,apps.apple.com,"Apple App Store (1566419386, us)",https://itunes.apple.com/us/review?id=1566419386&type=Purple%20Software&reviewId=9619929878,apple_us_store,N.Naj12,2023-02-15,1,negative,"Worst than previous. This app got worst not better. What previous review said is correct. Should be able to scan vin TO LOOK for the load not scroll and then Scan. If scanner not working, 8 numbers of the vin should be sufficient to find load. Also the whole VIN should appear as reference. App slow to open. Most time have to restart. Home page messy. Assigned, picked up and available loads sections not easy to read or navigate. Once in a load, app always glitches when entering information, especially when taking pictures. The menu to mark damages is the WORST, super sensitive when looking for damage code, often causes to switch tabs/get out of app. Using cause we have to but WOST THAN PREVIOUS.","Lot Condition, Listing Status and related",Lot Condition Reporting,Lot Damage
rvw-000330,play.google.com,Google Play (com.openlane.mobile.carsarriveplus),https://play.google.com/store/apps/details?id=com.openlane.mobile.carsarriveplus&hl=en&gl=us,google_play_us_store,Yamel Solana,2023-02-10,1,negative,Crashing and losing connection all the time... now it's telling me yo update and never giving me the option for it..,Account / Access / Login,Password Reset & Login Troubleshooting,App Login Troubleshooting
rvw-000367,apps.apple.com,"Apple App Store (1566419386, us)",https://itunes.apple.com/us/review?id=1566419386&type=Purple%20Software&reviewId=9601714155,apple_us_store,93chipper,2023-02-09,1,negative,"Aaron. Doesn’t scan gm vins with qr code requires 17 digits for vin, cannot scan vin numbers at night because the flashlight is not activated and cannot be activated 1 dispatch is 1,000 times better than this app",Account / Access / Login,Password Reset & Login Troubleshooting,App Login Troubleshooting
rvw-000410,play.google.com,Google Play (com.nthgensoftware.traderev.android),https://play.google.com/store/apps/details?id=com.nthgensoftware.traderev.android&hl=en&gl=us,google_play_us_store,Alaaden ismail,2023-02-08,1,negative,This app is not android friendly. Constantly crashing and not showing current bids instantly. You need to keep refreshing for the bid to update which sucks in the last 30 seconds. Very slow and glitchy. Also the dates of past sold vehicles in the research bar has disappeared for like 3 months now. It doesn't show the day a car was sold in the research however on iphone it works fine and shows the date. Please fix all the glitches on android!,Account / Access / Login,Password Reset & Login Troubleshooting,App Login Troubleshooting
rvw-000743,google.com,Google Business Profile (OPENLANE),https://www.google.com/maps/reviews/data=!4m8!14m7!1m6!2m5!1sChdDSUhNMG9nS0VJQ0FnSUNoZ3ZmYWtBRRAB!2m1!1s0x0:0x7af4135fd6c841d8!3m1!1s2@1:CIHM0ogKEICAgIChgvfakAE%7C%7C?hl=en,google_business_us_profile,Dary Saldona,2023-02-08,1,negative,Let me start by saying it’s very hard to get in contact with actual human beings when calling the service number you always have to leave a voicemail. Even then they don’t call you back this is a MULTI MILLION DOLLAR COMPANY and you can’t answer the phone?!!! RIDICULOUS!,Customer Service & Communication,Agent Professionalism & Responsiveness,Rude/Unhelpful Support
rvw-000331,play.google.com,Google Play (com.nthgensoftware.traderev.android),https://play.google.com/store/apps/details?id=com.nthgensoftware.traderev.android&hl=en&gl=us,google_play_us_store,Alaaden ismail,2023-02-07,1,negative,This app is not android friendly. Constantly crashing and not showing current bids instantly. You need to keep refreshing for the bid to update which sucks in the last 30 seconds. Very slow and glitchy. Also the dates of past sold vehicles in the research bar has disappeared for like 3 months now. It doesn't show the day a car was sold in the research however on iphone it works fine and shows the date. Please fix all the glitches on android!,Account / Access / Login,Password Reset & Login Troubleshooting,App Login Troubleshooting
rvw-000332,play.google.com,Google Play (com.openlane.mobile.carsarriveplus),https://play.google.com/store/apps/details?id=com.openlane.mobile.carsarriveplus&hl=en&gl=us,google_play_us_store,Paulo Madrid,2023-01-25,2,negative,Glitches constantly costing you time and money,Membership / Licensing / Fees & Bidding Policies,"Bidding Process, Rules and Fees",Fees
rvw-000744,google.com,Google Business Profile (OPENLANE),https://www.google.com/maps/reviews/data=!4m8!14m7!1m6!2m5!1sChZDSUhNMG9nS0VJQ0FnSURCemYtME1BEAE!2m1!1s0x0:0x7af4135fd6c841d8!3m1!1s2@1:CIHM0ogKEICAgIDBzf-0MA%7C%7C?hl=en,google_business_us_profile,Dalton Stoltz,2023-01-25,5,positive,Been using them for years now and there have been ups and downs but lately Tyler in arbitration has been very fair and helpful with anything I need. He’s gone above and beyond to help anyway he can,Customer Service & Communication,Agent Professionalism & Responsiveness,Helpful Support Experience
rvw-000333,play.google.com,Google Play (com.openlane.mobile.carsarriveplus),https://play.google.com/store/apps/details?id=com.openlane.mobile.carsarriveplus&hl=en&gl=us,google_play_us_store,Michael Edward,2023-01-23,1,negative,The lag to load up the app and the glitches when you take pictures is so frustrating and a waste of time and if u can add same as pick up like the cars arrive before that would be awesome,Account / Access / Login,Password Reset & Login Troubleshooting,App Login Troubleshooting
rvw-000334,play.google.com,Google Play (com.nthgensoftware.traderev.android),https://play.google.com/store/apps/details?id=com.nthgensoftware.traderev.android&hl=en&gl=us,google_play_us_store,Sean,2023-01-17,1,negative,"Too many crashes, not a stable app",Account / Access / Login,Password Reset & Login Troubleshooting,App Login Troubleshooting
rvw-000745,google.com,Google Business Profile (OPENLANE),https://www.google.com/maps/reviews/data=!4m8!14m7!1m6!2m5!1sChZDSUhNMG9nS0VJQ0FnSURCbkpLY1ZBEAE!2m1!1s0x0:0x7af4135fd6c841d8!3m1!1s2@1:CIHM0ogKEICAgIDBnJKcVA%7C%7C?hl=en,google_business_us_profile,Brian LaFata,2023-01-13,5,positive,"I purchased a vehicle that ended up having a major issue. I started the arbitration process and the decision to unwind the deal was made the same day. I cant thank Jeremy in the arbitration department and Steve, my Rep. enough for the great customer service.",Customer Service & Communication,Agent Professionalism & Responsiveness,Helpful Support Experience
rvw-000335,play.google.com,Google Play (com.nthgensoftware.traderev.android),https://play.google.com/store/apps/details?id=com.nthgensoftware.traderev.android&hl=en&gl=us,google_play_us_store,David S,2023-01-05,1,negative,"Doesn't work! After the last update, stop working !",Account / Access / Login,Password Reset & Login Troubleshooting,App Login Troubleshooting
rvw-000411,play.google.com,Google Play (com.openlane.mobile.carsarriveplus),https://play.google.com/store/apps/details?id=com.openlane.mobile.carsarriveplus&hl=en&gl=us,google_play_us_store,obsfst obs,2023-01-05,1,negative,Absolutely terrible. Constantly loses connection. Doesn't scan GM vins and most ford vins. Description buttons don't work properly. The app overrides the camera so night pictures are utterly useless. Takes forever to load if it loads. 2 out of 4 vehicles I have do over at pickup and delivery. Most of the the time it will not keep all your photos and you need to take them over again but you don't find that out until you are ready to submit the order. Worst car app ever.,Account / Access / Login,Password Reset & Login Troubleshooting,App Login Troubleshooting
rvw-000336,play.google.com,Google Play (com.openlane.mobile.carsarriveplus),https://play.google.com/store/apps/details?id=com.openlane.mobile.carsarriveplus&hl=en&gl=us,google_play_us_store,obsfst obs,2023-01-04,1,negative,Absolutely terrible. Constantly loses connection. Doesn't scan GM vins and most ford vins. Description buttons don't work properly. The app overrides the camera so night pictures are utterly useless. Takes forever to load if it loads. 2 out of 4 vehicles I have do over at pickup and delivery. Most of the the time it will not keep all your photos and you need to take them over again but you don't find that out until you are ready to submit the order. Worst car app ever.,Account / Access / Login,Password Reset & Login Troubleshooting,App Login Troubleshooting
rvw-000746,google.com,Google Business Profile (OPENLANE),https://www.google.com/maps/reviews/data=!4m8!14m7!1m6!2m5!1sChdDSUhNMG9nS0VJQ0FnSUNCMDR6eV9RRRAB!2m1!1s0x0:0x7af4135fd6c841d8!3m1!1s2@1:CIHM0ogKEICAgICB04zy_QE%7C%7C?hl=en,google_business_us_profile,Jared LaDuke,2023-01-03,5,positive,"I've done a fair bit of business with Backlot Cars and they usually do great! The true tell of a company is what they do when things don't go great. I had to do an arbitration on a vehicle for some undisclosed damages and filed an arbitration. Within 10 minutes Chris from Backlot cars called me and I had the easiest arbitration experience i've ever had! Super easy to work with and extremely fair! Thanks Backlot cars, I look forward to continuing to do business with you guys!","Lot Condition, Listing Status and related",Lot Condition Reporting,Lot Damage
